id,type,name,weight,volume
battery,ITEM,battery,,100 ml
butane,ITEM,butane,573 mg,1 ml
notch,ITEM,notch,1 mg,1 ml
aerosol_paint,ITEM,aerosol_paint,1 mg,1 ml
permanent_ink,ITEM,permanent_ink,1 mg,1 ml
candle_wax,ITEM,candle_wax,1 mg,1 ml
flare_nitrate,ITEM,flare_nitrate,1 mg,1 ml
match,ITEM,match,1 mg,4 ml
oxygen,ITEM,oxygen,1 mg,1 ml
hydrogen,ITEM,hydrogen,1 mg,1 ml
nitrogen,ITEM,nitrogen,1 mg,1 ml
betavoltaic,ITEM,betavoltaic cell,160 g,250 ml
RTG_coffee,ITEM,radioisotope thermoelectric generator,4000 g,500 ml
aluminum_foil,ITEM,aluminum_foil,135 mg,10 ml
money,ITEM,cent,,0 ml
thread,ITEM,thread,1 g,250 ml
sinew,ITEM,sinew,1 g,250 ml
plant_fibre,ITEM,plant_fibre,1 g,250 ml
yarn,ITEM,yarn,1 g,250 ml
soap,ITEM,soap bar,10 g,250 ml
moisturizer,ITEM,moisturizer,25 g,25 ml
duct_tape,ITEM,duct_tape,2 g,2 ml
rolling_paper,ITEM,rolling_paper,1 g,100ml
cable,ITEM,copper wire,5413 mg,155 ml
copper_wire,ITEM,raw copper wire,4747 mg,110 ml
plut_cell,ITEM,plutonium fuel cell,20 g,5 ml
uran_cell,ITEM,uranium fuel cell,38 g,2 ml
plut_slurry_dense,ITEM,plut_slurry_dense,495 g,25 ml
plut_slurry,ITEM,plut_slurry,255 g,25 ml
rock,ITEM,rock,657 g,250 ml
pebble,ITEM,pebble,66 g,25 ml
pebble_clay,ITEM,clay pellet,3 g,250 ml
marble,ITEM,marble,3 g,250 ml
bearing,ITEM,ball bearing,10 g,250 ml
bb,ITEM,BB,1 g,200ml
feather,ITEM,feather,1 g,250 ml
down_feather,ITEM,down feather,10 mg,250 ml
120mm_HEAT,ITEM,120mm_HEAT,22725 g,250 ml
plasma,ITEM,solid hydrogen canister,183 g,2500 ml
gunpowder,ITEM,gunpowder,100 mg,250 ml
gunpowder_shotgun,ITEM,gunpowder_shotgun,,
gunpowder_pistol,ITEM,gunpowder_pistol,,
gunpowder_magnum_pistol,ITEM,gunpowder_magnum_pistol,,
gunpowder_rifle,ITEM,gunpowder_rifle,,
gunpowder_large_rifle,ITEM,gunpowder_large_rifle,,
gunpowder_artillery,ITEM,gunpowder_artillery,,
oxy_powder,ITEM,oxy_powder,1 g,250 ml
lye_powder,ITEM,lye_powder,2662 mg,250 ml
shotgun_primer,ITEM,shotgun primer,1 g,250 ml
smpistol_primer,ITEM,small pistol primer,1 g,250 ml
lgpistol_primer,ITEM,large pistol primer,1 g,250 ml
smrifle_primer,ITEM,small rifle primer,1 g,250 ml
lgrifle_primer,ITEM,large rifle primer,1 g,250 ml
spent_shotgun_primer,ITEM,spent shotgun primer,1 g,250 ml
spent_smpistol_primer,ITEM,spent small pistol primer,1 g,250 ml
spent_lgpistol_primer,ITEM,spent large pistol primer,1 g,250 ml
spent_smrifle_primer,ITEM,spent small rifle primer,1 g,250 ml
spent_lgrifle_primer,ITEM,spent large rifle primer,1 g,250 ml
rubber_slug,ITEM,rubber slug,2 g,250 ml
chunk_rubber,ITEM,chunk of rubber,38 g,250 ml
copper,ITEM,copper,5 g,128 ml
medical_tape,ITEM,medical_tape,1 g,1 ml
charcoal,ITEM,charcoal,1040 mg,5 ml
carbon_electrode,ITEM,carbon electrode rod,10 g,50 ml
coal_lump,ITEM,coal_lump,931 mg,200 ml
albuterol,ITEM,albuterol,1 mg,1 ml
ampoule,ITEM,RA21E medical ampoule,1 g,250 ml
stimpack_ammo,ITEM,RA10K stimulant module,1 g,250 ml
liq_bandage,ITEM,liq_bandage,33 mg,10 ml
rebreather_filler_soda_lime,ITEM,rebreather_filler_soda_lime,13 g,33 ml
rebreather_filler_ko2,ITEM,rebreather_filler_ko2,6 g,13 ml
gasfilter_s,ITEM,filter mask cartridge,200 mg,1 ml
gasfilter_m,ITEM,gasfilter_m,,1 ml
nicotine_liquid,ITEM,nicotine_liquid,1 g,30 ml
fish_bait,ITEM,fish_bait,1 g,250 ml
spiked_rocket,ITEM,spiked homemade rocket,1510 g,1500 ml
explosive_hm_rocket,ITEM,explosive homemade rocket,990 g,1250 ml
incendiary_hm_rocket,ITEM,incendiary homemade rocket,1190 g,1500 ml
unfinished_charcoal,ITEM,unfinished_charcoal,250 g,300 ml
lamellae_lc,ITEM,mild steel lamella,14 g,100 ml
lamellae_ch,ITEM,hardened steel lamella,14 g,100 ml
chain_link,ITEM,chain link,320 mg,250 ml
lc_chain_link,ITEM,mild steel chain link,320 mg,250 ml
mc_chain_link,ITEM,medium steel chain link,,
hc_chain_link,ITEM,high steel chain link,,
ch_chain_link,ITEM,hardened steel chain link,,
qt_chain_link,ITEM,tempered steel chain link,,
nitrox,ITEM,nitrox,1 g,250 ml
extinguishing_agent,ITEM,extinguishing_agent,1 g,250 ml
teargas_spray,ITEM,teargas_spray,1 g,250 ml
tinder,ITEM,tinder,10 g,250 ml
RPG_die,ITEM,RPG die,1 g,250 ml
metal_RPG_die,ITEM,metal RPG die,1 g,250 ml
scrap_bronze,ITEM,chunk of bronze,300 g,38 ml
glowstick_juice,ITEM,glowstick_juice,1 mg,1 ml
quill_ink,ITEM,quill_ink,1 mg,1 ml
black_pen_ink,ITEM,black_pen_ink,1 mg,1 ml
blue_pen_ink,ITEM,blue_pen_ink,1 mg,1 ml
green_pen_ink,ITEM,green_pen_ink,1 mg,1 ml
red_pen_ink,ITEM,red_pen_ink,1 mg,1 ml
airgun_pellet_target,ITEM,air rifle target pellet,1 g,200ml
airgun_pellet_hunting,ITEM,air rifle hunting pellet,1 g,200ml
458wm,ammunition_type,.458 Winchester Magnum,,
50,ammunition_type,.50 BMG,,
4570,ammunition_type,.45-70,,
50ae,ammunition_type,.50 AE,,
50beowulf,ammunition_type,.50 Beowulf,,
450,ammunition_type,.450 Bushmaster,,
338lapua,ammunition_type,.338 Lapua,,
77mm_arisaka,ammunition_type,7.7x58mm Arisaka,,
nail,ammunition_type,nails,,
nuts_bolts,ammunition_type,nuts and bolts,,
barb,ammunition_type,barb,,
gene_sting,ammunition_type,yugg stinger,,
nether_huntsman_javelin_ammo,ammunition_type,alien outgrowth,,
BB,ammunition_type,BBs,,
bolt_ballista,ammunition_type,ballista bolts,,
bolt,ammunition_type,bolts,,
arrow,ammunition_type,arrows,,
strange_arrow,ammunition_type,strange arrows,,
atlatl,ammunition_type,atlatl spears,,
pebble,ammunition_type,pebbles,,
rock,ammunition_type,rocks,,
shot,ammunition_type,12 gauge,,
410shot,ammunition_type,.410,,
blunderbuss,ammunition_type,blunderbuss,,
22,ammunition_type,.22 LR,,
powder_blank,ammunition_type,powder blank,,
9mm,ammunition_type,9x19mm,,
357sig,ammunition_type,.357 SIG,,
357mag,ammunition_type,.357 Magnum,,
9x18,ammunition_type,9x18mm Makarov,,
380,ammunition_type,.380 ACP,,
38,ammunition_type,.38 Special,,
38super,ammunition_type,.38 Super,,
40,ammunition_type,.40 S&W,,
10mm,ammunition_type,10mm Auto,,
44,ammunition_type,.44 Magnum,,
45,ammunition_type,.45 ACP,,
454,ammunition_type,.454 Casull,,
460sw,ammunition_type,.460 S&W Magnum,,
45colt,ammunition_type,.45 Colt,,
500,ammunition_type,.500 S&W Magnum,,
57,ammunition_type,5.7x28mm,,
762,ammunition_type,7.62x39mm,,
545x39,ammunition_type,5.45x39mm,,
223,ammunition_type,.223,,
303,ammunition_type,.303 British,,
3006,ammunition_type,.30-06,,
30carbine,ammunition_type,.30 Carbine,,
270win,ammunition_type,.270 Winchester,,
308,ammunition_type,.308,,
40x46mm,ammunition_type,40x46mm grenade,,
40x53mm,ammunition_type,40x53mm grenade,,
66mm,ammunition_type,66mm HEAT,,
120mm,ammunition_type,120mm HEAT,,
84x246mm,ammunition_type,84x245mm cartridge,,
m235,ammunition_type,M235 66mm Incendiary TPA,,
mortar_60mm,ammunition_type,60 mm mortar cartridge,,
sling-ready_grenade,ammunition_type,sling-ready grenades,,
gasoline,ammunition_type,gasoline,,
jp8,ammunition_type,jp8,,
avgas,ammunition_type,avgas,,
diesel,ammunition_type,diesel,,
lamp_oil,ammunition_type,kerosene,,
crude_lamp_oil,ammunition_type,crude lamp oil,,
butane,ammunition_type,butane,,
aerosol_paint,ammunition_type,paint,,
permanent_ink,ammunition_type,ink,,
candle_wax,ammunition_type,wax,,
flare_nitrate,ammunition_type,flare pyrotechnic,,
match,ammunition_type,match,,
incense,ammunition_type,incense,,
oxygen,ammunition_type,oxygen,,
hydrogen,ammunition_type,hydrogen,,
nitrogen,ammunition_type,nitrogen,,
motor_oil,ammunition_type,motor oil,,
crude_oil,ammunition_type,crude oil,,
thread,ammunition_type,thread,,
anesthetic,ammunition_type,anesthetic,,
soap,ammunition_type,soap,,
tape,ammunition_type,duct tape,,
battery,ammunition_type,kJ,,
money,ammunition_type,cents,,
plutonium,ammunition_type,plutonium,,
uranium,ammunition_type,uranium,,
reactor_slurry,ammunition_type,plutonium slurry,,
12mm,ammunition_type,12mm slug,,
plasma,ammunition_type,solid hydrogen,,
flammable,ammunition_type,flammable liquid,,
weldgas,ammunition_type,welding gas,,
propane,ammunition_type,propane,,
biogas,ammunition_type,biogas,,
conc_alcohol,ammunition_type,concentrated alcohol,,
methanol_fuelcell,ammunition_type,methanol,,
8x40mm,ammunition_type,8x40mm caseless,,
20x66mm,ammunition_type,20x66mm caseless shotgun,,
signal_flare,ammunition_type,signal flare,,
charcoal,ammunition_type,charcoal,,
coal,ammunition_type,coal,,
thrown,ammunition_type,throwing weapon,,
ampoule,ammunition_type,chemical ampoule,,
albuterol,ammunition_type,albuterol,,
liq_bandage,ammunition_type,liquid bandage,,
stimpack_ammo,ammunition_type,stimulant module,,
components,ammunition_type,components,,
rebreather_filter,ammunition_type,rebreather CO2 scrubber,,
rebreather_o2_regenerator,ammunition_type,rebreather O2 regenerator,,
gasfilter_s,ammunition_type,filter mask cartridge,,
gasfilter_m,ammunition_type,gas mask cartridge,,
300,ammunition_type,.300 Winchester Magnum,,
32,ammunition_type,.32 ACP,,
762x25,ammunition_type,7.62x25mm Tokarev,,
flintlock,ammunition_type,paper cartridge,,
36paper,ammunition_type,.36 paper cartridge,,
44paper,ammunition_type,.44 cap & ball,,
762R,ammunition_type,7.62x54mmR,,
fishspear,ammunition_type,speargun spear,,
fish_bait,ammunition_type,fish bait,,
homebrew_rocket,ammunition_type,homebrew rocket,,
atgm,ammunition_type,152mm anti-tank guided missile,,
unfinished_char,ammunition_type,semi-charred fuel,,
chemical_spray,ammunition_type,sprayable chemical,,
milk,ammunition_type,milk,,
milk_raw,ammunition_type,raw milk,,
paintball,ammunition_type,paintball,,
nitrox,ammunition_type,compressed air,,
paper,ammunition_type,paper,,
extinguishing_agent,ammunition_type,extinguishing agent,,
teargas_spray,ammunition_type,tear gas spray,,
tinder,ammunition_type,tinder,,
esbit,ammunition_type,hexamine,,
water,ammunition_type,water,,
300blk,ammunition_type,.300 AAC Blackout,,
123ln,ammunition_type,12.3ln,,
273x110,ammunition_type,27.3x110 Diyua shotshell,,
273x44,ammunition_type,27.3x44 Diyua grenade,,
273x44RG,ammunition_type,27.3x44 Diyua rocket,,
33naval,ammunition_type,3.3 naval cartridge,,
caotel_cell,ammunition_type,Caotel cell,,
khuunaofaai_payload,ammunition_type,Khuunäöfaai firework payload,,
khuunaofaai_payload_fire,ammunition_type,Khuunäöfaai incendiary payload,,
khuunaofaai_payload_acid,ammunition_type,Khuunäöfaai corrosive payload,,
khuunaofaai_payload_glue,ammunition_type,Khuunäöfaai adhesive payload,,
glowstick_juice,ammunition_type,glowstick juice,,
cannon,ammunition_type,cannon ball,,
graphite,ammunition_type,graphite,,
quill_ink,ammunition_type,quill ink,,
black_pen_ink,ammunition_type,black pen ink,,
red_pen_ink,ammunition_type,red pen ink,,
blue_pen_ink,ammunition_type,blue pen ink,,
green_pen_ink,ammunition_type,green pen ink,,
ammonia_liquid,ammunition_type,ammonia,,
notch,ammunition_type,notch,,
turpentine,ammunition_type,turpentine,,
airgun_pellet,ammunition_type,airgun pellet,,
rivets,ammunition_type,rivets,,
3030,ammunition_type,.30-30 Winchester,,
oven,ITEM,disconnected oven,77 kg,290 L
stationary_water_purifier,ITEM,disconnected large water purifier,20 kg,50 L
arcade_machine,ITEM,disconnected arcade machine,77 kg,290 L
arc_furnace,ITEM,disconnected arc furnace,1024 kg,400 L
drill_press,ITEM,disconnected drill press,114 kg,200 L
tablesaw,ITEM,disconnected table saw,130 kg,500 L
mitresaw,ITEM,disconnected mitre saw,30 kg,170 L
bandsaw,ITEM,disconnected band saw,225 kg,500 L
router,ITEM,disconnected router table,500 kg,500 L
planer,ITEM,disconnected planer,130 kg,500 L
jointer,ITEM,disconnected jointer,300 kg,260 L
hydraulic_press,ITEM,disconnected hydraulic press,76 kg,500 L
air_compressor,ITEM,disconnected air compressor,80 kg,400 L
autoclave,ITEM,disconnected autoclave,34500 g,76 L
wall_light,ITEM,disconnected wall light,500 g,400 ml
standing_lamp,ITEM,disconnected standing lamp,2500 g,2 L
standing_floodlight,ITEM,disconnected standing floodlight,2750 g,2 L
standing_directed_floodlight,ITEM,disconnected standing directed floodlight,2750 g,2 L
wall_wiring,ITEM,wall wiring,1 g,1 ml
foot_locker_recharge_station,ITEM,disconnected foot locker recharging station,30000 g,215 L
box_battery_charger,ITEM,disconnected box battery charger,8100 g,65 L
compact_ASRG_containment,ITEM,disconnected advanced Stirling radioisotope generator,100 kg,150 L
oxygen_concentrator,ITEM,oxygen_concentrator,29 kg,110 L
hd_compressor_unit,ITEM,hd_compressor_unit,52500 g,150 L
glassblowers_crucible,ITEM,disconnected glassblower's crucible,55 kg,62500 ml
lathe,ITEM,disconnected lathe,150 kg,275 L
mill_vertical,ITEM,disconnected vertical mill,1134 kg,275 L
deep_fryer,ITEM,disconnected deep fryer,86 kg,368 L
oil_press_electric,ITEM,disconnected industrial oil press,140 kg,370 L
fake_char_kiln,ITEM,basecamp kiln,,
fake_char_smoker,ITEM,basecamp charcoal smoker,,
fake_forge,ITEM,basecamp forge,,
fake_clay_kiln,ITEM,basecamp clay kiln,,
fake_fireplace,ITEM,basecamp fireplace,,
fake_woodstove,ITEM,basecamp stove,,
fake_drop_hammer,ITEM,basecamp drop hammer,,
parkour_practice,ITEM,basecamp parkour gym,,
fake_digester_tank,ITEM,small anaerobic digester tank,,
light_minus_battery_cell,ITEM,ultra-light battery,3 g,1 ml
light_minus_disposable_cell,ITEM,ultra-light battery (disposable),,
light_battery_cell,ITEM,light battery (disposable),15 g,8 ml
light_cell_rechargeable,ITEM,light battery,27 g,
medium_battery_cell,ITEM,medium battery,85 g,17 ml
heavy_battery_cell,ITEM,small tool battery,350 g,382 ml
heavy_plus_battery_cell,ITEM,big tool battery,680 g,525 ml
heavy_atomic_battery_cell,ITEM,heavy plutonium fuel battery (disposable),1600 g,1000 ml
huge_atomic_battery_cell,ITEM,military plutonium fuel cell (disposable),34000 g,20 L
bio_adrenaline,ITEM,Adrenaline Pump CBM,250 g,
bio_ads,ITEM,Active Defense System CBM,1000 g,
bio_alarm,ITEM,Alarm System CBM,500 g,
bio_ar,ITEM,Integrated AR System CBM,100 g,
bio_armor_arms,ITEM,Subcutaneous Protective Mesh - Arms CBM,,
bio_armor_eyes,ITEM,Protective Lenses CBM,500 g,
bio_armor_head,ITEM,Subcutaneous Protective Mesh - Head CBM,1000 g,
bio_armor_legs,ITEM,Subcutaneous Protective Mesh - Legs CBM,,
bio_armor_torso,ITEM,Subcutaneous Protective Mesh - Torso CBM,3000 g,
bio_batteries,ITEM,Battery System CBM,250 g,
bio_blade,ITEM,Monomolecular Blade CBM,250 g,
bio_shotgun,ITEM,Shotgun Arm CBM,,
bio_blood_anal,ITEM,Blood Analysis CBM,150 g,
bio_blood_filter,ITEM,Blood Filter CBM,200 g,
bio_cable,ITEM,Cable Charger System CBM,250 g,
bio_carbon,ITEM,Subdermal Carbon Filament CBM,,
bio_chain_lightning,ITEM,Chain Lightning CBM,,
bio_claws,ITEM,Bionic Claws CBM,500 g,
bio_climate,ITEM,Internal Climate Control CBM,,
bio_cloak,ITEM,Cloaking System CBM,,
bio_cqb,ITEM,Close Quarters Battle CBM,250 g,
bio_dex_enhancer,ITEM,Wired Reflexes CBM,500 g,
bio_digestion,ITEM,Expanded Digestive System CBM,,
bio_ears,ITEM,Enhanced Hearing CBM,43 g,
bio_voice_b,ITEM,AudioVox CBM,100 g,
bio_mp3,ITEM,WearMan CBM,100 g,
bio_sonar,ITEM,Subaquatic Navigation System CBM,50 g,
bio_emp,ITEM,Directional EMP CBM,,
bio_emp_armgun,ITEM,EMP Projector CBM,,
bio_ethanol,ITEM,Ethanol Burner CBM,,
bio_evap,ITEM,Aero-Evaporator CBM,,
bio_eye_enhancer,ITEM,Ocular Amplifiers CBM,100 g,
bio_eye_optic,ITEM,Telescopic Eyes CBM,100 g,
bio_face_mask,ITEM,Facial Distortion CBM,200 g,
bio_faraday,ITEM,Dielectric Capacitance System CBM,500 g,
bio_fingerhack,ITEM,Fingerhack CBM,100 g,
bio_fitnessband,ITEM,Calorie Tracker CBM,10 g,
bio_flashbang,ITEM,Flashbang Generator CBM,500 g,
bio_flashlight,ITEM,Cranial Flashlight CBM,250 g,
bio_tattoo_led,ITEM,LED Tattoo CBM,20 g,
bio_geiger,ITEM,Integrated Dosimeter CBM,150 g,
bio_gills,ITEM,Respirator CBM,700 g,
bio_ground_sonar,ITEM,Terranian Sonar CBM,500 g,
bio_heat_absorb,ITEM,Heat Drain CBM,500 g,
bio_heatsink,ITEM,Thermal Dissipation CBM,,
bio_hydraulics,ITEM,Hydraulic Muscles CBM,,
bio_infrared,ITEM,Infrared Vision CBM,500 g,
bio_int_enhancer,ITEM,Cerebral Booster CBM,100 g,
bio_laser,ITEM,Finger-Mounted Laser CBM,500 g,
bio_leukocyte,ITEM,Leukocyte Breeder System CBM,600 g,
bio_lighter,ITEM,Finger Lighter CBM,500 g,
bio_lockpick,ITEM,Fingerpick CBM,200 g,
bio_magnet,ITEM,Electromagnetic Unit CBM,700 g,
bio_membrane,ITEM,Nictitating Membrane CBM,1 g,
bio_memory,ITEM,Enhanced Memory Banks CBM,100 g,
bio_metabolics,ITEM,Metabolic Interchange CBM,700 g,
bio_meteorologist,ITEM,Weather Reader CBM,700 g,
bio_nanobots,ITEM,Repair Nanobots CBM,200 g,
bio_night,ITEM,Artificial Night Generator CBM,,
bio_night_vision,ITEM,Implanted Night Vision CBM,100 g,
bio_ods,ITEM,Offensive Defense System CBM,1000 g,
bio_painkiller,ITEM,Sensory Dulling CBM,300 g,
bio_power_storage,ITEM,Power Storage CBM,70 g,
bio_power_storage_mkII,ITEM,Power Storage Mk. II CBM,50 g,
bio_probability_travel,ITEM,Probability Travel CBM,,
bio_purifier,ITEM,Air Filtration System CBM,100 g,
bio_radio,ITEM,Infolink CBM,100 g,
bio_radio_pat,ITEM,Modified Infolink CBM,100 g,
bio_radscrubber,ITEM,Radiation Scrubber System CBM,100 g,
bio_razors,ITEM,Fingertip Razors CBM,5 g,
bio_fuel_cell_gasoline,ITEM,Gasoline Fuel Cell CBM,600 g,
bio_recycler,ITEM,Recycler Unit CBM,1500 g,
bio_remote,ITEM,Remote Controller CBM,250 g,
bio_resonator,ITEM,Sonic Resonator CBM,,
bio_scent_mask,ITEM,Olfactory Mask CBM,1000 g,
bio_shock,ITEM,Electroshock Unit CBM,1000 g,
bio_shockwave,ITEM,Shockwave Generator CBM,1000 g,
bio_speed,ITEM,Synaptic Accelerator CBM,400 g,
bio_str_enhancer,ITEM,Muscle Augmentation CBM,1500 g,
bio_surgical_razor,ITEM,Autonomous Surgical Scalpels CBM,20 g,
bio_sunglasses,ITEM,Anti-Glare Compensators CBM,1 g,
bio_synlungs,ITEM,Synthetic Lungs CBM,800 g,
bio_targeting,ITEM,Targeting System CBM,250 g,
bio_taser,ITEM,Super Stun Gun CBM,100 g,
bio_teleport,ITEM,Teleportation Unit CBM,,
bio_time_freeze,ITEM,Time Dilation CBM,,
bio_tools,ITEM,Integrated Multitool CBM,,
bio_multimeter,ITEM,Integrated Multimeter CBM,,
bio_electrokit,ITEM,Integrated Circuitry Toolset CBM,,
bio_torsionratchet,ITEM,Joint Torsion Ratchet CBM,1000 g,
bio_jointservo,ITEM,Joint Servo CBM,1000 g,
bio_uncanny_dodge,ITEM,Uncanny Dodge CBM,1000 g,
bio_ups,ITEM,Unified Power System CBM,700 g,
bio_watch,ITEM,Internal Chronometer CBM,10 g,
bio_water_extractor,ITEM,Water Extraction Unit CBM,100 g,
bio_syringe,ITEM,Intravenous Needletip CBM,10 g,
bio_weight,ITEM,Titanium Skeletal Bracing CBM,3000 g,
bio_taste_blocker,ITEM,Taste Modifier CBM,100 g,
bio_soporific,ITEM,Soporific Induction CBM,50 g,
bio_ankles,ITEM,Squeaky Ankles CBM,100 g,
bio_deformity,ITEM,Bionic-Induced Deformity CBM,,
bio_dis_acid,ITEM,Acidic Discharge CBM,700 g,
bio_dis_shock,ITEM,Electrical Discharge CBM,700 g,
bio_drain,ITEM,Electrical Drain CBM,900 g,
bio_itchy,ITEM,Itchy Metal Thing CBM,200 g,
bio_glowy,ITEM,Glowy Thing CBM,5 g,
bio_leaky,ITEM,Leaky Bionic CBM,600 g,
bio_noise,ITEM,Noisemaker CBM,250 g,
bio_nostril,ITEM,Bionic Nostril CBM,50 g,
bio_pokedeye,ITEM,Bionic Visual Impairment CBM,100 g,
bio_power_weakness,ITEM,Power Overload CBM,,
bio_shakes,ITEM,Bionic Short Circuit CBM,,
bio_sleepy,ITEM,Endocrine Enervator CBM,100 g,
bio_synaptic_regen,ITEM,Synaptic Regeneration System CBM,,
bio_spasm,ITEM,Motor Control Overstimulator CBM,,
bio_stiff,ITEM,Wire-Induced Stiffness CBM,,
bio_thumbs,ITEM,Self-Locking Thumbs CBM,50 g,
bio_trip,ITEM,Visual Disruptor CBM,100 g,
bio_voice,ITEM,Voice Remodulator CBM,100 g,
bio_faulty_electromagnetic_leak,ITEM,Electromagnetic Leak CBM,100 g,
bio_lampoil,ITEM,Oil Generator CBM,,
bio_faulty_grossfood,ITEM,Taste Fouler CBM,100 g,
bio_radleak,ITEM,Radioactive Leak CBM,100 g,
bio_recoil,ITEM,Recoil Compensators CBM,900 g,
bio_sleep_shutdown,ITEM,Sleep Mode Shutdown CBM,100 g,
bio_pitch_perfect,ITEM,Throwing Assist CBM,1000 g,
bio_robofac_xmleg,ITEM,Hub 01 XM-LEG,,
bio_robofac_xmarm,ITEM,Hub 01 XM-ARM,,
bio_robofac_xmback,ITEM,Hub 01 XM-BACK,,
bio_robofac_xmlens,ITEM,Hub 01 XM-LENS,,
feces_bird,ITEM,feces_bird,40 g,62 ml
feces_cow,ITEM,cow pie,750 g,250 ml
feces_dog,ITEM,dog dung,,
feces_manure,ITEM,feces_manure,250 g,125 ml
feces_roach,ITEM,feces_roach,,
fetid_goop,ITEM,fetid goop,750 g,1 L
insect_dust,ITEM,insect_dust,40 g,62 ml
shed_snakeskin_little,ITEM,shed snakeskin,30 g,100 ml
shed_snakeskin,ITEM,shed snakeskin,100 g,400 ml
shed_snakeskin_big,ITEM,big shed snakeskin,500 g,2 L
shed_snakeskin_giant,ITEM,gigantic shed snakeskin,1 kg,4 L
shed_snakeskin_scales,ITEM,shed_snakeskin_scales,3 kg,4 L
anesthetic,ITEM,anesthetic,714 mg,540 ml
fert_supplement,ITEM,fert_supplement,1 g,10 ml
chem_sulphur,ITEM,chem_sulphur,320 mg,16 ml
chunk_sulfur,ITEM,chunk of sulfur,500 g,250 ml
graphite,ITEM,graphite,40 mg,6 ml
chunk_graphite,ITEM,chunk of graphite,550 g,250 ml
chunk_caco3,ITEM,calcite crystal,678 g,250 ml
chem_borax,ITEM,chem_borax,3810 mg,1100 ml
chunk_borax,ITEM,crystal of borax,425 g,250 ml
flux_ash,ITEM,flux_ash,6 g,7 ml
chunk_feldspar,ITEM,chunk of feldspar,640 g,250 ml
material_cement,ITEM,material_cement,7200 mg,5 ml
material_gravel,ITEM,material_gravel,8 g,5 ml
shredded_rubber,ITEM,shredded_rubber,6 g,250 ml
material_limestone,ITEM,material_limestone,14 g,250 ml
material_quicklime,ITEM,material_quicklime,16700 mg,5 ml
chem_slaked_lime,ITEM,chem_slaked_lime,2211 mg,250 ml
material_sand,ITEM,material_sand,8 g,5 ml
material_soil,ITEM,material_soil,6500 g,5 L
material_shrd_limestone,ITEM,limestone shard,2700 g,1 L
material_rocksalt,ITEM,material_rocksalt,650 g,3500 ml
material_rhodonite,ITEM,material_rhodonite,915 g,250 ml
material_zincite,ITEM,material_zincite,1412 g,250 ml
bleach,ITEM,bleach,138 g,250 ml
ammonia_liquid,ITEM,ammonia_liquid,124 g,250 ml
ammonia_hydroxide,ITEM,ammonia_hydroxide,124 g,250 ml
fertilizer_liquid,ITEM,fertilizer_liquid,67 g,250 ml
fermentable_liquid_mixture,ITEM,fermentable_liquid_mixture,500 g,500 ml
fermentable_fish_mixture_active,ITEM,fermentable_fish_mixture_active,,
fermented_fertilizer_liquid,ITEM,fermented_fertilizer_liquid,400 g,500 ml
fertilizer_commercial,ITEM,fertilizer_commercial,27 g,33 ml
fungicide,ITEM,fungicide,1 g,1 ml
insecticide,ITEM,insecticide,50 g,50 ml
salt_water,ITEM,salt_water,260 g,250 ml
soapy_water,ITEM,soapy_water,260 g,250 ml
chem_aluminium_powder,ITEM,chem_aluminium_powder,1760 mg,250 ml
chem_nickel_powder,ITEM,chem_nickel_powder,36 mg,1 ml
chem_zinc_powder,ITEM,chem_zinc_powder,654 mg,9 ml
chem_zinc_oxide,ITEM,chem_zinc_oxide,814 mg,15 ml
chem_manganese_dioxide,ITEM,chem_manganese_dioxide,869 mg,17 ml
cathod_mix,ITEM,cathod_mix,500 mg,151 ml
chem_ferric_chloride,ITEM,chem_ferric_chloride,2900 mg,250 ml
chem_antimony_trichloride,ITEM,chem_antimony_trichloride,3140 mg,250 ml
chem_potassium_chloride,ITEM,chem_potassium_chloride,746 mg,38 ml
chem_potassium_hydroxide,ITEM,chem_potassium_hydroxide,561 mg,26 ml
chem_sulphuric_acid,ITEM,chem_sulphuric_acid,455 g,250 ml
chem_muriatic_acid,ITEM,chem_muriatic_acid,202 g,250 ml
chem_acetone,ITEM,chem_acetone,190 g,250 ml
chem_nitric_acid,ITEM,chem_nitric_acid,375 g,250 ml
chem_chromium_oxide,ITEM,chem_chromium_oxide,1520 mg,29 ml
cac2powder,ITEM,cac2powder,961 mg,50 ml
chem_carbide,ITEM,chem_carbide,641 mg,29 ml
chem_caco3,ITEM,chem_caco3,783 mg,29 ml
chem_hexamine,ITEM,chem_hexamine,1330 mg,200 ml
chem_hydrogen_peroxide_conc,ITEM,chem_hydrogen_peroxide_conc,325 g,250 ml
plutonium,ITEM,plutonium,990 g,50 ml
uranium,ITEM,uranium,953 g,50 ml
chem_ammonium_nitrate,ITEM,chem_ammonium_nitrate,1 g,290 ml
chem_ammonium_nitrate_pellets,ITEM,chem_ammonium_nitrate_pellets,1 g,625 ml
chem_saltpetre,ITEM,chem_saltpetre,5275 mg,250 ml
material_niter,ITEM,material_niter,790 g,1250 ml
chem_aluminium_sulphate,ITEM,chem_aluminium_sulphate,13350 mg,250 ml
chem_acetic_acid,ITEM,chem_acetic_acid,262 g,250 ml
chem_formaldehyde,ITEM,chem_formaldehyde,300 g,250 ml
chem_thermite,ITEM,chem_thermite,10 g,250 ml
chem_anfo,ITEM,chem_anfo,1 g,294 ml
chem_black_powder,ITEM,chem_black_powder,151 mg,89 ml
chem_rdx,ITEM,chem_rdx,1 g,270 ml
chem_compositionb,ITEM,chem_compositionb,1 g,300 ml
chem_hmtd,ITEM,chem_hmtd,1 g,140 ml
chem_apex,ITEM,chem_apex,1 g,140 ml
chem_rocket_fuel,ITEM,chem_rocket_fuel,70 g,250 ml
pur_tablets,ITEM,water purification tablet,1 g,2 ml
hickory_root,ITEM,hickory root,500 g,500 ml
hickory_nut,ITEM,hickory_nut,212 g,250 ml
pecan,ITEM,pecan,212 g,250 ml
pistachio,ITEM,pistachio,180 g,250 ml
almond,ITEM,almond,212 g,250 ml
peanut,ITEM,peanut,200 g,250 ml
hazelnut,ITEM,hazelnut,212 g,250 ml
chestnut,ITEM,chestnut,240 g,250 ml
walnut,ITEM,walnut,240 g,250 ml
butternut,ITEM,butternut,240 g,250 ml
butternut_husk,ITEM,butternut_husk,210 g,250 ml
water_sewage,ITEM,water_sewage,262 g,250 ml
detergent,ITEM,detergent,7500 mg,250 ml
soap_flakes,ITEM,soap_flakes,4 g,250 ml
lye,ITEM,lye,125 g,250 ml
lye_potassium,ITEM,lye_potassium,125 g,250 ml
nanomaterial,ITEM,nanomaterial canister,250 g,15 L
ash,ITEM,ash,1 g,164 ml
corpse_ash,ITEM,corpse_ash,1 g,104 ml
ether,ITEM,ether,713 mg,1 ml
chem_DMSO,ITEM,chem_DMSO,1100 mg,1 ml
chem_chloroform,ITEM,chem_chloroform,1489 mg,1 ml
chem_phenol,ITEM,chem_phenol,1070 mg,1 ml
chem_benzene,ITEM,chem_benzene,877 mg,1 ml
chem_toluene,ITEM,chem_toluene,870 mg,1 ml
chem_glycerol,ITEM,chem_glycerol,20 g,15 ml
chem_peptone_broth,ITEM,chem_peptone_broth,1 g,2 ml
chem_agar,ITEM,chem_agar,1 g,1 ml
chem_acrylamide,ITEM,chem_acrylamide,1 g,2 ml
steel_grille,ITEM,steel grille,600 g,250 ml
cobalt_60,ITEM,cobalt-60 pellet,80 g,90 ml
wooden_bead,ITEM,wooden bead,1 g,250 ml
rosin,ITEM,rosin,1 g,10 ml
acetylene,ITEM,acetylene,40 g,250 ml
formic_acid,ITEM,formic_acid,204 g,250 ml
latex,ITEM,latex,500 mg,50 ml
chem_citric_acid,ITEM,chem_citric_acid,1 g,2 ml
venom_wasp,ITEM,wasp venom gland,,
venom_bee,ITEM,bee venom gland,,
venom_paralytic,ITEM,sac of paralytic venom,,
triffid_fungicide,ITEM,sac of triffid fungicide,,
conc_venom,ITEM,conc_venom,5 g,5 ml
conc_paralytic,ITEM,conc_paralytic,,
rocuronium,ITEM,rocuronium,10 g,10 ml
red_phosphorous,ITEM,red_phosphorous,10 g,5 ml
red_phosphorous_small,ITEM,red_phosphorous_small,100 mg,5 ml
white_phosphorous,ITEM,white_phosphorous,7500 mg,5 ml
acetic_anhydride,ITEM,acetic_anhydride,54100 mg,50 ml
iodine_crystal,ITEM,iodine_crystal,3500 mg,100 ml
liquid_soap,ITEM,liquid_soap,46 g,250 ml
pine_resin,ITEM,pine_resin,250 g,250 ml
silicone,ITEM,silicone,2480 mg,100 ml
blood_acid,ITEM,blood_acid,,
blood_acid_insect,ITEM,blood_acid_insect,305 g,250 ml
blood_acid_plant,ITEM,blood_acid_plant,,
blood_acid_underground,ITEM,blood_acid_underground,352 g,
exodii_ceramic_patch,ITEM,exodii_ceramic_patch,65 g,500 ml
glue_weak,ITEM,glue_weak,1 g,100 ml
glue_strong,ITEM,glue_strong,,
breadboard,ITEM,breadboard,100 g,80 ml
magnetron,ITEM,magnetron,954 g,4 L
flux_comp_gen,ITEM,explosively pumped flux compression generator,3589 g,10455 ml
melchior_platter,ITEM,supercomputer platter,12 kg,1000 ml
fake_crafting_tool,ITEM,fake crafting tool,,
spinwheelitem,ITEM,spinning wheel,,
scutcheritem,ITEM,stationary scutcher,,
fake_burrowing,ITEM,fake_burrowing,,
internal_mp3_music,ITEM,WearMan Music,,
internal_mp3_radio,ITEM,WearMan Radio,,
integrated_pat_radio,ITEM,Infolink: Call Pat,,
integrated_pat_transponder,ITEM,Infolink: Pat's Transponder (off),,
integrated_pat_transponder_on,ITEM,Infolink: Pat's Transponder (on),,
integrated_ar,ITEM,Integrated AR System,,
fake_goggles,ITEM,fake_goggles,,
bio_scalpel,ITEM,bio_scalpel,,
fake_razor,ITEM,bionic razor,,
fake_sharp_metal_wreckage,ITEM,sharp piece of wreckage,,
boulder_anvil,ITEM,boulder anvil,,
fake_anvil,ITEM,anvil,,
fake_anvil_heavy,ITEM,heavy anvil,,
fake_milling_item,ITEM,fake_milling_item,,
fake_smoke_plume,ITEM,fake_smoke_plume,,
fake_firestarter,ITEM,bionic firestarter,,
fake_radio,ITEM,bionic radio,,
fake_tire_changer,ITEM,tire changer,,
fake_power_tool,ITEM,fake power tool,,
fake_arc_furnace,ITEM,arc furnace,,
fake_beverly_shear,ITEM,Beverly shear,,
drill_press_tool,ITEM,drill press,,
glassblowers_crucible_tool,ITEM,glassblower's crucible,,
tablesaw_tool,ITEM,table saw,,
mitresaw_tool,ITEM,mitre saw,,
bandsaw_tool,ITEM,band saw,,
router_tool,ITEM,router,,
planer_tool,ITEM,planer,,
jointer_tool,ITEM,jointer,,
catalytic_cracking_reactor_tool,ITEM,catalytic cracking reactor,,
hydraulic_press_tool,ITEM,hydraulic press,,
heavy_lathe_tool,ITEM,power lathe,,
air_compressor_tool,ITEM,air compressor,,
pseudo_exercise_machine,ITEM,exercise machine,,
pseudo_punching_bag,ITEM,heavy punching bag,,
pseudo_ergometer_mechanical,ITEM,mechanical ergometer,,
pseudo_treadmill_mechanical,ITEM,gravity treadmill,,
pseudo_training_dummy_light,ITEM,training dummy,,
pseudo_training_dummy_heavy,ITEM,armored training dummy,,
pseudo_archery_target_box,ITEM,box archery target,,
pseudo_archery_target_bale,ITEM,bale archery target,,
pseudo_magazine,ITEM,pseudo magazine,,
fake_lift_light,ITEM,light hoist,,
fake_lift_medium,ITEM,sturdy hoist,,
fake_lift_heavy,ITEM,heavy-duty hoist,,
pseudo_app_oxygen_concentrator,ITEM,oxygen concentrator,,
pseudo_app_hd_compressor_unit,ITEM,high pressure compressor unit,,
concrete_mix_tool,ITEM,concrete mixer,,
debug_item_search,ITEM,debug item search,,
fake_dynamite_50lbs,ITEM,fake 50lbs dynamite car bomb,22680 g,15020 ml
fake_lathe,ITEM,lathe,,
fake_mill_vertical,ITEM,vertical mill,,
fake_deep_fryer,ITEM,deep fryer,,
fake_oil_press_industrial,ITEM,industrial oil press,,
hoof_pick,ITEM,hoof pick,240 g,240 ml
horseshoe_pliers,ITEM,horseshoe puller,938 g,1066 ml
nail_puller,ITEM,nail puller,938 g,1066 ml
hoof_tester,ITEM,hoof tester,621 g,1066 ml
hoof_nippers,ITEM,pair of nippers,621 g,1025 ml
hoof_rasp,ITEM,rasp,336 g,250 ml
pritchel,ITEM,pritchel,240 g,155 ml
clinch_block,ITEM,clinch block,240 g,155 ml
clinch_pliers,ITEM,pair of clinchers,938 g,1066 ml
clinch_cutter,ITEM,clinch cutter,938 g,1000 ml
hoof_stand,ITEM,hoof stand,938 g,900 ml
horseshoe,ITEM,horseshoe,938 g,1000 ml
magic_8_ball,ITEM,Magic 8-Ball,40 g,150 ml
deck_of_cards,ITEM,deck of cards,50 g,100 ml
deck_of_tarot_cards,ITEM,deck of tarot cards,,
family_photo,ITEM,family photo,1 g,5 ml
pom_poms,ITEM,pom_poms,150 g,250 ml
polaroid_photo,ITEM,polaroid photo,1 g,5 ml
jigsaw,ITEM,Jigsaw puzzle,410 g,2200 ml
tic_tac,ITEM,tic-tac-toe set,100 g,500 ml
makeshift_dominoes,ITEM,makeshift dominoes set,100 g,500 ml
small_checkboard,ITEM,compact checkerboard,200 g,1000 ml
chess,ITEM,chess set,550 g,2400 ml
small_chess,ITEM,compact chess set,275 g,1200 ml
checkers,ITEM,checkers set,788 g,1500 ml
tangram,ITEM,tangram set,788 g,1500 ml
chinese_checkers,ITEM,Chinese checkers set,2072 g,4720 ml
mancala,ITEM,mancala set,1313 g,4668 ml
connect_four,ITEM,Four in a Row set,680 g,600 ml
rummy,ITEM,Rummy-o set,907 g,1000 ml
othello,ITEM,Reversi set,900 g,1300 ml
scrabble,ITEM,Scrabble Letters set,907 g,1000 ml
small_checkers,ITEM,compact checkers set,394 g,750 ml
makeshift_checkers,ITEM,makeshift checkers set,100 g,500 ml
pictionary,ITEM,Picturesque,350 g,500 ml
monopoly,ITEM,Capitalism,300 g,500 ml
ouija,ITEM,Ouija board,357 g,1000 ml
dnd,ITEM,Blobs and Bandits,680 g,1250 ml
dnd_2,ITEM,Wayfinder,680 g,1250 ml
dnd_3,ITEM,Dawn of Man,680 g,1250 ml
g_warhammer,ITEM,Battlehammer,680 g,1250 ml
g_warhammer40k,ITEM,Battlehammer 20k,680 g,1250 ml
catan,ITEM,Settlers of the Ranch,804 g,1250 ml
agricola,ITEM,Farmland,904 g,1350 ml
soyang,ITEM,Soyang Farmers,904 g,1350 ml
friday,ITEM,Survival Island,708 g,1250 ml
nemo,ITEM,Nemo's Sea,904 g,1250 ml
knight_mage,ITEM,Knight Mage,1120 g,1850 ml
pandemic,ITEM,Pathogen,830 g,1300 ml
scythe_game,ITEM,Steam Gears,964 g,1350 ml
spirit_island,ITEM,Deity Island,804 g,1250 ml
terraforming_mercury,ITEM,Terraforming - Mercury,1104 g,1500 ml
viticulture,ITEM,Vigneto,904 g,1350 ml
feast_for_odin,ITEM,For Odin,1004 g,1250 ml
fields_of_arle,ITEM,Arle Lands,904 g,1250 ml
gloomhaven,ITEM,Enigma Emporium,904 g,1250 ml
le_havre,ITEM,Le Pourt: The Inland Port,904 g,1250 ml
mansions_of_madness,ITEM,Crazy Mansions,804 g,1250 ml
world_nations,ITEM,World Nations,904 g,1260 ml
senet,ITEM,senet set,800 g,2630 ml
mahjong,ITEM,mahjong set,4000 g,4345 ml
chaturanga,ITEM,chaturanga chess set,2593 g,5719 ml
backgammon,ITEM,backgammon set,1560 g,3073 ml
latrunculi,ITEM,latrunculi set,350 g,1977 ml
go,ITEM,go set,780 g,1299 ml
shogi,ITEM,shogi set,2571 g,3033 ml
hnefatafl,ITEM,hnefatafl set,900 g,5420 ml
alquerque,ITEM,alquerque set,880 g,2774 ml
domino,ITEM,dominoes set,120 g,241 ml
jackstraws,ITEM,jackstraws set,82 g,798 ml
snakesnladders,ITEM,snakesnladders,300 g,1800 ml
ludo,ITEM,Ludo,420 g,2981 ml
poppirate,ITEM,Pop-up Pirate,1500 g,8519 ml
ambush,ITEM,ambush,1020 g,3363 ml
ranger,ITEM,ranger,1090 g,5112 ml
openfire,ITEM,openfire,840 g,3660 ml
battleship,ITEM,Warships,450 g,500 ml
clue,ITEM,Murder Mystery,370 g,500 ml
old_key,ITEM,key,8 g,2 ml
cigar_cutter,ITEM,cigar cutter,52 g,13 ml
cigar_punch,ITEM,cigar punch,25 g,20 ml
xedra_seismograph,ITEM,portable seismograph,5000 g,15750 ml
xedra_microphone,ITEM,NRE microphone,745 g,2100 ml
incense,ITEM,incense,2 g,50 ml
trade_writ,ITEM,writ of trade,1 g,5 ml
ruler,ITEM,ruler,9 g,10 ml
eraser,ITEM,eraser,4 g,10 ml
sharpener,ITEM,pencil sharpener,7 g,10 ml
doormat,ITEM,doormat,1500 g,3 L
LIXA_lab_file,ITEM,LIXA on-site staff notice,,
LIXA_generic_file,ITEM,LIXA data file,,
LIXA_mil_file,ITEM,LIXA military notice,,
LIXA_lab_postit,ITEM,cyan post-it note,,
glass_book,ITEM,battered glass storybook,600 g,400 ml
glass_apple,ITEM,withered glass apple,150 g,100 ml
glass_boat,ITEM,broken glass boat,350 g,500 ml
black_glass_shard,ITEM,black glass shard,75 g,30 ml
sketch,ITEM,sketch,,
painting,ITEM,painting,,
sculpture_rock,ITEM,stone sculpture,7884 g,20813 ml
sculpture_clay,ITEM,clay sculpture,150 g,94 ml
butterfly_net_collapsible,ITEM,collapsible butterfly net,247 g,780 ml
butterfly_net_collapsible_extended,ITEM,collapsible butterfly net (extended),,
butterfly_net_makeshift,ITEM,butterfly net,376 g,865 ml
gun_lock,ITEM,gun cable lock,83 g,53 ml
alien_leaves,ITEM,handful of alien leaves,,
chem_ethanol,ITEM,chem_ethanol,1 g,200ml
methed_alcohol,ITEM,methed_alcohol,,
denat_alcohol,ITEM,denat_alcohol,,
chem_methanol,ITEM,chem_methanol,,
chem_methanol_fuelcell,ITEM,chem_methanol_fuelcell,198 mg,50ml
diesel,ITEM,diesel,850 mg,200ml
jp8,ITEM,jp8,840 mg,200ml
avgas,ITEM,avgas,690 mg,200ml
biodiesel,ITEM,biodiesel,875 mg,
gasoline,ITEM,gasoline,750 mg,200ml
lamp_oil,ITEM,lamp_oil,810 mg,200ml
motor_oil,ITEM,motor_oil,950 mg,200ml
crude_oil,ITEM,crude_oil,800 mg,200ml
napalm,ITEM,napalm,1400 mg,1 ml
gelled_gasoline,ITEM,gelled_gasoline,,
flamethrower_fuel,ITEM,flamethrower_fuel,,
propane,ITEM,propane,493 mg,200ml
biogas,ITEM,biogas,,
chem_turpentine,ITEM,chem_turpentine,1 g,200ml
camphine,ITEM,camphine,1 g,200ml
crude_lamp_oil,ITEM,crude_lamp_oil,810 mg,200ml
animal,ITEM,animal,,1 L
fire,ITEM,fire,,1 ml
cottonwood_tree_boll,ITEM,cottonwood tree boll,5 g,250 ml
muscle,ITEM,muscle,,1 L
wind,ITEM,wind,,1 L
sunlight,ITEM,sunlight,,1 L
metabolism,ITEM,metabolism,,1 L
apparatus,ITEM,apparatus,,0 ml
null,ITEM,null,,0 ml
file,ITEM,file,15 g,50 ml
log_immersion27,ITEM,INCIDENT REPORT: IMMERSION-27A,,
report_t_substrate,ITEM,report_t_substrate,,
HAADF_t_substrate,ITEM,HAADF_t_substrate,,
monitoring_equipment_doc,ITEM,XEDRA document,,
artifact_scp_doc,ITEM,artifact_scp_doc,,
melchior_science_doc,ITEM,MELCHIOR report,,
msu14_password,ITEM,annotated paper scrap,1 g,4 ml
small_printout_portal_storm_data,ITEM,short NRE printout,1 g,4 ml
medium_printout_portal_storm_data,ITEM,NRE printout,3 g,8 ml
large_printout_portal_storm_data,ITEM,long NRE printout,10 g,50 ml
nre_anomaly_printout_data,ITEM,NRE anomaly printout,10 g,50 ml
fp_loyalty_card,ITEM,Foodplace loyalty card,3 g,5 ml
twig,ITEM,twig,40 g,100 ml
leaves,ITEM,handful of leaves,30 g,100 ml
withered,ITEM,withered plant,20 g,250 ml
dry_seaweed,ITEM,dry_seaweed,10 g,10 ml
dry_seaweed_pile,ITEM,dry_seaweed_pile,200 g,200 ml
fertilizer,ITEM,fertilizer,,
chain,ITEM,steel chain,3628 g,1 L
chitin_piece,ITEM,chunk of chitin,89 g,250 ml
endochitin,ITEM,strand of endochitin,89 g,300 ml
mutant_bug_hydrogen_sacs,ITEM,cluster of gas sacs,50 g,250 ml
ballast,ITEM,ballast organs,50 g,250 ml
acidchitin_piece,ITEM,chunk of biosilicified chitin,,
bundle_rag,ITEM,bundle of cotton patches,250 g,500 ml
bundle_cotton,ITEM,bundle of cotton sheets,500 g,1000 ml
bundle_leather,ITEM,bundle of leather,1250 g,1150 ml
bundle_wool,ITEM,bundle of felt,300 g,1 L
bundle_nylon,ITEM,bundle of synthetic fabric,287500 mg,250 ml
bundle_plank,ITEM,bundle of planks,24400 g,41300 ml
bundle_rebar,ITEM,bundle of rebar,12500 g,1600 ml
bundle_pipe,ITEM,bundle of pipes,6432 g,3700 ml
bundle_copper_pipe,ITEM,bundle of copper tubing,3400 g,3700 ml
bundle_branch,ITEM,bundle of sticks,15 kg,30 L
bundle_branch_long,ITEM,bundle of long sticks,15 kg,30 L
bundle_javelin,ITEM,bundle of javelins,3 kg,7 L
sample_t_substrate,ITEM,t-substrate sample,100 g,250 ml
biollante_bud,ITEM,biollante bud,60 g,250 ml
canister_empty,ITEM,empty canister,40 g,263 ml
petrified_eye,ITEM,petrified eye,700 g,250 ml
spiral_stone,ITEM,spiral stone,493 g,250 ml
usb_drive_nano,ITEM,secured USB drive,,
nano_fabricator_encryption_code,ITEM,nano_fabricator_encryption_code,,
lixa_data,ITEM,lixa_data,,
robofac_hardcase,ITEM,DARPA hard case,1202 g,7958 ml
fema_data,ITEM,fema_data,30 g,250 ml
godcotrader_accounting_records_dirty,ITEM,godcotrader_accounting_records_dirty,1 g,1 ml
godcotrader_accounting_records_clean,ITEM,godcotrader_accounting_records_clean,1 g,1 ml
candlestick,ITEM,candlestick,180 g,100 ml
chalice,ITEM,gold chalice,200 g,330 ml
blade,ITEM,blade,553 g,750 ml
blade_scythe,ITEM,scythe blade,1 kg,1500 ml
circsaw_blade,ITEM,circular sawblade,349 g,250 ml
tree_spile,ITEM,tree spile,11 g,50 ml
makeshift_tree_spile,ITEM,makeshift tree spile,,
egg_void_spider,ITEM,luminescent bead,55 g,50 ml
tattered_garment,ITEM,tattered_garment,1175 g,3 L
wire,ITEM,wire,151 g,100 ml
piano_wire,ITEM,piano wire,1 g,3 ml
lc_wire,ITEM,steel wire,151 g,100 ml
mc_wire,ITEM,medium steel wire,,
hc_wire,ITEM,high steel wire,,
ch_wire,ITEM,hardened steel wire,,
qt_wire,ITEM,tempered steel wire,,
wire_barbed,ITEM,barbed wire,302 g,500 ml
wire_mesh,ITEM,steel mesh,19 g,6 ml
rebar,ITEM,rebar,1245 g,159 ml
railroad_track_small,ITEM,small railroad track,40 kg,30 L
concrete,ITEM,concrete,450 g,300 ml
drum_skin,ITEM,drum skin,10 g,
torch_done,ITEM,burnt out torch,510 g,1042 ml
handflare_dead,ITEM,dead flare,39 g,250 ml
spring,ITEM,large spring,3 kg,750 ml
spring_medium,ITEM,medium spring,100 g,50 ml
spring_small,ITEM,small spring,10 g,5 ml
lawnmower,ITEM,lawnmower,28680 g,6250 ml
broketent,ITEM,damaged tent,1133 g,2500 ml
largebroketent,ITEM,large damaged tent,2266 g,10 L
element,ITEM,heating element,226 g,250 ml
crude_heating_element,ITEM,crude heating element,226 g,250 ml
thermostat,ITEM,bimetal thermostat,226 g,250 ml
household_water_heater,ITEM,household water heater,54431 g,240 L
household_water_heater_family,ITEM,family–sized household water heater,80 kg,406 L
television,ITEM,television,15 kg,20 L
household_washing_machine,ITEM,household washing machine,66 kg,500 L
household_dishwasher,ITEM,household dishwasher,41 kg,300 L
pilot_light,ITEM,pilot light,5 g,5 ml
delay_fuze,ITEM,delayed fuze,5 g,5 ml
impact_fuze,ITEM,impact fuze,5 g,1 ml
broken_kord,ITEM,Kord AK rifle (Demilled),3250 g,2418 ml
broken_robofac_camspy,ITEM,broken camspy,31520 g,15 L
broken_skitterbot,ITEM,broken skitterbot,32700 g,105 L
broken_robofac_skittergun,ITEM,broken exterminatron,32700 g,105 L
broken_robofac_hound,ITEM,broken Hub 01 HOUND,32700 g,105 L
broken_science_bot,ITEM,broken lab defense bot,100 kg,65 L
broken_nursebot,ITEM,broken nurse bot,140 kg,62500 ml
broken_grocerybot,ITEM,broken grocery bot,140 kg,62500 ml
broken_grocerybot_busted,ITEM,broken grocery bot,140 kg,62500 ml
broken_nursebot_defective,ITEM,broken nurse bot,,
broken_robofac_prototype,ITEM,broken prototype robot,140 kg,62500 ml
broken_molebot,ITEM,broken miner bot,170200 g,62500 ml
broken_mech_recon,ITEM,broken recon mech,700388 g,125 L
broken_mech_lifter,ITEM,broken mech lifter,1280388 g,250 L
broken_mech_combat,ITEM,broken combat mech,1480388 g,250 L
broken_dispatch,ITEM,broken riot dispatch,100 kg,85 L
paper,ITEM,paper,3 g,6 ml
book_binder,ITEM,book binder,200 g,640 ml
broken_dispatch_military,ITEM,broken military dispatch,100 kg,85 L
broken_manhack,ITEM,broken manhack,1500 g,750 ml
broken_grenade_hack,ITEM,broken grenade hack,2 kg,750 ml
broken_gasbomb_hack,ITEM,broken tear gas hack,2600 g,750 ml
broken_EMP_hack,ITEM,broken EMP hack,2 kg,750 ml
broken_flashbang_hack,ITEM,broken flashbang hack,1750 g,750 ml
broken_c4_hack,ITEM,broken C-4 hack,3100 g,750 ml
broken_turret_speaker,ITEM,broken loudspeaker,52 kg,50500 ml
processor,ITEM,processor board,56 g,250 ml
RAM,ITEM,RAM,18 g,18 ml
power_supply,ITEM,power converter,113 g,1 L
amplifier,ITEM,amplifier circuit,114 g,250 ml
transponder,ITEM,transponder circuit,480 g,250 ml
receiver,ITEM,signal receiver,114 g,250 ml
large_lcd_screen,ITEM,large LCD screen,13 kg,15 L
small_lcd_screen,ITEM,small LCD screen,500 g,250 ml
lens,ITEM,high-quality lens,1 g,2 ml
lens_small,ITEM,small high-quality lens,1 g,1 ml
glass_tinted,ITEM,glass_tinted,30 g,2 ml
burnt_out_bionic,ITEM,burnt out bionic,317 g,2500 ml
standard_template_construct,ITEM,nanofabricator template,317 g,250 ml
standard_template_construct_combat_exoskeleton,ITEM,nanofabricator exoskeleton template,,
debug_template,ITEM,nanofabricator template,,
template_photonics,ITEM,nanofabricator template (silicon photonics),,
template_armor,ITEM,nanofabricator template (UHMWPE),,
antenna,ITEM,antenna,68 g,250 ml
motor_micro,ITEM,micro electric motor,125 g,25 ml
circuit,ITEM,circuit board,26 g,15 ml
e_scrap,ITEM,electronic scrap,14 g,5 ml
radio_repeater_mod,ITEM,radio repeater mod,2100 g,2 L
fan,ITEM,desk fan,1588 g,19265 ml
ceramic_armor,ITEM,ceramic armor plate,362 g,500 ml
fish_bowl,ITEM,fishbowl,8 kg,8500 ml
pipe_cleaner,ITEM,pipe cleaner,50 g,250 ml
clock,ITEM,clock,725 g,250 ml
clockworks,ITEM,clockworks,50 g,50 ml
mirror,ITEM,hand mirror,300 g,750 ml
manhole_cover,ITEM,manhole cover,115 kg,20 L
pine_bough,ITEM,pine bough,220 g,500 ml
pinecone,ITEM,pinecone,200 g,250 ml
brew_sake_koji_active,ITEM,brew_sake_koji_active,200 g,250 ml
sake_koji_rice,ITEM,sake_koji_rice,200 g,250 ml
young_koji_active,ITEM,young_koji_active,200 g,250 ml
young_koji_done,ITEM,young_koji_done,200 g,250 ml
soy_wheat_dough_active,ITEM,soy_wheat_dough_active,550 g,500 ml
soy_wheat_dough_done,ITEM,soy_wheat_dough_done,550 g,500 ml
poppy_bud,ITEM,poppy bud,30 g,5 ml
sunflower,ITEM,sunflower,450 g,1500 ml
chamomile,ITEM,chamomile,10 g,20 ml
lotus,ITEM,lotus flower,20 g,250 ml
spurge,ITEM,spurge,50 g,250 ml
bouquet,ITEM,bouquet,300 g,4500 ml
dog_tag_dog,ITEM,dog_tag_dog,1 g,1 ml
clay_lump,ITEM,lump of clay,530 g,250 ml
clay_kaolin,ITEM,lump of kaolin clay,660 g,250 ml
brick,ITEM,brick,969 g,500 ml
mortar_build,ITEM,mortar_build,2340 g,1 L
mortar_lime,ITEM,mortar_lime,2340 g,1 L
soft_adobe_brick_active,ITEM,soft adobe brick,11500 g,8000 ml
adobe_brick,ITEM,adobe brick,10000 g,8000 ml
mortar_adobe,ITEM,mortar_adobe,2340 g,1 L
tanbark,ITEM,piece of tanbark,,
birchbark,ITEM,piece of birchbark,,
willowbark,ITEM,piece of willowbark,,
sassafras_root,ITEM,sassafras_root,85 g,109 ml
diamond,ITEM,diamond,200 mg,6 ml
garnet,ITEM,garnet,200 mg,6 ml
amethyst,ITEM,amethyst,,
aquamarine,ITEM,aquamarine,,
emerald,ITEM,emerald,,
alexandrite,ITEM,alexandrite,,
malachite,ITEM,malachite,,
pearl,ITEM,pearl,,
ruby,ITEM,ruby,,
peridot,ITEM,peridot,,
sapphire,ITEM,sapphire,,
opal,ITEM,opal,,
tourmaline,ITEM,tourmaline,,
citrine,ITEM,citrine,,
blue_topaz,ITEM,topaz,,
onyx,ITEM,onyx,,
straw_pile,ITEM,pile of straw,34 g,250 ml
straw_doll,ITEM,straw doll,80 g,500 ml
pillow,ITEM,pillow,1210 g,9 L
makeshift_pillow,ITEM,makeshift pillow,1210 g,11 L
bodypillow,ITEM,body pillow,2317 g,50 L
down_pillow,ITEM,down-filled pillow,1260 g,10 L
pouch_autoclave,ITEM,autoclave pouch,2 g,1 ml
cigar_lit,ITEM,cigar,9 g,15 ml
cigar_butt,ITEM,cigar butt,1 g,1 ml
cig_lit,ITEM,cigarette,1 g,4 ml
cig_butt,ITEM,cigarette butt,1 g,1 ml
joint_lit,ITEM,joint,1 g,4 ml
joint_roach,ITEM,joint roach,1 g,1 ml
cannabis,ITEM,cannabis plant,420 g,1 L
tobacco_raw,ITEM,tobacco_raw,100 g,250 ml
cash_card,ITEM,cash card,,
robofac_test_data,ITEM,prototype I/O recorder,,
module_meteorologist,ITEM,drone memory bank,,
gasdiscount_silver,ITEM,silver gas discount card,,
gasdiscount_gold,ITEM,gold gas discount card,,
gasdiscount_platinum,ITEM,platinum gas discount card,,
neoprene,ITEM,neoprene patch,3 g,23 ml
light_bulb,ITEM,light bulb,10 g,250 ml
shrapnel,ITEM,shrapnel,5 g,20 ml
clay_pot_flower,ITEM,clay flower pot,480 g,2500 ml
plastic_pot_flower,ITEM,plastic flower pot,190 g,2500 ml
fluid_preserved_brain,ITEM,fluid-preserved brain,365 g,3 L
evaporator_coil,ITEM,evaporator coil,20 kg,2 L
condensor_coil,ITEM,condensor coil,20 kg,2 L
refrigerant_tank,ITEM,refrigerant tank,410 g,1 L
hard_steel_armor,ITEM,hard steel plate,1500 g,500 ml
steel_armor,ITEM,steel plate,1000 g,500 ml
lock,ITEM,small lock and key,5 g,20 ml
craft,ITEM,in-progress craft,1 g,250 ml
disassembly,ITEM,in-progress disassembly,1 g,250 ml
spare_tire_carrier,ITEM,spare tire carrier,5 kg,5 L
amplifier_head,ITEM,amplifier head,11339 g,3 L
broken_turret,ITEM,broken turret,72650 g,30 L
broken_turret_riot,ITEM,broken riot control turret,,
broken_turret_rifle,ITEM,broken M249 autonomous CROWS II,75 kg,
broken_turret_rifle_balthazar,ITEM,broken M249 autonomous CROWS II,,
broken_crows_m240,ITEM,broken M240 autonomous CROWS II,75 kg,
broken_turret_bmg,ITEM,broken M2 autonomous CROWS II,100 kg,
broken_turret_artisans,ITEM,broken custom plated turret,75 kg,
broken_secubot,ITEM,broken secubot,100 kg,65 L
broken_secubot_balthazar,ITEM,broken secubot,,
broken_talon_m202a1,ITEM,broken M202A1 TALON,100 kg,65 L
broken_robofac_laserturret_mk1,ITEM,broken laser turret,40 kg,
broken_turret_searchlight,ITEM,broken milspec searchlight,117 kg,108500 ml
fire_brick,ITEM,fire brick,969 g,500 ml
plastic_six_dice,ITEM,plastic die,5 g,10 ml
salt_lick,ITEM,salt lick,18 kg,10 L
alder_bark,ITEM,piece of alder bark,,
wallet,ITEM,wallet,60 g,200 ml
wallet_duct_tape,ITEM,duct tape wallet,,
wallet_leather,ITEM,leather wallet,,
wallet_large,ITEM,large wallet,80 g,285 ml
wallet_stylish,ITEM,stylish wallet,,
wallet_travel,ITEM,travel wallet,708 g,500 ml
lanyard,ITEM,lanyard,250 g,250 ml
broken_tazer_hack,ITEM,broken taser hack,1600 g,600 ml
broken_lab_security_drone_GM,ITEM,broken green maintenance security drone,5 kg,650 ml
broken_lab_security_drone_YM,ITEM,broken yellow maintenance security drone,5 kg,650 ml
broken_lab_security_drone_BM,ITEM,broken blue maintenance security drone,5 kg,650 ml
broken_lab_security_drone_BM2,ITEM,broken blue maintenance security drone,5 kg,650 ml
broken_lab_security_drone_GR,ITEM,broken green research security drone,5 kg,650 ml
broken_lab_security_drone_BS,ITEM,broken black security drone,5 kg,650 ml
parachute_mil,ITEM,military parachute,113400 g,136080 ml
pallet,ITEM,wooden pallet,28 kg,194400 ml
training_dummy_light,ITEM,training dummy,50 kg,80 L
training_dummy_heavy,ITEM,armored training dummy,55 kg,80 L
archery_target_box,ITEM,box archery target,16 kg,50 L
cash_register,ITEM,cash register,5 kg,22 L
helmet_mounting_brackets,ITEM,helmet_mounting_brackets,230 g,100 ml
exodii_chop_shop_head,ITEM,exodii_chop_shop_head,1400 g,1400 ml
blun_slug,ITEM,blunderbuss slug,26 g,100 ml
blun_shot,ITEM,blun_shot,28 g,100 ml
blun_lead_shot,ITEM,blun_lead_shot,26 g,100 ml
blun_flechette,ITEM,blun_flechette,18 g,100 ml
id_science,ITEM,science ID card,,
id_military,ITEM,military ID card,,
id_industrial,ITEM,industrial ID card,,
id_artisan_member,ITEM,co-op badge,,
id_science_visitor_1,ITEM,visitor's pass,,
id_science_maintenance_green,ITEM,Maintenance: green zone badge,,
id_science_maintenance_yellow,ITEM,Maintenance: ocher zone badge,,
id_science_maintenance_blue,ITEM,Maintenance: blue zone badge,,
id_science_transport_1,ITEM,transport freight employee badge,,
id_science_security_yellow,ITEM,Security: yellow zone badge,,
id_science_security_magenta,ITEM,Security: magenta zone badge,,
id_science_security_black,ITEM,Security: black zone badge,,
id_science_mutagen_green,ITEM,Researcher: light green zone badge,,
id_science_mutagen_pink,ITEM,Researcher: pink zone badge,,
id_science_mutagen_cyan,ITEM,Researcher: cyan zone badge,,
id_science_medical_red,ITEM,Doctor: red zone badge,,
id_science_mu,ITEM,System supervisor: slate zone badge,,
id_LIXA,ITEM,LIXA ID badge,3 g,5 ml
id_LIXA_2,ITEM,defaced LIXA ID badge,3 g,5 ml
id_LIXA_najma,ITEM,LIXA ID badge: Dr. Najma Saed,3 g,5 ml
id_LIXA_jason,ITEM,LIXA ID badge: Dr. Jason Mitchell,3 g,5 ml
id_LIXA_kai_mei,ITEM,LIXA ID badge: Dr. Kai-Mei Luo,3 g,5 ml
id_LIXA_rich,ITEM,LIXA ID badge: Dr. Richard Raimes,3 g,5 ml
id_LIXA_mil,ITEM,LIXA military police badge,3 g,5 ml
warehouse_rebooter,ITEM,Exodii comm rebooter,500 g,250 ml
id_anduril_ar,ITEM,Anduril Industries ID card,,
id_exodii_string_dimension,ITEM,strange plastic key,,
plastic_jack_o_lantern,ITEM,plastic jack o'lantern,113 g,3964 ml
plastic_jack_o_lantern_lit,ITEM,spooky plastic jack o'lantern,,
jackolantern,ITEM,jack-o'-lantern,123 g,3 L
jackolantern_lit,ITEM,lit jack-o'-lantern,,
decorative_wreath,ITEM,yule wreath,1814 g,4 L
inflatable_dragon,ITEM,inflatable dragon,,
inflatable_ghost,ITEM,inflatable ghost,,
fog_machine,ITEM,fog machine,,
alpha_sample,ITEM,alpha sample,,
batrachian_sample,ITEM,frog sample,,
beast_sample,ITEM,beast sample,,
bird_sample,ITEM,bird sample,,
cattle_sample,ITEM,cattle sample,,
cephalopod_sample,ITEM,cephalopod sample,,
chimera_sample,ITEM,chimera sample,,
elfa_sample,ITEM,Elf-A sample,,
feline_sample,ITEM,feline sample,,
fish_sample,ITEM,fish sample,,
gastropod_sample,ITEM,snail sample,,
human_sample,ITEM,human sample,,
insect_sample,ITEM,insect sample,,
lizard_sample,ITEM,lizard sample,,
lupine_sample,ITEM,lupine sample,,
medical_sample,ITEM,medical sample,,
mouse_sample,ITEM,mouse sample,,
plant_sample,ITEM,plant sample,,
raptor_sample,ITEM,raptor sample,,
rabbit_sample,ITEM,rabbit sample,,
rat_sample,ITEM,rat sample,,
slime_sample,ITEM,slime sample,,
spider_sample,ITEM,spider sample,,
troglobite_sample,ITEM,troglobite sample,,
ursine_sample,ITEM,ursine sample,,
crustacean_sample,ITEM,crustacean sample,,
chiropteran_sample,ITEM,chiropteran sample,,
escape_stone,ITEM,escape_stone,10 g,250 ml
unstable_rift,ITEM,unstable_rift,,
abyss_teleport_orb,ITEM,abyss_teleport_orb,1 kg,500 ml
default_dimension_teleport_orb,ITEM,default_dimension_teleport_orb,,
calming_stone,ITEM,calming_stone,,
flyer,ITEM,flyer,3 g,5 ml
valentine_card,ITEM,valentine card,3 g,5 ml
survnote,ITEM,survivor's note,12 mg,1 ml
childnote,ITEM,child's note,12 mg,1 ml
note_mutant_alpha_boss,ITEM,child's drawing,,
toxic_waste_labnote,ITEM,forgotten note,,
lab_postit_bio,ITEM,yellow post-it note,,
lab_postit_blob,ITEM,gray post-it note,,
lab_postit_migo,ITEM,pink post-it note,,
lab_postit_portal,ITEM,orange post-it note,,
lab_postit_tech,ITEM,red post-it note,,
lab_file_bio,ITEM,biology protocol,,
lab_file_psych,ITEM,psychotherapy protocol,,
lab_file_portal,ITEM,metatopography protocol,,
lab_file_mutagen_guide,ITEM,lab_file_mutagen_guide,,
lab_file_mutation_testing,ITEM,lab_file_mutation_testing,,
lab_file_serum_testing,ITEM,lab_file_serum_testing,,
lab_file_sec,ITEM,security protocol,,
bio_file,ITEM,lab report (biology),,
psych_file,ITEM,lab report (psychology),,
security_file,ITEM,lab report (security),,
character_sheet,ITEM,character sheet,3 g,5 ml
scorecard,ITEM,score card,1 g,2 ml
newspaper_memorial,ITEM,newspaper page,1 g,1 ml
newest_newspaper,ITEM,newspaper page,3 g,5 ml
many_years_old_newspaper,ITEM,newspaper page,3 g,5 ml
years_old_newspaper,ITEM,newspaper page,3 g,5 ml
one_year_old_newspaper,ITEM,newspaper page,3 g,5 ml
months_old_newspaper,ITEM,newspaper page,3 g,5 ml
weeks_old_newspaper,ITEM,newspaper page,3 g,5 ml
death_note,ITEM,note,3 g,10 ml
evac_pamphlet,ITEM,FEMA evacuation pamphlet,5 g,15 ml
missing_poster_adult,ITEM,missing person poster,6 g,12 ml
missing_poster_child,ITEM,missing child poster,6 g,12 ml
missing_poster_dog,ITEM,missing dog poster,6 g,12 ml
missing_poster_cat,ITEM,missing cat poster,6 g,12 ml
movie_poster,ITEM,movie poster,6 g,12 ml
wallet_photo,ITEM,photograph,12 mg,1 ml
home_picture,ITEM,picture,600 g,650 ml
xedra_shack_checklist,ITEM,incomplete checklist,,
targeting_module,ITEM,targeting module,,
identification_module,ITEM,identification module,,
pathfinding_module,ITEM,pathfinding module,,
memory_module,ITEM,memory banks module,,
sensor_module,ITEM,sensor array,,
self_monitoring_module,ITEM,self_monitoring_module,,
ai_module,ITEM,AI core,,
ai_module_basic,ITEM,basic AI core,125 g,
ai_module_advanced,ITEM,advanced AI core,,
gun_module,ITEM,gun operating system,,
spidery_legs_small,ITEM,set of tiny spidery legs,1200 g,1500 ml
omni_wheel,ITEM,set of omni wheels,10000 g,10 L
quad_rotors,ITEM,set of rotors,130 g,500 ml
android_legs,ITEM,set of android legs,10000 g,10 L
android_arms,ITEM,set of android arms,5000 g,5 L
tank_tread,ITEM,set of small tank treads,60000 g,30 L
turret_chassis,ITEM,turret_chassis,10000 g,10 L
copbot_chassis,ITEM,copbot_chassis,20000 g,40000 ml
spidery_legs_big,ITEM,set of spidery legs,40000 g,20 L
android_chassis,ITEM,android skeleton,20000 g,40000 ml
abstract_software,ITEM,abstract_software,,
software_useless,ITEM,software_useless,,
software_hacking,ITEM,software_hacking,,
software_medical,ITEM,software_medical,,
software_math,ITEM,software_math,,
software_blood_data,ITEM,software_blood_data,,
software_lab_data,ITEM,software_lab_data,,
software_encryption_codes,ITEM,software_encryption_codes,,
software_archived_data,ITEM,software_archived_data,,
train_data,ITEM,train_data,,
software_electronics_reference,ITEM,integrated circuit datasheet archives,,
efile_junk,ITEM,junk file,,
efile_lore,ITEM,questionable media file,,
efile_map,ITEM,map cache,,
efile_recipes,ITEM,recipe catalog,,
efile_recipes_science,ITEM,scientific recipe catalog,,
efile_recipes_medical,ITEM,medical recipe catalog,,
efile_photos,ITEM,photo gallery,,
battery_ups,ITEM,UPS conversion mod,,
battery_bionic,ITEM,bionic power conversion mod,,
magazine_battery_mod,ITEM,battery compartment mod,,
pseudo_magazine_mod,ITEM,pseudo magazine mod,,
magazine_battery_light_mod,ITEM,light battery mod,,
magazine_battery_medium_mod,ITEM,medium battery mod,,
magazine_battery_heavy_mod,ITEM,tool battery mod,,
arm_splint,ITEM,arm splint,300 g,1 L
arm_xlsplint,ITEM,arm splint,600 g,2 L
arm_xs_splint,ITEM,arm splint,150 g,500 ml
tourniquet_upper,ITEM,tourniquet (arm),200 g,300 ml
tourniquet_upper_XL,ITEM,tourniquet (arm),,
tourniquet_upper_XS,ITEM,tourniquet (arm),,
tourniquet_lower,ITEM,tourniquet (leg),,
tourniquet_lower_XL,ITEM,tourniquet (leg),,
tourniquet_lower_XS,ITEM,tourniquet (leg),,
makeshift_blindfold,ITEM,makeshift blindfold,32 g,200 ml
makeshift_blindfold_up,ITEM,makeshift blindfold (raised),32 g,200 ml
blindfold,ITEM,blindfold,50 g,100 ml
blindfold_up,ITEM,blindfold (raised),50 g,100 ml
blindfold_duct,ITEM,duct tape blindfold,20 g,60 ml
blindfold_duct_up,ITEM,duct tape blindfold (raised),20 g,60 ml
ear_plugs,ITEM,ear_plugs,10 g,10 ml
gobag,ITEM,go bag,18043 g,35750 ml
personal_gobag,ITEM,personal go bag,,
leg_splint,ITEM,leg splint,500 g,1 L
leg_xlsplint,ITEM,leg splint,1000 g,2 L
leg_xs_splint,ITEM,leg splint,250 g,500 ml
welding_mask,ITEM,welding mask,1 kg,4 L
welding_mask_crude,ITEM,crude welding mask,4 kg,4 L
welding_mask_crude_raised,ITEM,crude welding mask (raised),4 kg,4 L
welding_mask_raised,ITEM,welding mask (raised),1 kg,4 L
game_watch,ITEM,game watch,112 g,250 ml
smart_watch,ITEM,smart watch,61 g,125 ml
smart_watch_music,ITEM,smart watch - music,,
smart_watch_adv,ITEM,advanced smart watch,,
smart_watch_adv_music,ITEM,advanced smart watch - music,,
fitness_band,ITEM,fitness band,30 g,100 ml
flashlight_mount_wrist,ITEM,diving flashlight wrist mount,50 g,150 ml
holo_cloak,ITEM,hologram cloak,1552 g,3500 ml
fedora,ITEM,fedora,350 g,1750 ml
thermal_socks,ITEM,thermal_socks,182 g,750 ml
thermal_socks_on,ITEM,thermal_socks_on,,
thermal_suit,ITEM,thermal electric suit,3972 g,2 L
thermal_suit_on,ITEM,thermal electric suit (on),,
thermal_gloves,ITEM,thermal_gloves,210 g,750 ml
thermal_gloves_on,ITEM,thermal_gloves_on,,
thermal_mask,ITEM,thermal electric balaclava,196 g,1 L
thermal_mask_on,ITEM,thermal electric balaclava (on),,
binoculars,ITEM,binoculars,550 g,540 ml
wearable_light,ITEM,headlamp,150 g,141 ml
wearable_camera,ITEM,wearable camera,520 g,500 ml
wearable_camera_pro,ITEM,wearable professional camera,520 g,500 ml
wearable_light_on,ITEM,headlamp (on),,
wearable_big_light_on,ITEM,heavy-duty headlamp (on),,
wearable_big_light,ITEM,heavy-duty headlamp,300 g,750 ml
ar_glasses_basic,ITEM,ar_glasses_basic,65 g,720 ml
ar_glasses_advanced,ITEM,ar_glasses_advanced,170 g,750 ml
ar_glasses_advanced_pat,ITEM,ar_glasses_advanced_pat,400 g,750 ml
ar_glasses_advanced_pat_on,ITEM,modified advanced AR glasses (on),,
helmet_eod,ITEM,EOD helmet,3600 g,4 L
helmet_eod_on,ITEM,EOD helmet (on),,
rm13_armor,ITEM,RM13 combat armor,9540 g,9 L
rm13_armor_on,ITEM,RM13 combat armor (on),,
dimensional_anchor,ITEM,5-point anchor,1250 g,4500 ml
dimensional_anchor_on,ITEM,5-point anchor (on),,
broken_dimensional_anchor,ITEM,malfunctioning 5-point anchor,,
phase_immersion_suit,ITEM,phase immersion suit,9500 g,4500 ml
phase_immersion_suit_on,ITEM,phase immersion suit (on),,
string_dimension_phase_immersion_suit,ITEM,KÁ expedition harness,8400 g,4100 ml
rebreather,ITEM,rebreather mask,720 g,500 ml
rebreather_on,ITEM,rebreather mask (on),,
rebreather_xl,ITEM,rebreather mask,960 g,1250 ml
rebreather_xl_on,ITEM,rebreather mask (on),,
rebreather_xs,ITEM,rebreather mask,360 g,250 ml
rebreather_xs_on,ITEM,rebreather mask (on),,
mask_filter,ITEM,filter mask,260 g,500 ml
mask_gas,ITEM,gas mask,490 g,1536 ml
mask_gas_xl,ITEM,gas mask,,
mask_gas_xs,ITEM,gas mask,,
mask_gas_half,ITEM,half-face gas mask,400 g,500 ml
mask_fsurvivor,ITEM,handmade firemask,686 g,1250 ml
mask_fsurvivorxl,ITEM,handmade firemask,,
mask_fsurvivorxs,ITEM,handmade firemask,,
mask_bunker,ITEM,firefighter PBA mask,1260 g,1500 ml
mask_hsurvivor,ITEM,handmade plated gas mask,686 g,1350 ml
mask_hsurvivorxl,ITEM,handmade plated gas mask,,
mask_hsurvivorxs,ITEM,handmade plated gas mask,,
mask_lsurvivor,ITEM,handmade half gas mask,341 g,625 ml
mask_lsurvivorxl,ITEM,handmade half gas mask,,
mask_lsurvivorxs,ITEM,handmade half gas mask,,
mask_survivor,ITEM,handmade gas mask,682 g,1250 ml
mask_survivorxl,ITEM,handmade gas mask,,
mask_survivorxs,ITEM,handmade gas mask,,
goggles_nv,ITEM,goggles_nv,600 g,1 L
basic_papr_helmet,ITEM,PAPR helmet,857 g,2250 ml
military_papr_mask,ITEM,military PAPR mask,490 g,1536 ml
basic_papr_helmet_xedra_mark,ITEM,shielded PAPR-EEG helmet,950 g,2250 ml
papr_half_mask,ITEM,half-face PAPR mask,400 g,500 ml
welding_papr_helmet,ITEM,PAPR welding helmet,857 g,2250 ml
welding_papr_helmet_raised,ITEM,PAPR welding helmet (raised),,
basic_papr_belt_off,ITEM,PAPR blower (off),918 g,1000 ml
basic_papr_belt_on,ITEM,PAPR blower (on),918 g,1000 ml
military_papr_blower_off,ITEM,military PAPR blower (off),653 g,3589 ml
military_papr_blower_on,ITEM,military PAPR blower (on),653 g,3589 ml
molle_papr_blower_off,ITEM,modular PAPR blower (off),920 g,3000 ml
molle_papr_blower_on,ITEM,modular PAPR blower (on),920 g,3000 ml
goggles_nv_on,ITEM,goggles_nv_on,,
goggles_ir,ITEM,goggles_ir,1240 g,1 L
goggles_ir_on,ITEM,goggles_ir_on,,
wearable_rx12,ITEM,wearable RX12 jet injector,364 g,750 ml
rx11_stimpack,ITEM,rx11_stimpack,212 g,750 ml
mask_h20survivor,ITEM,handmade divemask,982 g,1500 ml
mask_h20survivor_on,ITEM,handmade divemask (on),,
mask_h20survivorxl,ITEM,handmade divemask,,
mask_h20survivorxs,ITEM,handmade divemask,,
mask_h20survivorxl_on,ITEM,handmade divemask (on),,
mask_h20survivorxs_on,ITEM,handmade divemask (on),,
rad_monitor,ITEM,radiation biomonitor,150 g,150 ml
hairpin,ITEM,hairpin,200 mg,1 ml
fc_hairpin,ITEM,fancy hairpin,100 mg,
towel,ITEM,towel,250 g,500 ml
towel_wet,ITEM,towel,375 g,500 ml
straw_fedora,ITEM,straw fedora,300 g,1250 ml
thermal_outfit,ITEM,thermal electric outfit,2250 g,4500 ml
thermal_outfit_on,ITEM,thermal electric outfit (on),,
turtleneck,ITEM,turtleneck,478 g,2500 ml
turtleneck_rolled,ITEM,turtleneck (rolled),478 g,2500 ml
turtleneck_shirt,ITEM,turtleneck shirt,300 g,2000 ml
turtleneck_shirt_rolled,ITEM,turtleneck shirt (rolled),300 g,2000 ml
mask_ski,ITEM,ski mask,86 g,250 ml
mask_ski_loose,ITEM,ski mask (collar),86 g,250 ml
whistle,ITEM,whistle,25 g,10 ml
powered_earmuffs,ITEM,powered_earmuffs,179 g,1 L
powered_earmuffs_on,ITEM,powered_earmuffs_on,179 g,1 L
powered_earplugs,ITEM,powered_earplugs,20 g,200 ml
powered_earplugs_on,ITEM,powered_earplugs_on,,
stethoscope,ITEM,stethoscope,150 g,250 ml
makeshift_stethoscope,ITEM,makeshift stethoscope,400 g,500 ml
helmet_riot,ITEM,riot helmet,1450 g,2250 ml
helmet_riot_raised,ITEM,riot helmet (raised visor),1450 g,2250 ml
scuba_tank,ITEM,diving cylinder,16000 g,12 L
scuba_tank_on,ITEM,diving cylinder (on),16 kg,12 L
small_scuba_tank,ITEM,small diving cylinder,7 kg,4 L
small_scuba_tank_on,ITEM,small diving cylinder (on),7 kg,4 L
electric_blanket,ITEM,electric blanket,1123 g,2500 ml
electric_blanket_on,ITEM,electric blanket (on),,
foodperson_mask,ITEM,Foodperson mask,1500 g,16 L
foodperson_mask_on,ITEM,Foodperson mask (on),,
attached_ear_plugs_on,ITEM,attached_ear_plugs_on,,
attached_ear_plugs_off,ITEM,attached_ear_plugs_off,,
makeshift_ear_plugs_on,ITEM,makeshift_ear_plugs_on,,
makeshift_ear_plugs_off,ITEM,makeshift_ear_plugs_off,,
flight_helmet,ITEM,military flight helmet,1324 g,2 L
flight_helmet_on,ITEM,military flight helmet (on),,
combo_cover,ITEM,combo cover,500 g,1750 ml
utility_exoskeleton_off,ITEM,battery powered utility exoskeleton,90 kg,130 L
utility_exoskeleton_on,ITEM,battery powered utility exoskeleton (on),,
ice_utility_exoskeleton_off,ITEM,ICE utility exoskeleton,110 kg,130 L
ice_utility_exoskeleton_on,ITEM,ICE utility exoskeleton (on),,
military_vis_aug_system,ITEM,military_vis_aug_system,1500 g,1400 ml
military_vis_aug_system_on,ITEM,military_vis_aug_system_on,,
teddy_bear,ITEM,plush toy,900 g,3 L
shark_plushie,ITEM,shark plushie,625 g,30 L
toy_figurine_large,ITEM,large figurine,500 g,1 L
toy_figurine,ITEM,figurine,125 g,200 ml
yoyo,ITEM,yoyo,50 g,70 ml
fidget_spinner,ITEM,fidget spinner,75 g,185 ml
imperfect_doll_complete,ITEM,imperfect doll,,
imperfect_doll_legs,ITEM,imperfect_doll_legs,,
imperfect_doll_arms,ITEM,imperfect_doll_arms,,
imperfect_doll_features,ITEM,imperfect_doll_features,,
mws_weather_data_incomplete,ITEM,mws_weather_data_incomplete,1 g,4 ml
mws_weather_data,ITEM,mws_weather_data,1 g,4 ml
mws_portal_storm_weather_data,ITEM,mws_portal_storm_weather_data,1 g,4 ml
mws_monster_corpse_weather_data,ITEM,"alien ""atmospheric"" datasheet",1 g,4 ml
HEW_weather_data,ITEM,HEW datasheet,1 g,4 ml
HEW_printout_data,ITEM,HEW printout,1 g,4 ml
HEW_printout_data_portal,ITEM,HEW stable portal report,1 g,4 ml
HEW_printout_data_portal_storm,ITEM,HEW unstable portal report,1 g,4 ml
HEW_printout_data_vitrified,ITEM,HEW printout CC1044,1 g,4 ml
HEW_printout_data_exodii,ITEM,HEW printout IAE20,1 g,4 ml
HEW_printout_data_strange_temple,ITEM,HEW printout WKG1,1 g,1 ml
HEW_printout_data_lixa,ITEM,HEW printout DP72063,1 g,4 ml
HEW_printout_data_highlands,ITEM,HEW printout TCOB1,1 g,4 ml
HEW_printout_data_labyrinth,ITEM,HEW printout DB86,1 g,4 ml
HEW_printout_data_physics_lab,ITEM,HEW printout 22BMBS,1 g,4 ml
HEW_printout_data_amigara,ITEM,HEW printout 01ITO,1 g,4 ml
HEW_printout_data_radiosphere,ITEM,HEW printout VKTRS,1 g,4 ml
HEW_printout_data_cabin_reverb,ITEM,HEW printout CITW01,1 g,4 ml
HEW_printout_data_cabin_reverb_dimension,ITEM,HEW printout CITW02,1 g,4 ml
HEW_printout_data_barricaded_church,ITEM,HEW printout ESFX,1 g,4 ml
HEW_printout_data_morgantown,ITEM,HEW printout 01Z90,1 g,4 ml
HEW_printout_data_monster_corpse,ITEM,HEW printout LKG1,1 g,4 ml
HEW_printout_data_string_dimension,ITEM,HEW printout IHS,1 g,4 ml
HEW_printout_data_spiral_mine,ITEM,HEW printout UJI98,1 g,4 ml
HEW_printout_data_void_spider_lair,ITEM,HEW printout NLL8,1 g,4 ml
HEW_printout_data_inner_cabins_open_field,ITEM,HEW printout CITW-BFα,1 g,4 ml
HEW_printout_data_inner_cabins_warped_cabin,ITEM,HEW printout CITW-BFβ,1 g,4 ml
HEW_printout_data_inner_cabins_home_cabin,ITEM,HEW printout CITW-BFγ,1 g,4 ml
10mm_fmj,ITEM,10mm_fmj,17 g,117 ml
10mm_jhp,ITEM,10mm_jhp,,
10mmP,ITEM,10mmP,,
bp_10mm_fmj,ITEM,bp_10mm_fmj,,
reloaded_10mm_fmj,ITEM,reloaded_10mm_fmj,,
matchhead_10mm_fmj,ITEM,matchhead_10mm_fmj,,
bp_10mm_jhp,ITEM,bp_10mm_jhp,,
reloaded_10mm_jhp,ITEM,reloaded_10mm_jhp,,
matchhead_10mm_jhp,ITEM,matchhead_10mm_jhp,,
reloaded_10mmP,ITEM,reloaded_10mmP,,
12mm,ITEM,H&K 12mm slug,11 g,250 ml
22_cb,ITEM,22_cb,,
22_fmj,ITEM,22_fmj,,
22_lr,ITEM,22_lr,3 g,65 ml
22_ratshot,ITEM,22_ratshot,,
bp_22_fmj,ITEM,bp_22_fmj,,
bp_22_lr,ITEM,bp_22_lr,,
reloaded_22_lr,ITEM,reloaded_22_lr,,
reloaded_22_fmj,ITEM,reloaded_22_fmj,,
matchhead_22_fmj,ITEM,matchhead_22_fmj,,
matchhead_22_lr,ITEM,matchhead_22_lr,,
223,ITEM,223,12 g,194 ml
556_mk262,ITEM,556_mk262,,
556_mk318,ITEM,556_mk318,,
556,ITEM,556,,
556_m855a1,ITEM,556_m855a1,,
556_incendiary,ITEM,556_incendiary,,
556_m995,ITEM,556_m995,,
bp_223,ITEM,bp_223,,
bp_556,ITEM,bp_556,,
bp_556_incendiary,ITEM,bp_556_incendiary,,
reloaded_223,ITEM,reloaded_223,,
reloaded_556,ITEM,reloaded_556,,
reloaded_556_incendiary,ITEM,reloaded_556_incendiary,,
270win_jsp,ITEM,270win_jsp,,
bp_270win_jsp,ITEM,bp_270win_jsp,,
reloaded_270win_jsp,ITEM,reloaded_270win_jsp,,
reloaded_270win_fmj,ITEM,reloaded_270win_fmj,,
bp_270win_fmj,ITEM,bp_270win_fmj,,
300_winmag,ITEM,300_winmag,28 g,169 ml
bp_300_winmag,ITEM,bp_300_winmag,,
reloaded_300_winmag,ITEM,reloaded_300_winmag,,
3006,ITEM,3006,25 g,192 ml
3006_jsp,ITEM,3006_jsp,,
bp_3006_jsp,ITEM,bp_3006_jsp,,
reloaded_3006_jsp,ITEM,reloaded_3006_jsp,,
3006_incendiary,ITEM,3006_incendiary,,
3006fmj,ITEM,3006fmj,,
bp_3006,ITEM,bp_3006,,
bp_3006_incendiary,ITEM,bp_3006_incendiary,,
bp_3006fmj,ITEM,bp_3006fmj,,
reloaded_3006,ITEM,reloaded_3006,,
reloaded_3006_incendiary,ITEM,reloaded_3006_incendiary,,
reloaded_3006fmj,ITEM,reloaded_3006fmj,,
300blk,ITEM,300blk,18 g,194 ml
300blk_ss,ITEM,300blk_ss,21 g,
bp_300blk,ITEM,bp_300blk,,
reloaded_300blk,ITEM,reloaded_300blk,,
bp_300blk_ss,ITEM,bp_300blk_ss,,
reloaded_300blk_ss,ITEM,reloaded_300blk_ss,,
303_fmjbt,ITEM,303_fmjbt,25 g,287 ml
303_sp,ITEM,303_sp,,
303_bthp,ITEM,303_bthp,,
bp_303,ITEM,bp_303,,
bp_303sp,ITEM,bp_303sp,,
bp_303fmj,ITEM,bp_303fmj,,
reloaded_303,ITEM,reloaded_303,,
reloaded_303sp,ITEM,reloaded_303sp,,
reloaded_303fmj,ITEM,reloaded_303fmj,,
3030,ITEM,3030,35 g,117 ml
reloaded_3030_fmj,ITEM,reloaded_3030_fmj,35 g,167 ml
reloaded_3030,ITEM,reloaded_3030,,
reloaded_3030_bp,ITEM,reloaded_3030_bp,,
reloaded_3030_fmj_bp,ITEM,reloaded_3030_fmj_bp,,
762_51,ITEM,762_51,18 g,158 ml
308,ITEM,308,,
762_51_incendiary,ITEM,762_51_incendiary,,
762_51_m993,ITEM,762_51_m993,,
bp_308,ITEM,bp_308,,
bp_762_51,ITEM,bp_762_51,,
bp_762_51_incendiary,ITEM,bp_762_51_incendiary,,
reloaded_308,ITEM,reloaded_308,,
reloaded_762_51,ITEM,reloaded_762_51,,
reloaded_762_51_incendiary,ITEM,reloaded_762_51_incendiary,,
30carbine,ITEM,30carbine,12 g,160 ml
30carbine_jsp,ITEM,30carbine_jsp,,
bp_30carbine_jsp,ITEM,bp_30carbine_jsp,,
reloaded_30carbine_jsp,ITEM,reloaded_30carbine_jsp,,
matchhead_30carbine_jsp,ITEM,matchhead_30carbine_jsp,,
bp_30carbine,ITEM,bp_30carbine,,
reloaded_30carbine,ITEM,reloaded_30carbine,,
matchhead_30carbine,ITEM,matchhead_30carbine,,
32_acp,ITEM,32_acp,8 g,116 ml
bp_32_acp,ITEM,bp_32_acp,,
reloaded_32_acp,ITEM,reloaded_32_acp,,
matchhead_32_acp,ITEM,matchhead_32_acp,,
32_acp_jhp,ITEM,32_acp_jhp,,
bp_32_acp_jhp,ITEM,bp_32_acp_jhp,,
reloaded_32_acp_jhp,ITEM,reloaded_32_acp_jhp,,
matchhead_32_acp_jhp,ITEM,matchhead_32_acp_jhp,,
338lapua_hpbt,ITEM,338lapua_hpbt,16200 mg,327 ml
338lapua_fmjbt,ITEM,338lapua_fmjbt,,
338lapua_api,ITEM,338lapua_api,,
bp_338lapua_hpbt,ITEM,bp_338lapua_hpbt,,
bp_338lapua_fmjbt,ITEM,bp_338lapua_fmjbt,,
bp_338lapua_api,ITEM,bp_338lapua_api,,
reloaded_338lapua_hpbt,ITEM,reloaded_338lapua_hpbt,,
reloaded_338lapua_fmjbt,ITEM,reloaded_338lapua_fmjbt,,
reloaded_338lapua_api,ITEM,reloaded_338lapua_api,,
357mag_fmj,ITEM,357mag_fmj,13 g,145 ml
357mag_jhp,ITEM,357mag_jhp,,
bp_357mag_fmj,ITEM,bp_357mag_fmj,,
bp_357mag_jhp,ITEM,bp_357mag_jhp,,
reloaded_357mag_fmj,ITEM,reloaded_357mag_fmj,,
reloaded_357mag_jhp,ITEM,reloaded_357mag_jhp,,
matchhead_357mag_fmj,ITEM,matchhead_357mag_fmj,,
matchhead_357mag_jhp,ITEM,matchhead_357mag_jhp,,
357sig_fmj,ITEM,357sig_fmj,15 g,132 ml
357sig_jhp,ITEM,357sig_jhp,,
reloaded_357sig_fmj,ITEM,reloaded_357sig_fmj,,
reloaded_357sig_jhp,ITEM,reloaded_357sig_jhp,,
bp_357sig_fmj,ITEM,bp_357sig_fmj,,
bp_357sig_jhp,ITEM,bp_357sig_jhp,,
matchhead_357sig_fmj,ITEM,matchhead_357sig_fmj,,
matchhead_357sig_jhp,ITEM,matchhead_357sig_jhp,,
36navy,ITEM,.36 paper cartridge,6 g,11 ml
38_fmj,ITEM,38_fmj,13 g,113 ml
38_special,ITEM,38_special,,
38_special_p,ITEM,38_special_p,,
reloaded_38_fmj,ITEM,reloaded_38_fmj,,
reloaded_38_special,ITEM,reloaded_38_special,,
reloaded_38_special_p,ITEM,reloaded_38_special_p,,
bp_38_fmj,ITEM,bp_38_fmj,,
bp_38_special,ITEM,bp_38_special,,
matchhead_38_fmj,ITEM,matchhead_38_fmj,,
matchhead_38_special,ITEM,matchhead_38_special,,
380_FMJ,ITEM,380_FMJ,10 g,89 ml
380_JHP,ITEM,380_JHP,,
380_p,ITEM,380_p,,
bp_380_FMJ,ITEM,bp_380_FMJ,,
bp_380_JHP,ITEM,bp_380_JHP,,
reloaded_380_FMJ,ITEM,reloaded_380_FMJ,,
reloaded_380_JHP,ITEM,reloaded_380_JHP,,
reloaded_380_p,ITEM,reloaded_380_p,,
matchhead_380_FMJ,ITEM,matchhead_380_FMJ,,
matchhead_380_JHP,ITEM,matchhead_380_JHP,,
38super_fmj,ITEM,38super_fmj,13 g,97 ml
38_super,ITEM,38_super,,
reloaded_38_super,ITEM,reloaded_38_super,,
reloaded_38super_fmj,ITEM,reloaded_38super_fmj,,
bp_38super_fmj,ITEM,bp_38super_fmj,,
bp_38super,ITEM,bp_38super,,
matchhead_38_super,ITEM,matchhead_38_super,,
matchhead_38_super_fmj,ITEM,matchhead_38_super_fmj,,
40fmj,ITEM,40fmj,15 g,106 ml
40sw,ITEM,40sw,,
bp_40fmj,ITEM,bp_40fmj,,
bp_40sw,ITEM,bp_40sw,,
reloaded_40fmj,ITEM,reloaded_40fmj,,
reloaded_40sw,ITEM,reloaded_40sw,,
matchhead_40fmj,ITEM,matchhead_40fmj,,
matchhead_40sw,ITEM,matchhead_40sw,,
40x46mm_m1006,ITEM,40x46mm_m1006,68 g,
40x46mm_m433,ITEM,40x46mm_m433,,
40x46mm_m576,ITEM,40x46mm_m576,120 g,
40x46mm_m651,ITEM,40x46mm_m651,290 g,
40x46mm_hornets_nest_22lr,ITEM,40x46mm_hornets_nest_22lr,114 g,
40x46mm_hornets_nest_410,ITEM,40x46mm_hornets_nest_410,245 g,
40x46mm_hornets_nest_410_slug,ITEM,40x46mm_hornets_nest_410_slug,245 g,
40x46mm_hornets_nest_410_bird,ITEM,40x46mm_hornets_nest_410_bird,245 g,
40x46mm_hornets_nest_410_scrap,ITEM,40x46mm_hornets_nest_410_scrap,,
40x53mm_m1001,ITEM,40x53mm_m1001,340 g,137 ml
40x53mm_m430a1,ITEM,40x53mm_m430a1,,132 ml
40x53mm_buckshot_m169,ITEM,40x53mm_buckshot_m169,,
40x53mm_slug_m169,ITEM,"40x53mm slug, reloaded",,
40x53mm_flechette_m169,ITEM,40x53mm_flechette_m169,,
bp_40x53mm_buckshot_m169,ITEM,bp_40x53mm_buckshot_m169,,
bp_40x53mm_slug_m169,ITEM,"40x53mm slug, black powder",,
bp_40x53mm_flechette_m169,ITEM,bp_40x53mm_flechette_m169,,
410shot_slug,ITEM,410shot_slug,27 g,170 ml
reloaded_410shot_slug,ITEM,reloaded_410shot_slug,,
bp_410shot_slug,ITEM,bp_410shot_slug,,
410shot_000,ITEM,410shot_000,,
reloaded_410shot_000,ITEM,reloaded_410shot_000,,
bp_410shot_000,ITEM,bp_410shot_000,,
410shot_bird,ITEM,410shot_bird,,
reloaded_410shot_bird,ITEM,reloaded_410shot_bird,,
bp_410shot_bird,ITEM,bp_410shot_bird,,
410shot_scrap,ITEM,410shot_scrap,,
bp_410shot_scrap,ITEM,bp_410shot_scrap,,
44fmj,ITEM,44fmj,25 g,87 ml
44magnum,ITEM,44magnum,,
reloaded_44fmj,ITEM,reloaded_44fmj,,
reloaded_44magnum,ITEM,reloaded_44magnum,,
bp_44magnum,ITEM,bp_44magnum,,
bp_44fmj,ITEM,bp_44fmj,,
44army,ITEM,.44 paper cartridge,7 g,20 ml
45_acp,ITEM,45_acp,21 g,112 ml
45_jhp,ITEM,45_jhp,,
45_super,ITEM,45_super,,
bp_45_acp,ITEM,bp_45_acp,,
bp_45_jhp,ITEM,bp_45_jhp,,
reloaded_45_acp,ITEM,reloaded_45_acp,,
reloaded_45_jhp,ITEM,reloaded_45_jhp,,
reloaded_45_super,ITEM,reloaded_45_super,,
matchhead_45_acp,ITEM,matchhead_45_acp,,
matchhead_45_jhp,ITEM,matchhead_45_jhp,,
450_ftx,ITEM,450_ftx,31 g,145 ml
450_penetrator,ITEM,450_penetrator,29 g,
bp_450_ftx,ITEM,bp_450_ftx,,
bp_450_penetrator,ITEM,bp_450_penetrator,,
reloaded_450_ftx,ITEM,reloaded_450_ftx,,
reloaded_450_penetrator,ITEM,reloaded_450_penetrator,,
454_Casull,ITEM,454_Casull,30 g,79 ml
reloaded_454_Casull,ITEM,reloaded_454_Casull,,
bp_454_Casull,ITEM,bp_454_Casull,,
4570_sp,ITEM,4570_sp,35 g,167 ml
4570_pen,ITEM,4570_pen,,
4570_low,ITEM,4570_low,41 g,
reloaded_4570_sp,ITEM,reloaded_4570_sp,,
reloaded_4570_pen,ITEM,reloaded_4570_pen,,
reloaded_4570_low,ITEM,reloaded_4570_low,,
reloaded_4570_bp,ITEM,reloaded_4570_bp,,
458wm,ITEM,458wm,,
reloaded_458wm,ITEM,reloaded_458wm,,
bp_458wm,ITEM,bp_458wm,,
45colt_cowboy,ITEM,45colt_cowboy,,
reloaded_45colt_cowboy,ITEM,reloaded_45colt_cowboy,,
bp_45colt_cowboy,ITEM,bp_45colt_cowboy,,
matchhead_45colt_cowboy,ITEM,matchhead_45colt_cowboy,,
45colt_jhp,ITEM,45colt_jhp,,
reloaded_45colt_jhp,ITEM,reloaded_45colt_jhp,,
bp_45colt_jhp,ITEM,bp_45colt_jhp,,
matchhead_45colt_jhp,ITEM,matchhead_45colt_jhp,,
reloaded_45colt_fmj,ITEM,reloaded_45colt_fmj,,
bp_45colt_fmj,ITEM,bp_45colt_fmj,,
matchhead_45colt_fmj,ITEM,matchhead_45colt_fmj,,
460sw,ITEM,460sw,37 g,47 ml
reloaded_460sw,ITEM,reloaded_460sw,,
460sw_jhp,ITEM,460sw_jhp,37 g,47 ml
reloaded_460sw_jhp,ITEM,reloaded_460sw_jhp,,
50_incendiary,ITEM,50_incendiary,,
50bmg,ITEM,50bmg,114 g,451 ml
50match,ITEM,50match,,
50ss,ITEM,50ss,,
50_mk211,ITEM,50_mk211,,
reloaded_50_incendiary,ITEM,reloaded_50_incendiary,,
reloaded_50bmg,ITEM,reloaded_50bmg,,
reloaded_50ss,ITEM,reloaded_50ss,,
bp_50_incendiary,ITEM,bp_50_incendiary,,
bp_50match,ITEM,bp_50match,,
bp_50ss,ITEM,bp_50ss,,
500_Magnum,ITEM,500_Magnum,45 g,82 ml
bp_500_Magnum,ITEM,bp_500_Magnum,,
reloaded_500_Magnum,ITEM,reloaded_500_Magnum,,
50ae_fmj,ITEM,50ae_fmj,35 g,102 ml
50ae_jhp,ITEM,50ae_jhp,,
reloaded_50ae_jhp,ITEM,reloaded_50ae_jhp,,
reloaded_50ae_fmj,ITEM,reloaded_50ae_fmj,,
bp_50ae_jhp,ITEM,bp_50ae_jhp,,
bp_50ae_fmj,ITEM,bp_50ae_fmj,,
matchhead_50ae_jhp,ITEM,matchhead_50ae_jhp,,
matchhead_50ae_fmj,ITEM,matchhead_50ae_fmj,,
50beowulf_xtp,ITEM,50beowulf_xtp,36 g,231 ml
50beowulf_penetrator,ITEM,50beowulf_penetrator,40 g,
bp_50beowulf_xtp,ITEM,bp_50beowulf_xtp,,
bp_50beowulf_penetrator,ITEM,bp_50beowulf_penetrator,,
reloaded_50beowulf_xtp,ITEM,reloaded_50beowulf_xtp,,
reloaded_50beowulf_penetrator,ITEM,reloaded_50beowulf_penetrator,,
545,ITEM,545,10 g,134 ml
545_ap,ITEM,545_ap,,
reloaded_545,ITEM,reloaded_545,,
reloaded_545_ap,ITEM,reloaded_545_ap,,
bp_545,ITEM,bp_545,,
bp_545_ap,ITEM,bp_545_ap,,
57mm,ITEM,57mm,6 g,121 ml
57mm_ss,ITEM,57mm_ss,,
57mm_lf,ITEM,57mm_lf,,
bp_57mm,ITEM,bp_57mm,,
reloaded_57mm,ITEM,reloaded_57mm,,
60mm_shell_m720a1,ITEM,high-explosive mortar shell,1700 g,680 ml
60mm_shell_m768,ITEM,high-explosive mortar shell,1655 g,
m235tpa,ITEM,M74 rocket,1338 g,2 L
66mm_HEAT,ITEM,66mm_HEAT,2131 g,250 ml
762_m87,ITEM,762_m87,16 g,113 ml
762_jhp,ITEM,762_jhp,,
reloaded_762_jhp,ITEM,reloaded_762_jhp,,
bp_762_jhp,ITEM,bp_762_jhp,,
reloaded_762_m87,ITEM,reloaded_762_m87,,
bp_762_m87,ITEM,bp_762_m87,,
762_54R,ITEM,762_54R,18 g,185 ml
reloaded_762_54R,ITEM,reloaded_762_54R,,
bp_762_54R,ITEM,bp_762_54R,,
762_25,ITEM,762_25,10 g,107 ml
762_25hot,ITEM,762_25hot,,
762_25typeP,ITEM,762_25typeP,12 g,
bp_762_25,ITEM,bp_762_25,,
reloaded_762_25,ITEM,reloaded_762_25,,
matchhead_762_25,ITEM,matchhead_762_25,,
77mm_arisaka_jsp,ITEM,77mm_arisaka_jsp,17 g,182 ml
bp_77mm_arisaka_jsp,ITEM,bp_77mm_arisaka_jsp,,
reloaded_77mm_arisaka_jsp,ITEM,reloaded_77mm_arisaka_jsp,,
84x246mm_he,ITEM,84x245mm HE,3200 g,2084 ml
84x246mm_hedp,ITEM,84x245mm HEDP,3300 g,2422 ml
84x246mm_smoke,ITEM,84x245mm SMOKE,3100 g,2422 ml
8mm_caseless,ITEM,8mm_caseless,12 g,150 ml
8mm_jhp,ITEM,8mm_jhp,,
9mm,ITEM,9mm,12 g,115 ml
9mmfmj,ITEM,9mmfmj,,
9mmP,ITEM,9mmP,,
9mmP2,ITEM,9mmP2,,
bp_9mm,ITEM,bp_9mm,,
bp_9mmfmj,ITEM,bp_9mmfmj,,
reloaded_9mm,ITEM,reloaded_9mm,,
reloaded_9mmfmj,ITEM,reloaded_9mmfmj,,
reloaded_9mmP,ITEM,reloaded_9mmP,,
reloaded_9mmP2,ITEM,reloaded_9mmP2,,
matchhead_9mmfmj,ITEM,matchhead_9mmfmj,,
matchhead_9mm,ITEM,matchhead_9mm,,
9x18mm,ITEM,9x18mm,10 g,97 ml
9x18mmP2,ITEM,9x18mmP2,,
9x18mmfmj,ITEM,9x18mmfmj,,
bp_9x18mm,ITEM,bp_9x18mm,,
bp_9x18mmfmj,ITEM,bp_9x18mmfmj,,
reloaded_9x18mm,ITEM,reloaded_9x18mm,,
reloaded_9x18mmP2,ITEM,reloaded_9x18mmP2,,
reloaded_9x18mmfmj,ITEM,reloaded_9x18mmfmj,,
matchhead_9x18mmfmj,ITEM,matchhead_9x18mmfmj,,
matchhead_9x18mm,ITEM,matchhead_9x18mm,,
atgm_heat,ITEM,atgm_heat,22600 g,15 L
barb_paralysis,ITEM,paralyzing barb,37 g,250 ml
gene_sting_barb,ITEM,gene sting barb,30 g,250 ml
22_blank,ITEM,22_blank,,
cannon_shot,ITEM,cannon_shot,2350 g,1000 ml
gas_chloramine,ITEM,gas_chloramine,3 g,250 ml
gas_fungicidal,ITEM,gas_fungicidal,3 g,250 ml
gas_insecticidal,ITEM,gas_insecticidal,3 g,250 ml
123ln,ITEM,123ln,,
reloaded_123ln,ITEM,reloaded_123ln,,
bp_123ln,ITEM,bp_123ln,,
273x110sluglight,ITEM,27.3x110 Diyua light slug,,
273x110slugmedium,ITEM,27.3x110 Diyua medium slug,,
273x110slugheavy,ITEM,27.3x110 Diyua heavy slug,,
273x110flock,ITEM,273x110flock,,
273x110canister,ITEM,27.3x110 Diyua canister,,
273x44flare,ITEM,273x44flare,,
273x44trainer,ITEM,273x44trainer,,
273x44thermobaric,ITEM,273x44thermobaric,,
273x44HE,ITEM,273x44HE,,
273x44RG,ITEM,273x44RG,870 g,372 ml
caotel_cell,ITEM,Caotel cell,24 g,190 ml
khuunaofaai_ammo_firework,ITEM,Khuunäöfaai firework payload,4 g,125 ml
khuunaofaai_ammo_incendiary,ITEM,Khuunäöfaai incendiary payload,12 g,125 ml
khuunaofaai_ammo_corrosive,ITEM,Khuunäöfaai corrosive payload,6 g,
khuunaofaai_ammo_foam,ITEM,Khuunäöfaai foaming payload,8 g,
33naval_ball,ITEM,33naval_ball,450 g,201 ml
flintlock_ammo,ITEM,paper cartridge,40 g,10 ml
flintlock_shot,ITEM,paper shot cartridge,40 g,10 ml
combatnail,ITEM,flechette,,
bronze_nail,ITEM,bronze nail,,
nail,ITEM,nail,20 g,3 ml
nuts_bolts,ITEM,nut and bolt,20 g,3 ml
rivets,ITEM,rivet,4 g,250 ml
paintball,ITEM,paintball,1 g,250 ml
reloaded_shot_bird,ITEM,reloaded_shot_bird,,
reloaded_shot_dragon,ITEM,reloaded_shot_dragon,,
reloaded_shot_00,ITEM,reloaded_shot_00,,
reloaded_shot_flechette,ITEM,"12 gauge flechette, reloaded",,
reloaded_shot_slug,ITEM,"12 gauge slug, reloaded",,
bp_shot_bird,ITEM,bp_shot_bird,,
bp_shot_dragon,ITEM,bp_shot_dragon,,
bp_shot_00,ITEM,bp_shot_00,,
bp_shot_flechette,ITEM,"12 gauge flechette, black powder",,
bp_shot_slug,ITEM,"12 gauge slug, black powder",,
shot_00,ITEM,shot_00,43 g,
shot_beanbag,ITEM,12 gauge beanbag,57 g,
shot_bird,ITEM,shot_bird,38 g,
shot_dragon,ITEM,shot_dragon,,
shot_flechette,ITEM,12 gauge flechette,,
shot_he,ITEM,12 gauge explosive slug,,
shot_scrap,ITEM,shot_scrap,,
bp_shot_scrap,ITEM,bp_shot_scrap,,
shot_slug,ITEM,12 gauge slug,,
wax_slug,ITEM,wax slug,,
signal_flare,ITEM,signal flare,32 g,377 ml
sling-ready_molotov,ITEM,sling-ready Molotov cocktail,1000 g,960 ml
sling-ready_grenade,ITEM,sling-ready grenade,397 g,540 ml
sling-ready_small_homemade_grenade,ITEM,sling-ready small homemade grenade,460 g,270 ml
sling-ready_homemade_grenade,ITEM,sling-ready homemade grenade,900 g,
sling-ready_small_homemade_grenade_2,ITEM,sling-ready military explosive small homemade grenade,600 g,270 ml
sling-ready_homemade_grenade_2,ITEM,sling-ready military explosive homemade grenade,1200 g,
oxyacetylene,ITEM,oxyacetylene,1 g,250 ml
welding_rod_steel,ITEM,welding rod,2777 mg,12 ml
welding_rod_alloy,ITEM,aluminum welding rod,1429 mg,12 ml
welding_wire_steel,ITEM,welding wire,2777 mg,130 ml
welding_wire_alloy,ITEM,aluminum welding wire,1429 mg,250 ml
brazing_rod_bronze,ITEM,brazing rod,3200 mg,16 ml
brazing_rod_alloy,ITEM,aluminum brazing rod,1750 mg,15 ml
portable_generator,ITEM,portable gasoline generator,21817 g,67609 ml
diesel_generator,ITEM,diesel generator,168 kg,459 L
military_generator,ITEM,military diesel generator,536 kg,1000 L
12000_gasoline_generator,ITEM,powerful gasoline generator,150 kg,420 L
apartment_fridge,ITEM,household fridge,56520 g,601475 ml
minifridge,ITEM,minifridge,24490 g,195751 ml
big_portable_fridge,ITEM,food truck fridge,67 kg,490 L
glass_fridge,ITEM,single glass door fridge,78 kg,753984 ml
glass_fridge_double,ITEM,double glass door fridge,168 kg,1000 L
heavy_duty_fridge,ITEM,heavy-duty fridge,165 kg,1000 L
display_fridge,ITEM,display fridge,102 kg,1000 L
apartment_freezer,ITEM,household freezer,56520 g,356878 ml
minifreezer,ITEM,minifreezer,26900 g,249358 ml
chest_minifreezer,ITEM,chest minifreezer,22940 g,238 L
big_portable_freezer,ITEM,food truck freezer,72 kg,490 L
chest_freezer,ITEM,chest freezer,50 kg,656625 ml
heavy_duty_freezer,ITEM,heavy-duty freezer,172 kg,1000 L
glass_freezer,ITEM,glass door freezer,80 kg,651105 ml
display_freezer,ITEM,display freezer,60500 g,595340 ml
artifact_teleportitis_aura,effect_type,Strange Pressure,,
artifact_slow_aura,effect_type,Temporal Distortion,,
ammo_pouch,ITEM,ammo pouch,490 g,500 ml
ammo_satchel,ITEM,ammo satchel,180 g,500 ml
chestpouch,ITEM,chest ammo pouch,140 g,250 ml
chestrig,ITEM,chest rig,425 g,500 ml
xl_chestrig,ITEM,chest rig,,
xs_chestrig,ITEM,chest rig,,
javelin_bag,ITEM,javelin bag,900 g,1250 ml
legpouch,ITEM,ankle ammo pouch,60 g,250 ml
legpouch_large,ITEM,leg ammo pouch,120 g,250 ml
quiver,ITEM,quiver,320 g,500 ml
nylon_quiver,ITEM,nylon quiver,230 g,500 ml
quiver_birchbark,ITEM,birchbark quiver,490 g,500 ml
pipe_quiver,ITEM,pipe quiver,800 g,370 ml
quiver_large,ITEM,large quiver,920 g,1500 ml
quiver_large_birchbark,ITEM,large birchbark quiver,1380 g,1500 ml
pipe_quiver_large,ITEM,large pipe quiver,2000 g,810 ml
quiver_simple_cloth,ITEM,simple cloth quiver,200 g,500 ml
quiver_takedown_bow,ITEM,multi-function quiver,720 g,1500 ml
tacvest,ITEM,tac vest,1750 g,1250 ml
xl_tacvest,ITEM,tac vest,,
xs_tacvest,ITEM,tac vest,,
light_load_bearing_vest,ITEM,light load bearing vest,500 g,500 ml
load_bearing_vest,ITEM,load bearing vest,1250 g,1000 ml
load_bearing_vest_sling,ITEM,load bearing vest with sling,1500 g,
heavy_load_bearing_vest,ITEM,heavy load bearing vest,2000 g,1750 ml
heavy_load_bearing_vest_sling,ITEM,heavy load bearing vest with sling,2300 g,
heavy_load_bearing_vest_breacher,ITEM,breacher load bearing vest,2900 g,
radio_pouch,ITEM,tactical radio pouch,200 g,250 ml
gadget_pouch,ITEM,gadget pouch,250 g,250 ml
h2o_pouch,ITEM,H2O pouch,250 g,400 ml
canteen_pouch,ITEM,canteen pouch,190 g,500 ml
tool_pouch,ITEM,tactical tool pouch,250 g,250 ml
flashlight_pouch,ITEM,flashlight pouch,100 g,100 ml
tactical_holster,ITEM,tactical holster,220 g,500 ml
gas_mask_pouch,ITEM,gas mask pouch,300 g,250 ml
modular_papr_strap,ITEM,modular PAPR strap,300 g,300 ml
tactical_grenade_pouch,ITEM,tactical grenade pouch,200 g,100 ml
triple_stacker_pouch,ITEM,triple stacker ammo pouch,500 g,500 ml
tactical_shotshell_pouch,ITEM,tactical shotshell pouch,300 g,250 ml
xlkevlar,ITEM,Kevlar vest,4210 g,8 L
ammo_satchel_leather,ITEM,leather ammo satchel,590 g,500 ml
chestpouch_leather,ITEM,leather chest ammo pouch,1140 g,250 ml
belt_loop_small,ITEM,small belt loop,25 g,25 ml
belt_loop_medium,ITEM,medium belt loop,50 g,50 ml
belt_loop_large,ITEM,large belt loop,100 g,100 ml
sustainment_pouch,ITEM,sustainment pouch,230 g,300 ml
2byarm_guard,ITEM,2byarm_guard,300 g,1500 ml
carpet_armguards,ITEM,carpet_armguards,1360 g,3 L
carpet_bracers,ITEM,carpet_bracers,680 g,2 L
armguard_chitin,ITEM,armguard_chitin,1501 g,1330 ml
xl_armguard_chitin,ITEM,xl_armguard_chitin,,
xs_armguard_chitin,ITEM,xs_armguard_chitin,,
armguard_acidchitin,ITEM,armguard_acidchitin,,
xl_armguard_acidchitin,ITEM,xl_armguard_acidchitin,,
xs_armguard_acidchitin,ITEM,xs_armguard_acidchitin,,
cloth_arms_padded,ITEM,cloth_arms_padded,400 g,1500 ml
armguard_hard,ITEM,armguard_hard,350 g,3 L
xl_armguard_hard,ITEM,xl_armguard_hard,550 g,4 L
xs_armguard_hard,ITEM,xs_armguard_hard,,
armguard_larmor,ITEM,armguard_larmor,1061 g,2 L
xl_armguard_larmor,ITEM,xl_armguard_larmor,,
xs_armguard_larmor,ITEM,xs_armguard_larmor,,
armguard_metal,ITEM,armguard_metal,2300 g,2750 ml
ch_armguard_metal,ITEM,ch_armguard_metal,,
armguard_metal_sheets_bracer,ITEM,armguard_metal_sheets_bracer,1150 g,1 L
ch_armguard_metal_sheets_bracer,ITEM,ch_armguard_metal_sheets_bracer,,
armguard_metal_sheets_shoulders,ITEM,armguard_metal_sheets_shoulders,1400 g,2 L
ch_armguard_metal_sheets_shoulders,ITEM,ch_armguard_metal_sheets_shoulders,,
armguard_metal_sheets_elbows,ITEM,armguard_metal_sheets_elbows,700 g,1 L
ch_armguard_metal_sheets_elbows,ITEM,ch_armguard_metal_sheets_elbows,,
xl_armguard_metal,ITEM,xl_armguard_metal,,
xs_armguard_metal,ITEM,xs_armguard_metal,,
armguard_paper,ITEM,armguard_paper,360 g,500 ml
improvised_armguard_tire,ITEM,improvised_armguard_tire,2400 g,2 L
armguard_scrap,ITEM,armguard_scrap,2500 g,1800 ml
xl_armguard_scrap,ITEM,xl_armguard_scrap,3412 g,6 L
xs_armguard_scrap,ITEM,xs_armguard_scrap,,
armguard_tire,ITEM,armguard_tire,4800 g,4750 ml
xl_armguard_tire,ITEM,xl_armguard_tire,,
xs_armguard_tire,ITEM,xs_armguard_tire,,
armguard_soft,ITEM,armguard_soft,258 g,1500 ml
xl_armguard_soft,ITEM,xl_armguard_soft,330 g,1750 ml
xs_armguard_soft,ITEM,xs_armguard_soft,,
gambeson_sleeve,ITEM,gambeson_sleeve,1380 g,500 ml
xl_gambeson_sleeve,ITEM,xl_gambeson_sleeve,,
xs_gambeson_sleeve,ITEM,xs_gambeson_sleeve,,
k_gambeson_sleeve,ITEM,k_gambeson_sleeve,986 g,840 ml
xl_k_gambeson_sleeve,ITEM,xl_k_gambeson_sleeve,,
xs_k_gambeson_sleeve,ITEM,xs_k_gambeson_sleeve,,
chainmail_junk_arms,ITEM,chainmail_junk_arms,,
lc_chainmail_arms,ITEM,lc_chainmail_arms,,
xl_lc_chainmail_arms,ITEM,xl_lc_chainmail_arms,,
xs_lc_chainmail_arms,ITEM,xs_lc_chainmail_arms,,
mc_chainmail_arms,ITEM,mc_chainmail_arms,,
xl_mc_chainmail_arms,ITEM,xl_mc_chainmail_arms,,
xs_mc_chainmail_arms,ITEM,xs_mc_chainmail_arms,,
hc_chainmail_arms,ITEM,hc_chainmail_arms,,
xl_hc_chainmail_arms,ITEM,xl_hc_chainmail_arms,,
xs_hc_chainmail_arms,ITEM,xs_hc_chainmail_arms,,
ch_chainmail_arms,ITEM,ch_chainmail_arms,,
xl_ch_chainmail_arms,ITEM,xl_ch_chainmail_arms,,
xs_ch_chainmail_arms,ITEM,xs_ch_chainmail_arms,,
qt_chainmail_arms,ITEM,qt_chainmail_arms,,
xl_qt_chainmail_arms,ITEM,xl_qt_chainmail_arms,,
xs_qt_chainmail_arms,ITEM,xs_qt_chainmail_arms,,
elbow_pads,ITEM,elbow_pads,110 g,750 ml
armguard_bronze,ITEM,armguard_bronze,2270 g,5250 ml
xl_armguard_bronze,ITEM,xl_armguard_bronze,,
xs_armguard_bronze,ITEM,xs_armguard_bronze,,
vambrace_larmor,ITEM,vambrace_larmor,362 g,1 L
xl_vambrace_larmor,ITEM,xl_vambrace_larmor,531 g,1250 ml
xs_vambrace_larmor,ITEM,xs_vambrace_larmor,,
armguard_cut_resistant,ITEM,armguard_cut_resistant,450 g,
armor_lc_lightarmguard,ITEM,mild steel light arm guard,2500 g,2916 ml
xl_armor_lc_lightarmguard,ITEM,mild steel light arm guard,,
armor_mc_lightarmguard,ITEM,medium steel light arm guard,,
xl_armor_mc_lightarmguard,ITEM,medium steel light arm guard,,
armor_hc_lightarmguard,ITEM,high steel light arm guard,,
xl_armor_hc_lightarmguard,ITEM,high steel light arm guard,,
armor_ch_lightarmguard,ITEM,hardened steel light arm guard,,
xl_armor_ch_lightarmguard,ITEM,hardened steel light arm guard,,
armor_qt_lightarmguard,ITEM,tempered steel light arm guard,,
xl_armor_qt_lightarmguard,ITEM,tempered steel light arm guard,,
armor_lc_armguard,ITEM,mild steel arm guard,3333 g,2916 ml
xl_armor_lc_armguard,ITEM,mild steel arm guard,,
armor_mc_armguard,ITEM,medium steel arm guard,,
xl_armor_mc_armguard,ITEM,medium steel arm guard,,
armor_hc_armguard,ITEM,high steel arm guard,,
xl_armor_hc_armguard,ITEM,high steel arm guard,,
armor_ch_armguard,ITEM,hardened steel arm guard,,
xl_armor_ch_armguard,ITEM,hardened steel arm guard,,
armor_qt_armguard,ITEM,tempered steel arm guard,,
xl_armor_qt_armguard,ITEM,tempered steel arm guard,,
armor_lc_heavyarmguard,ITEM,mild steel heavy arm guard,4166 g,2916 ml
xl_armor_lc_heavyarmguard,ITEM,mild steel heavy arm guard,,
armor_mc_heavyarmguard,ITEM,medium steel heavy arm guard,,
xl_armor_mc_heavyarmguard,ITEM,medium steel heavy arm guard,,
armor_hc_heavyarmguard,ITEM,high steel heavy arm guard,,
xl_armor_hc_heavyarmguard,ITEM,high steel heavy arm guard,,
armor_ch_heavyarmguard,ITEM,hardened steel heavy arm guard,,
xl_armor_ch_heavyarmguard,ITEM,hardened steel heavy arm guard,,
armor_qt_heavyarmguard,ITEM,tempered steel heavy arm guard,,
xl_armor_qt_heavyarmguard,ITEM,tempered steel heavy arm guard,,
survivor_adhoc_leather_sleeves,ITEM,survivor_adhoc_leather_sleeves,300 g,500 ml
armor_riot_arm,ITEM,armor_riot_arm,500 g,2500 ml
ballistic_vest_esapi,ITEM,US ballistic vest,3533 g,6 L
jacket_eod,ITEM,EOD jacket,13500 g,15 L
jacket_eod_light,ITEM,tactical EOD jacket,7000 g,15 L
eod_plate,ITEM,EOD fragmentation plate,2800 g,2950 ml
esapi_plate,ITEM,ESAPI ballistic plate,2500 g,1915 ml
stab_plate,ITEM,soft stab panel,500 g,300 ml
steel_ballistic_plate,ITEM,steel ballistic plate,1400 g,262 ml
heavy_steel_ballistic_plate,ITEM,heavy steel ballistic plate,3912 g,194 ml
scrap_esapi_plate,ITEM,scrap ESAPI plate,1181 g,150 ml
lc_esapi_plate,ITEM,mild ESAPI plate,1300 g,262 ml
mc_esapi_plate,ITEM,medium ESAPI plate,,
hc_esapi_plate,ITEM,high ESAPI plate,,
ch_esapi_plate,ITEM,hard ESAPI plate,,
qt_esapi_plate,ITEM,tempered ESAPI plate,,
deltoid_plates,ITEM,deltoid_plates,1551 g,1599 ml
esbi_plate,ITEM,ESBI ballistic plate,993 g,774 ml
scrap_esbi_plate,ITEM,scrap ESBI plate,488 g,62 ml
lc_esbi_plate,ITEM,mild ESBI plate,1300 g,262 ml
mc_esbi_plate,ITEM,medium ESBI plate,,
hc_esbi_plate,ITEM,high ESBI plate,,
ch_esbi_plate,ITEM,hard ESBI plate,,
qt_esbi_plate,ITEM,tempered ESBI plate,,
destroyed_large_ceramic_plate,ITEM,compromised ceramic front plate,,
destroyed_medium_ceramic_plate,ITEM,compromised ceramic side plate,,
ballistic_vest_heavy,ITEM,US heavy ballistic vest,4976 g,6 L
ballistic_vest_light,ITEM,light ballistic vest (mag pouches),900 g,4 L
ballistic_vest_light_pouches,ITEM,light ballistic vest (storage pouch),,
ballistic_vest_light_operator,ITEM,light ballistic vest (shoulder pouch),,
stab_vest,ITEM,stab vest,1814 g,6 L
soft_3a_vest,ITEM,soft armor vest,2650 g,6 L
fbi_armor_vest,ITEM,FBI ballistic vest,,
level_3_vest,ITEM,hard armor vest,2650 g,6 L
xl_ballistic_vest,ITEM,ballistic vest,4500 g,9 L
xl_ballistic_vest_lc,ITEM,ballistic vest (mild steel plates),12500 g,9 L
xl_ballistic_vest_qt,ITEM,ballistic vest (tempered steel plates),18000 g,9 L
iotv_shoulder_plate,ITEM,iotv_shoulder_plate,1034 g,812 ml
iotv_groin_plate,ITEM,ballistic groin protector,417 g,392 ml
iotv_neck_plate,ITEM,ballistic collar,621 g,488 ml
lead_plate_xedra_mark,ITEM,lead plate,10545 g,1110 ml
bandolier_pistol,ITEM,pistol bandolier,140 g,250 ml
bandolier_rifle,ITEM,rifle bandolier,140 g,250 ml
bandolier_shotgun,ITEM,waist shotgun bandolier,140 g,500 ml
torso_bandolier_grenade,ITEM,torso grenade bandolier,,
torso_bandolier_shotgun,ITEM,torso shotgun bandolier,200 g,1 L
flintlock_pouch,ITEM,paper cartridge pouch,160 g,500 ml
bandolier_wrist,ITEM,wrist bandolier,30 g,250 ml
grenade_pouch,ITEM,grenade pouch,90 g,250 ml
stone_pouch,ITEM,stone pouch,180 g,500 ml
leather_stone_pouch,ITEM,leather stone pouch,380 g,500 ml
grenadebandolier,ITEM,large grenade pouch,600 g,1250 ml
cheap_ammo_pouch,ITEM,military 5.56 bandolier,20 g,40 ml
cheap_ammo_pouch_belt223,ITEM,5.56x45 belt pouch,20 g,40 ml
cheap_ammo_pouch_belt308,ITEM,7.62x51 belt pouch,20 g,40 ml
bandolier_pipebomb,ITEM,large grenade bandolier,830 g,730 ml
bandolier_pipebomb_xs,ITEM,large grenade bandolier,623 g,548 ml
bandolier_pipebomb_xl,ITEM,large grenade bandolier,934 g,825 ml
fireman_belt,ITEM,firefighter belt,210 g,500 ml
judo_belt_black,ITEM,black belt,,
judo_belt_blue,ITEM,blue belt,,
judo_belt_brown,ITEM,brown belt,,
judo_belt_green,ITEM,green belt,,
judo_belt_orange,ITEM,orange belt,,
judo_belt_white,ITEM,white belt,,
judo_belt_yellow,ITEM,yellow belt,,
leather_belt,ITEM,leather belt,150 g,350 ml
obi_gi,ITEM,obi,125 g,250 ml
police_belt,ITEM,police duty belt,250 g,2 L
santa_belt,ITEM,broad belt,150 g,350 ml
tool_belt,ITEM,tool belt,1000 g,2500 ml
webbing_belt,ITEM,MOLLE webbing belt,210 g,500 ml
suspenders_cloth,ITEM,suspenders_cloth,250 g,500 ml
suspenders_leather,ITEM,suspenders_leather,,
suspenders_holster,ITEM,suspenders_holster,,
bastsandals,ITEM,bastsandals,68 g,250 ml
boots,ITEM,boots,1060 g,2500 ml
xl_boots,ITEM,xl_boots,,
xs_boots,ITEM,xs_boots,,
boots_bone,ITEM,boots_bone,1824 g,4250 ml
boots_bunker,ITEM,boots_bunker,1930 g,3500 ml
boots_chitin,ITEM,boots_chitin,239 g,400 ml
xl_boots_chitin,ITEM,xl_boots_chitin,,
xs_boots_chitin,ITEM,xs_boots_chitin,,
boots_acidchitin,ITEM,boots_acidchitin,,
xl_boots_acidchitin,ITEM,xl_boots_acidchitin,,
xs_boots_acidchitin,ITEM,xs_boots_acidchitin,,
boots_combat,ITEM,boots_combat,1060 g,2 L
boots_denim,ITEM,boots_denim,1120 g,3 L
foot_protectors_eod,ITEM,foot_protectors_eod,1220 g,3 L
toecaps,ITEM,toecaps,907 g,1 L
boots_fur,ITEM,boots_fur,1890 g,4500 ml
xl_boots_fur,ITEM,xl_boots_fur,,
xs_boots_fur,ITEM,xs_boots_fur,,
boots_faux_fur,ITEM,boots_faux_fur,1890 g,4500 ml
xl_boots_faux_fur,ITEM,xl_boots_faux_fur,,
xs_boots_faux_fur,ITEM,xs_boots_faux_fur,,
boots_hiking,ITEM,boots_hiking,960 g,2 L
boots_larmor,ITEM,boots_larmor,902 g,2 L
xl_boots_larmor,ITEM,xl_boots_larmor,,
xs_boots_larmor,ITEM,xs_boots_larmor,,
boots_plate,ITEM,boots_plate,1890 g,3250 ml
xl_boots_plate,ITEM,xl_boots_plate,,
xs_boots_plate,ITEM,xs_boots_plate,,
boots_rubber,ITEM,boots_rubber,980 g,3500 ml
boots_scrap,ITEM,boots_scrap,2400 g,2 L
xl_boots_scrap,ITEM,xl_boots_scrap,,
xs_boots_scrap,ITEM,xs_boots_scrap,,
sabaton_metal_sheets,ITEM,sabaton_metal_sheets,1180 g,750 ml
ch_sabaton_metal_sheets,ITEM,ch_sabaton_metal_sheets,,
boots_steel,ITEM,boots_steel,1320 g,3 L
sneakers_steel,ITEM,sneakers_steel,900 g,1500 ml
boots_western,ITEM,boots_western,,
boots_winter,ITEM,boots_winter,1640 g,3500 ml
xl_boots_winter,ITEM,xl_boots_winter,,
xs_boots_winter,ITEM,xs_boots_winter,,
cleats,ITEM,cleats,860 g,1500 ml
golf_shoes,ITEM,golf_shoes,820 g,1500 ml
clogs,ITEM,clogs,916 g,1250 ml
clownshoes,ITEM,clownshoes,1140 g,3500 ml
dance_shoes,ITEM,dance_shoes,870 g,1500 ml
dress_shoes,ITEM,dress_shoes,870 g,1500 ml
flip_flops,ITEM,flip_flops,62 g,250 ml
flip_flops_exp,ITEM,flip_flops_exp,170 g,250 ml
footrags,ITEM,footrags,56 g,250 ml
footrags_fur,ITEM,footrags_fur,135 g,500 ml
footrags_faux_fur,ITEM,footrags_faux_fur,135 g,500 ml
footrags_leather,ITEM,footrags_leather,120 g,500 ml
footrags_wool,ITEM,footrags_wool,56 g,250 ml
geta,ITEM,geta,460 g,1 L
heels,ITEM,heels,640 g,750 ml
knee_high_boots,ITEM,knee_high_boots,1520 g,3750 ml
motor_police_boots,ITEM,motor_police_boots,1520 g,3750 ml
leathersandals,ITEM,leathersandals,675 g,250 ml
lowtops,ITEM,lowtops,114 g,750 ml
mocassins,ITEM,mocassins,230 g,500 ml
motorbike_boots,ITEM,motorbike_boots,1800 g,2 L
roller_blades,ITEM,roller_blades,1640 g,3750 ml
rollerskates,ITEM,rollerskates,2720 g,3 L
shoes_birchbark,ITEM,shoes_birchbark,345 g,500 ml
shoes_bowling,ITEM,shoes_bowling,840 g,1500 ml
shoes_denim,ITEM,shoes_denim,340 g,1500 ml
slippers,ITEM,slippers,70 g,250 ml
sneakers,ITEM,sneakers,454 g,1500 ml
straw_sandals,ITEM,straw_sandals,70 g,500 ml
thigh_high_boots,ITEM,thigh_high_boots,1540 g,4250 ml
roller_shoes_off,ITEM,roller_shoes_off,840 g,1500 ml
roller_shoes_on,ITEM,roller_shoes_on,840 g,1500 ml
chainmail_junk_feet,ITEM,chainmail_junk_feet,1801 g,500 ml
lc_chainmail_feet,ITEM,lc_chainmail_feet,1801 g,500 ml
xl_lc_chainmail_feet,ITEM,xl_lc_chainmail_feet,,
xs_lc_chainmail_feet,ITEM,xs_lc_chainmail_feet,,
mc_chainmail_feet,ITEM,mc_chainmail_feet,,
xl_mc_chainmail_feet,ITEM,xl_mc_chainmail_feet,,
xs_mc_chainmail_feet,ITEM,xs_mc_chainmail_feet,,
hc_chainmail_feet,ITEM,hc_chainmail_feet,,
xl_hc_chainmail_feet,ITEM,xl_hc_chainmail_feet,,
xs_hc_chainmail_feet,ITEM,xs_hc_chainmail_feet,,
ch_chainmail_feet,ITEM,ch_chainmail_feet,,
xl_ch_chainmail_feet,ITEM,xl_ch_chainmail_feet,,
xs_ch_chainmail_feet,ITEM,xs_ch_chainmail_feet,,
qt_chainmail_feet,ITEM,qt_chainmail_feet,,
xl_qt_chainmail_feet,ITEM,xl_qt_chainmail_feet,,
xs_qt_chainmail_feet,ITEM,xs_qt_chainmail_feet,,
nomex_socks,ITEM,nomex_socks,200 g,750 ml
xlnomex_socks,ITEM,xlnomex_socks,300 g,1000 ml
xsnomex_socks,ITEM,xsnomex_socks,,
socks,ITEM,socks,32 g,250 ml
xlsocks,ITEM,xlsocks,58 g,250 ml
xssocks,ITEM,xssocks,,
socks_ankle,ITEM,socks_ankle,25 g,200 ml
socks_bag,ITEM,socks_bag,6 g,250 ml
socks_bowling,ITEM,socks_bowling,20 g,250 ml
socks_wool,ITEM,socks_wool,44 g,250 ml
xlsocks_wool,ITEM,xlsocks_wool,77 g,500 ml
xssocks_wool,ITEM,xssocks_wool,,
stockings,ITEM,stockings,90 g,250 ml
stockings_tent_legs,ITEM,stockings_tent_legs,300 g,1500 ml
tabi_dress,ITEM,tabi_dress,50 g,250 ml
tabi_gi,ITEM,tabi_gi,50 g,250 ml
lc_sabaton,ITEM,mild steel sabaton,750 g,750 ml
xl_lc_sabaton,ITEM,mild steel sabaton,,
mc_sabaton,ITEM,medium steel sabaton,,
xl_mc_sabaton,ITEM,medium steel sabaton,,
hc_sabaton,ITEM,high steel sabaton,,
xl_hc_sabaton,ITEM,high steel sabaton,,
ch_sabaton,ITEM,hardened steel sabaton,,
xl_ch_sabaton,ITEM,hardened steel sabaton,,
qt_sabaton,ITEM,tempered steel sabaton,,
xl_qt_sabaton,ITEM,tempered steel sabaton,,
espadrilles,ITEM,espadrilles,300 g,600 ml
xl_espadrilles,ITEM,xl_espadrilles,,
xs_espadrilles,ITEM,xs_espadrilles,,
jikatabi,ITEM,jikatabi,230 g,500 ml
jikatabi_sneakers,ITEM,jikatabi_sneakers,300 g,500 ml
armor_lc_brigandine,ITEM,mild steel brigandine,6873 g,6137 ml
xl_armor_lc_brigandine,ITEM,mild steel brigandine,,
armor_lc_brigandine_xs,ITEM,mild steel brigandine,,
armor_lc_brigandine_shoulders,ITEM,mild steel brigandine with shoulder guards,7311 g,6593 ml
xl_armor_lc_brigandine_shoulders,ITEM,mild steel brigandine with shoulder guards,,
armor_lc_brigandine_shoulders_xs,ITEM,mild steel brigandine with shoulder guards,,
armor_lc_coat_brigandine,ITEM,mild steel brigandine coat,7646 g,6880 ml
xl_armor_lc_coat_brigandine,ITEM,mild steel brigandine coat,,
armor_lc_coat_brigandine_xs,ITEM,mild steel brigandine coat,,
armor_lc_coat_brigandine_shoulders,ITEM,mild steel brigandine coat with shoulder guards,8084 g,7336 ml
xl_armor_lc_coat_brigandine_shoulders,ITEM,mild steel brigandine coat with shoulder guards,,
armor_lc_coat_brigandine_shoulders_xs,ITEM,mild steel brigandine coat with shoulder guards,,
armor_mc_brigandine,ITEM,medium steel brigandine,,
xl_armor_mc_brigandine,ITEM,medium steel brigandine,,
armor_mc_brigandine_xs,ITEM,medium steel brigandine,,
armor_mc_brigandine_shoulders,ITEM,medium steel brigandine with shoulder guards,,
xl_armor_mc_brigandine_shoulders,ITEM,medium steel brigandine with shoulder guards,,
armor_mc_brigandine_shoulders_xs,ITEM,medium steel brigandine with shoulder guards,,
armor_mc_coat_brigandine,ITEM,medium steel brigandine coat,,
xl_armor_mc_coat_brigandine,ITEM,medium steel brigandine coat,,
armor_mc_coat_brigandine_xs,ITEM,medium steel brigandine coat,,
armor_mc_coat_brigandine_shoulders,ITEM,medium steel brigandine coat with shoulder guards,,
xl_armor_mc_coat_brigandine_shoulders,ITEM,medium steel brigandine coat with shoulder guards,,
armor_mc_coat_brigandine_shoulders_xs,ITEM,medium steel brigandine coat with shoulder guards,,
armor_hc_brigandine,ITEM,high steel brigandine,,
xl_armor_hc_brigandine,ITEM,high steel brigandine,,
armor_hc_brigandine_xs,ITEM,high steel brigandine,,
armor_hc_brigandine_shoulders,ITEM,high steel brigandine with shoulder guards,,
xl_armor_hc_brigandine_shoulders,ITEM,high steel brigandine with shoulder guards,,
armor_hc_brigandine_shoulders_xs,ITEM,high steel brigandine with shoulder guards,,
armor_hc_coat_brigandine,ITEM,high steel brigandine coat,,
xl_armor_hc_coat_brigandine,ITEM,high steel brigandine coat,,
armor_hc_coat_brigandine_xs,ITEM,high steel brigandine coat,,
armor_hc_coat_brigandine_shoulders,ITEM,high steel brigandine coat with shoulder guards,,
xl_armor_hc_coat_brigandine_shoulders,ITEM,high steel brigandine coat with shoulder guards,,
armor_hc_coat_brigandine_shoulders_xs,ITEM,high steel brigandine coat with shoulder guards,,
armor_ch_brigandine,ITEM,hardened brigandine,,
xl_armor_ch_brigandine,ITEM,hardened brigandine,,
armor_ch_brigandine_xs,ITEM,hardened brigandine,,
armor_ch_brigandine_shoulders,ITEM,hardened brigandine with shoulder guards,,
xl_armor_ch_brigandine_shoulders,ITEM,hardened brigandine with shoulder guards,,
armor_ch_brigandine_shoulders_xs,ITEM,hardened brigandine with shoulder guards,,
armor_ch_coat_brigandine,ITEM,hardened brigandine coat,,
xl_armor_ch_coat_brigandine,ITEM,hardened brigandine coat,,
armor_ch_coat_brigandine_xs,ITEM,hardened brigandine coat,,
armor_ch_coat_brigandine_shoulders,ITEM,hardened brigandine coat with shoulder guards,,
xl_armor_ch_coat_brigandine_shoulders,ITEM,hardened brigandine coat with shoulder guards,,
armor_ch_coat_brigandine_shoulders_xs,ITEM,hardened brigandine coat with shoulder guards,,
armor_qt_brigandine,ITEM,tempered brigandine,,
xl_armor_qt_brigandine,ITEM,tempered brigandine,,
armor_qt_brigandine_xs,ITEM,tempered brigandine,,
armor_qt_brigandine_shoulders,ITEM,tempered brigandine with shoulder guards,,
xl_armor_qt_brigandine_shoulders,ITEM,tempered brigandine with shoulder guards,,
armor_qt_brigandine_shoulders_xs,ITEM,tempered brigandine with shoulder guards,,
armor_qt_coat_brigandine,ITEM,tempered brigandine coat,,
xl_armor_qt_coat_brigandine,ITEM,tempered brigandine coat,,
armor_qt_coat_brigandine_xs,ITEM,tempered brigandine coat,,
armor_qt_coat_brigandine_shoulders,ITEM,tempered brigandine coat with shoulder guards,,
xl_armor_qt_coat_brigandine_shoulders,ITEM,tempered brigandine coat with shoulder guards,,
armor_qt_coat_brigandine_shoulders_xs,ITEM,tempered brigandine coat with shoulder guards,,
armguard_lc_brigandine,ITEM,armguard_lc_brigandine,1744 g,2138 ml
xl_armguard_lc_brigandine,ITEM,xl_armguard_lc_brigandine,,
armguard_lc_brigandine_xs,ITEM,armguard_lc_brigandine_xs,,
armguard_mc_brigandine,ITEM,armguard_mc_brigandine,,
xl_armguard_mc_brigandine,ITEM,xl_armguard_mc_brigandine,,
armguard_mc_brigandine_xs,ITEM,armguard_mc_brigandine_xs,,
armguard_hc_brigandine,ITEM,armguard_hc_brigandine,,
xl_armguard_hc_brigandine,ITEM,xl_armguard_hc_brigandine,,
armguard_hc_brigandine_xs,ITEM,armguard_hc_brigandine_xs,,
armguard_ch_brigandine,ITEM,armguard_ch_brigandine,,
xl_armguard_ch_brigandine,ITEM,xl_armguard_ch_brigandine,,
armguard_ch_brigandine_xs,ITEM,armguard_ch_brigandine_xs,,
armguard_qt_brigandine,ITEM,armguard_qt_brigandine,,
xl_armguard_qt_brigandine,ITEM,xl_armguard_qt_brigandine,,
armguard_qt_brigandine_xs,ITEM,armguard_qt_brigandine_xs,,
legguard_lc_brigandine,ITEM,legguard_lc_brigandine,2674 g,3278 ml
xl_legguard_lc_brigandine,ITEM,xl_legguard_lc_brigandine,,
legguard_lc_brigandine_xs,ITEM,legguard_lc_brigandine_xs,,
legguard_mc_brigandine,ITEM,legguard_mc_brigandine,,
xl_legguard_mc_brigandine,ITEM,xl_legguard_mc_brigandine,,
legguard_mc_brigandine_xs,ITEM,legguard_mc_brigandine_xs,,
legguard_hc_brigandine,ITEM,legguard_hc_brigandine,,
xl_legguard_hc_brigandine,ITEM,xl_legguard_hc_brigandine,,
legguard_hc_brigandine_xs,ITEM,legguard_hc_brigandine_xs,,
legguard_ch_brigandine,ITEM,legguard_ch_brigandine,,
xl_legguard_ch_brigandine,ITEM,xl_legguard_ch_brigandine,,
legguard_ch_brigandine_xs,ITEM,legguard_ch_brigandine_xs,,
legguard_qt_brigandine,ITEM,legguard_qt_brigandine,,
xl_legguard_qt_brigandine,ITEM,xl_legguard_qt_brigandine,,
legguard_qt_brigandine_xs,ITEM,legguard_qt_brigandine_xs,,
lc_vambrace_brigandine,ITEM,lc_vambrace_brigandine,600 g,1400 ml
xl_lc_vambrace_brigandine,ITEM,xl_lc_vambrace_brigandine,,
xs_lc_vambrace_brigandine,ITEM,xs_lc_vambrace_brigandine,,
mc_vambrace_brigandine,ITEM,mc_vambrace_brigandine,,
xl_mc_vambrace_brigandine,ITEM,xl_mc_vambrace_brigandine,,
xs_mc_vambrace_brigandine,ITEM,xs_mc_vambrace_brigandine,,
hc_vambrace_brigandine,ITEM,hc_vambrace_brigandine,,
xl_hc_vambrace_brigandine,ITEM,xl_hc_vambrace_brigandine,,
xs_hc_vambrace_brigandine,ITEM,xs_hc_vambrace_brigandine,,
ch_vambrace_brigandine,ITEM,ch_vambrace_brigandine,,
xl_ch_vambrace_brigandine,ITEM,xl_ch_vambrace_brigandine,,
xs_ch_vambrace_brigandine,ITEM,xs_ch_vambrace_brigandine,,
qt_vambrace_brigandine,ITEM,qt_vambrace_brigandine,,
xl_qt_vambrace_brigandine,ITEM,xl_qt_vambrace_brigandine,,
xs_qt_vambrace_brigandine,ITEM,xs_qt_vambrace_brigandine,,
lc_greaves_brigandine,ITEM,lc_greaves_brigandine,600 g,1400 ml
xl_lc_greaves_brigandine,ITEM,xl_lc_greaves_brigandine,,
xs_lc_greaves_brigandine,ITEM,xs_lc_greaves_brigandine,,
mc_greaves_brigandine,ITEM,mc_greaves_brigandine,,
xl_mc_greaves_brigandine,ITEM,xl_mc_greaves_brigandine,,
xs_mc_greaves_brigandine,ITEM,xs_mc_greaves_brigandine,,
hc_greaves_brigandine,ITEM,hc_greaves_brigandine,,
xl_hc_greaves_brigandine,ITEM,xl_hc_greaves_brigandine,,
xs_hc_greaves_brigandine,ITEM,xs_hc_greaves_brigandine,,
ch_greaves_brigandine,ITEM,ch_greaves_brigandine,,
xl_ch_greaves_brigandine,ITEM,xl_ch_greaves_brigandine,,
xs_ch_greaves_brigandine,ITEM,xs_ch_greaves_brigandine,,
qt_greaves_brigandine,ITEM,qt_greaves_brigandine,,
xl_qt_greaves_brigandine,ITEM,xl_qt_greaves_brigandine,,
xs_qt_greaves_brigandine,ITEM,xs_qt_greaves_brigandine,,
lc_brigandine_hands,ITEM,lc_brigandine_hands,684 g,750 ml
xl_lc_brigandine_hands,ITEM,xl_lc_brigandine_hands,,
lc_brigandine_hands_xs,ITEM,lc_brigandine_hands_xs,,
mc_brigandine_hands,ITEM,mc_brigandine_hands,,
xl_mc_brigandine_hands,ITEM,xl_mc_brigandine_hands,,
mc_brigandine_hands_xs,ITEM,mc_brigandine_hands_xs,,
hc_brigandine_hands,ITEM,hc_brigandine_hands,,
xl_hc_brigandine_hands,ITEM,xl_hc_brigandine_hands,,
hc_brigandine_hands_xs,ITEM,hc_brigandine_hands_xs,,
ch_brigandine_hands,ITEM,ch_brigandine_hands,,
xl_ch_brigandine_hands,ITEM,xl_ch_brigandine_hands,,
ch_brigandine_hands_xs,ITEM,ch_brigandine_hands_xs,,
qt_brigandine_hands,ITEM,qt_brigandine_hands,,
xl_qt_brigandine_hands,ITEM,xl_qt_brigandine_hands,,
qt_brigandine_hands_xs,ITEM,qt_brigandine_hands_xs,,
lc_knee_guards,ITEM,lc_knee_guards,157 g,800 ml
xl_lc_knee_guards,ITEM,xl_lc_knee_guards,,
lc_knee_guards_xs,ITEM,lc_knee_guards_xs,,
mc_knee_guards,ITEM,mc_knee_guards,,
xl_mc_knee_guards,ITEM,xl_mc_knee_guards,,
mc_knee_guards_xs,ITEM,mc_knee_guards_xs,,
hc_knee_guards,ITEM,hc_knee_guards,,
xl_hc_knee_guards,ITEM,xl_hc_knee_guards,,
hc_knee_guards_xs,ITEM,hc_knee_guards_xs,,
ch_knee_guards,ITEM,ch_knee_guards,,
xl_ch_knee_guards,ITEM,xl_ch_knee_guards,,
ch_knee_guards_xs,ITEM,ch_knee_guards_xs,,
qt_knee_guards,ITEM,qt_knee_guards,,
xl_qt_knee_guards,ITEM,xl_qt_knee_guards,,
qt_knee_guards_xs,ITEM,qt_knee_guards_xs,,
lc_elbow_guards,ITEM,lc_elbow_guards,103 g,600 ml
xl_lc_elbow_guards,ITEM,xl_lc_elbow_guards,,
lc_elbow_guards_xs,ITEM,lc_elbow_guards_xs,,
mc_elbow_guards,ITEM,mc_elbow_guards,,
xl_mc_elbow_guards,ITEM,xl_mc_elbow_guards,,
mc_elbow_guards_xs,ITEM,mc_elbow_guards_xs,,
hc_elbow_guards,ITEM,hc_elbow_guards,,
xl_hc_elbow_guards,ITEM,xl_hc_elbow_guards,,
hc_elbow_guards_xs,ITEM,hc_elbow_guards_xs,,
ch_elbow_guards,ITEM,ch_elbow_guards,,
xl_ch_elbow_guards,ITEM,xl_ch_elbow_guards,,
ch_elbow_guards_xs,ITEM,ch_elbow_guards_xs,,
qt_elbow_guards,ITEM,qt_elbow_guards,,
xl_qt_elbow_guards,ITEM,xl_qt_elbow_guards,,
qt_elbow_guards_xs,ITEM,qt_elbow_guards_xs,,
lc_shoulder_guards,ITEM,lc_shoulder_guards,438 g,600 ml
xl_lc_shoulder_guards,ITEM,xl_lc_shoulder_guards,,
lc_shoulder_guards_xs,ITEM,lc_shoulder_guards_xs,,
mc_shoulder_guards,ITEM,mc_shoulder_guards,,
xl_mc_shoulder_guards,ITEM,xl_mc_shoulder_guards,,
mc_shoulder_guards_xs,ITEM,mc_shoulder_guards_xs,,
hc_shoulder_guards,ITEM,hc_shoulder_guards,,
xl_hc_shoulder_guards,ITEM,xl_hc_shoulder_guards,,
hc_shoulder_guards_xs,ITEM,hc_shoulder_guards_xs,,
ch_shoulder_guards,ITEM,ch_shoulder_guards,,
xl_ch_shoulder_guards,ITEM,xl_ch_shoulder_guards,,
ch_shoulder_guards_xs,ITEM,ch_shoulder_guards_xs,,
qt_shoulder_guards,ITEM,qt_shoulder_guards,,
xl_qt_shoulder_guards,ITEM,xl_qt_shoulder_guards,,
qt_shoulder_guards_xs,ITEM,qt_shoulder_guards_xs,,
helmet_cardboard,ITEM,cardboard 'great' helm,1250 g,2750 ml
armor_cardboard,ITEM,cardboard 'plate' armor,3450 g,17500 ml
armor_cardboard_cuirass,ITEM,cardboard cuirass,2105 g,6 L
cardboard_crown,ITEM,cardboard crown,200 g,100 ml
cardboard_crown_loose,ITEM,cardboard crown (loosened),,
badge_cardboard,ITEM,cardboard badge,,
american_flag,ITEM,American flag,1 kg,2 L
artifact_energy_shield,ITEM,artifact_energy_shield,10 g,1 ml
debug_energy_shield,ITEM,weak energy shield,1 g,1 ml
pride_flag,ITEM,pride flag,,
national_flag,ITEM,national flag,,
state_flag,ITEM,state flag,,
cape_fp,ITEM,Foodperson's cape,900 g,3 L
cape_sci_fi,ITEM,heraldic cape,5900 g,
ruana_sci_fi,ITEM,dusken ruana,8100 g,3500 ml
grass_cloak,ITEM,grass cloak,710 g,1600 ml
cloak,ITEM,cloak,1175 g,3 L
cloak_denim,ITEM,denim cloak,1800 g,4 L
cloak_vampire,ITEM,sinister cloak (black),150 g,2500 ml
cloak_vampire_red,ITEM,sinister cloak (red),,
cloak_black,ITEM,dark cloak,100 g,2000 ml
cloak_fur,ITEM,fur cloak,1735 g,4 L
cloak_leather,ITEM,leather cloak,2060 g,3500 ml
cloak_wool,ITEM,wool cloak,900 g,3750 ml
jedi_cloak,ITEM,Jedi cloak,1250 g,2500 ml
optical_cloak,ITEM,FB51 optical cloak,1552 g,3500 ml
optical_cloak_on,ITEM,FB51 optical cloak (on),,
poncho,ITEM,wool poncho,907 g,1250 ml
poncho_makeshift,ITEM,makeshift poncho,30 g,50 ml
folding_poncho,ITEM,rain poncho,280 g,250 ml
military_poncho,ITEM,military poncho,450 g,2300 ml
military_poncho_heavy,ITEM,heavy military poncho,1100 g,3800 ml
military_poncho_liner,ITEM,military poncho liner,900 g,4000 ml
coat_straw,ITEM,straw cape,907 g,4 L
snuggie,ITEM,snuggie,625 g,3 L
bunker_coat,ITEM,turnout coat,1930 g,5 L
cassock,ITEM,cassock,1200 g,5 L
coat_fur,ITEM,fur coat,1677 g,5750 ml
xl_coat_fur,ITEM,fur coat,,
xs_coat_fur,ITEM,fur coat,,
coat_faux_fur,ITEM,faux fur coat,,
xl_coat_faux_fur,ITEM,faux fur coat,,
xs_coat_faux_fur,ITEM,faux fur coat,,
coat_lab,ITEM,lab coat,580 g,2250 ml
coat_lab_xedra_mark,ITEM,shielded lab coat,580 g,2250 ml
coat_rain,ITEM,rain coat,960 g,1750 ml
coat_gut,ITEM,gutskin parka,200 g,1250 ml
coat_winter,ITEM,puffer jacket,1340 g,6750 ml
duster,ITEM,duster,2800 g,5750 ml
duster_fur,ITEM,fur duster,2362 g,9750 ml
xl_duster_fur,ITEM,fur duster,,
xs_duster_fur,ITEM,fur duster,,
xl_duster,ITEM,duster,,
xs_duster,ITEM,duster,,
duster_faux_fur,ITEM,faux fur duster,,
xl_duster_faux_fur,ITEM,faux fur duster,,
xs_duster_faux_fur,ITEM,faux fur duster,,
duster_leather,ITEM,leather duster,2655 g,7 L
xl_duster_leather,ITEM,leather duster,,
xs_duster_leather,ITEM,leather duster,,
greatcoat,ITEM,greatcoat,2428 g,8 L
hakama_gi,ITEM,hakama_gi,350 g,1 L
hakama,ITEM,hakama,500 g,1500 ml
house_coat,ITEM,bathrobe,580 g,2 L
jacket_army,ITEM,army jacket,1400 g,3 L
jacket_army_modern,ITEM,combat blouse,650 g,3 L
jacket_chef,ITEM,chef's jacket,720 g,1750 ml
jacket_evac,ITEM,emergency jacket,197 g,2250 ml
jacket_flannel,ITEM,flannel jacket,958 g,4250 ml
jacket_jean,ITEM,jean jacket,800 g,3250 ml
vest_jean,ITEM,jean vest,600 g,2450 ml
jacket_ninja,ITEM,ninja jacket,120 g,1550 ml
jacket_leather,ITEM,leather jacket,1450 g,2000 ml
jacket_light,ITEM,light jacket,227 g,2250 ml
jacket_windbreaker,ITEM,windbreaker,280 g,2250 ml
jacket_varsity,ITEM,varsity jacket,700 g,1500 ml
judo_gi,ITEM,judo_gi,750 g,1500 ml
karate_gi,ITEM,karate_gi,400 g,1500 ml
kariginu,ITEM,kariginu,1400 g,5500 ml
kasaya,ITEM,kasaya,1550 g,5000 ml
keikogi,ITEM,keikogi,250 g,750 ml
kimono,ITEM,kimono,1200 g,5 L
yukata,ITEM,yukata,900 g,3 L
haori,ITEM,haori,800 g,2 L
kittel,ITEM,kittel,1000 g,4 L
leather_police_jacket,ITEM,motorcycle jacket,2700 g,3500 ml
peacoat,ITEM,peacoat,1800 g,3 L
robe,ITEM,robe,1000 g,5 L
ghost_robe,ITEM,ghost's robe,250 g,500 ml
ghost_robe_sheet,ITEM,cheap ghost's robe,225 g,550 ml
grim_reaper_robe,ITEM,grim reaper's robe,225 g,550 ml
grim_reaper_robe_faceless,ITEM,grim reaper's robe (faceless),,
robe_wizard,ITEM,wizard robe,911 g,5 L
samghati,ITEM,samghati,800 g,2250 ml
santa_jacket,ITEM,Santa jacket,1500 g,4500 ml
santa_jacket_short,ITEM,short Santa jacket,1200 g,2000 ml
ski_jacket,ITEM,ski jacket,1105 g,5 L
sleeveless_duster,ITEM,sleeveless duster,2380 g,4500 ml
sleeveless_duster_fur,ITEM,sleeveless fur duster,2007 g,8250 ml
sleeveless_duster_faux_fur,ITEM,sleeveless faux fur duster,,
sleeveless_duster_leather,ITEM,sleeveless leather duster,2257 g,6 L
sleeveless_trenchcoat,ITEM,sleeveless trenchcoat,1904 g,3750 ml
sleeveless_trenchcoat_fur,ITEM,sleeveless fur trenchcoat,1487 g,6750 ml
sleeveless_trenchcoat_faux_fur,ITEM,sleeveless faux fur trenchcoat,,
sleeveless_trenchcoat_leather,ITEM,sleeveless leather trenchcoat,1672 g,4250 ml
sleeveless_tunic,ITEM,sleeveless tunic,240 g,1 L
thawb,ITEM,thawb,1200 g,4500 ml
trenchcoat,ITEM,trenchcoat,2240 g,4250 ml
trenchcoat_fur,ITEM,fur trenchcoat,1750 g,7250 ml
trenchcoat_faux_fur,ITEM,faux fur trenchcoat,,
trenchcoat_leather,ITEM,leather trenchcoat,1967 g,5250 ml
tunic,ITEM,tunic,250 g,1250 ml
tunic_rag,ITEM,rag tunic,500 g,1 L
tux,ITEM,tuxedo,1587 g,5500 ml
waistcoat,ITEM,waistcoat,500 g,1 L
winter_jacket_army,ITEM,army winter jacket,1000 g,3 L
trenchcoat_steampunk,ITEM,steampunk trenchcoat,1967 g,5250 ml
plaguedoctor_robe,ITEM,plague robe,1300 g,5 L
nun_habit,ITEM,nun habit,1200 g,5 L
tacjacket,ITEM,tactical jacket,1052 g,2250 ml
abaya,ITEM,abaya,600 g,2 L
coat_light_winter,ITEM,shell jacket,880 g,2150 ml
combat_exoskeleton_heavy,ITEM,combat exoskeleton mk1,,
combat_exoskeleton_heavy_on,ITEM,combat exoskeleton mk1 (on),,
combat_exoskeleton_medium,ITEM,combat exoskeleton mk2,,
combat_exoskeleton_medium_on,ITEM,combat exoskeleton mk2 (on),,
combat_exoskeleton_light,ITEM,combat exoskeleton mk3,,
combat_exoskeleton_light_on,ITEM,combat exoskeleton mk3 (on),,
combat_exoskeleton_light_salvaged,ITEM,salvaged combat exoskeleton mk3,,
combat_exoskeleton_armor_head_heavy,ITEM,heavy combat exoskeleton head armor,3500 g,3300 ml
combat_exoskeleton_armor_torso_heavy,ITEM,heavy combat exoskeleton torso armor,12700 g,12000 ml
combat_exoskeleton_armor_arm_heavy,ITEM,heavy combat exoskeleton arm armor,10300 g,9700 ml
combat_exoskeleton_armor_leg_heavy,ITEM,heavy combat exoskeleton leg armor,10600 g,10000 ml
combat_exoskeleton_armor_head_medium,ITEM,medium combat exoskeleton head armor,2800 g,2700 ml
combat_exoskeleton_armor_torso_medium,ITEM,medium combat exoskeleton torso armor,10200 g,9600 ml
combat_exoskeleton_armor_arm_medium,ITEM,medium combat exoskeleton arm armor,8200 g,7700 ml
combat_exoskeleton_armor_leg_medium,ITEM,medium combat exoskeleton leg armor,8500 g,8000 ml
combat_exoskeleton_armor_head_light,ITEM,light combat exoskeleton head armor,2300 g,2000 ml
combat_exoskeleton_armor_torso_light,ITEM,light combat exoskeleton torso armor,8200 g,7200 ml
combat_exoskeleton_armor_arm_light,ITEM,light combat exoskeleton arm armor,6600 g,5800 ml
combat_exoskeleton_armor_leg_light,ITEM,light combat exoskeleton leg armor,6800 g,6000 ml
combat_exoskeleton_armor_head_heavy_reinforced,ITEM,reinforced heavy combat exoskeleton head armor,3900 g,3600 ml
combat_exoskeleton_armor_torso_heavy_reinforced,ITEM,reinforced heavy combat exoskeleton torso armor,14000 g,13200 ml
combat_exoskeleton_armor_arm_heavy_reinforced,ITEM,reinforced heavy combat exoskeleton arm armor,11300 g,10700 ml
combat_exoskeleton_armor_leg_heavy_reinforced,ITEM,reinforced heavy combat exoskeleton leg armor,11700 g,11000 ml
combat_exoskeleton_armor_head_medium_reinforced,ITEM,reinforced medium combat exoskeleton head armor,3100 g,3000 ml
combat_exoskeleton_armor_torso_medium_reinforced,ITEM,reinforced medium combat exoskeleton torso armor,11200 g,10600 ml
combat_exoskeleton_armor_arm_medium_reinforced,ITEM,reinforced medium combat exoskeleton arm armor,9000 g,8500 ml
combat_exoskeleton_armor_leg_medium_reinforced,ITEM,reinforced medium combat exoskeleton leg armor,9400 g,8800 ml
combat_exoskeleton_armor_head_light_reinforced,ITEM,reinforced light combat exoskeleton head armor,2500 g,2200 ml
combat_exoskeleton_armor_torso_light_reinforced,ITEM,reinforced light combat exoskeleton torso armor,9000 g,7900 ml
combat_exoskeleton_armor_arm_light_reinforced,ITEM,reinforced light combat exoskeleton arm armor,7300 g,6400 ml
combat_exoskeleton_armor_leg_light_reinforced,ITEM,reinforced light combat exoskeleton leg armor,7500 g,6600 ml
migo_plate_overgrown,ITEM,overgrown iridescent carapace plate,2800 g,1533 ml
migo_plate,ITEM,iridescent carapace plate,2000 g,1533 ml
migo_plate_undergrown,ITEM,undergrown iridescent carapace plate,1500 g,1533 ml
migo_plate_naked,ITEM,plate of scarred flesh,1000 g,1533 ml
migo_sideplate_overgrown,ITEM,overgrown iridescent carapace side plate,,
migo_sideplate,ITEM,iridescent carapace side plate,,
migo_sideplate_undergrown,ITEM,undergrown iridescent carapace side plate,,
migo_sideplate_naked,ITEM,small plate of scarred flesh,,
migo_skin,ITEM,second skin,1500 g,1 L
migo_skin_off,ITEM,resonating gorget,1500 g,100 ml
feeding_kit,ITEM,feeding kit,85 g,250 ml
armor_star_samurai,ITEM,ryūsei battle kit,40 g,200 ml
armor_star_samurai_mask,ITEM,armor_star_samurai_mask,897 g,1 L
armor_star_samurai_torso,ITEM,armor_star_samurai_torso,300 kg,6000 ml
armor_star_samurai_shoulder,ITEM,armor_star_samurai_shoulder,100 kg,4000 ml
armor_star_samurai_legs,ITEM,armor_star_samurai_legs,275 kg,5500 ml
eclipse_glasses,ITEM,eclipse_glasses,27 g,18 ml
eyepatch_leather,ITEM,leather eyepatch,50 g,100 ml
fitover_sunglasses,ITEM,fitover_sunglasses,45 g,250 ml
glasses_bal,ITEM,glasses_bal,184 g,250 ml
glasses_bifocal,ITEM,glasses_bifocal,30 g,250 ml
glasses_eye,ITEM,glasses_eye,30 g,250 ml
glasses_monocle,ITEM,monocle,16 g,5 ml
glasses_reading,ITEM,glasses_reading,30 g,250 ml
glasses_safety,ITEM,glasses_safety,60 g,250 ml
glass_goggles,ITEM,glass_goggles,90 g,250 ml
goggles_ski,ITEM,goggles_ski,354 g,500 ml
goggles_welding,ITEM,goggles_welding,153 g,250 ml
iggaak,ITEM,iggaak,70 g,250 ml
sunglasses,ITEM,sunglasses,35 g,250 ml
sunglasses_bifocal,ITEM,sunglasses_bifocal,30 g,250 ml
sunglasses_eye,ITEM,sunglasses_eye,30 g,250 ml
sunglasses_reading,ITEM,sunglasses_reading,30 g,250 ml
goggles_chem,ITEM,goggles_chem,354 g,500 ml
gambeson,ITEM,padded gambeson,3750 g,7500 ml
xl_gambeson,ITEM,padded gambeson,,
gambeson_xs,ITEM,padded gambeson,,
gambeson_vest,ITEM,padded gambeson vest,3 kg,6000 ml
xl_gambeson_vest,ITEM,padded gambeson vest,,
gambeson_vest_xs,ITEM,padded gambeson vest,,
gambeson_pants,ITEM,gambeson_pants,875 g,1750 ml
xl_gambeson_pants,ITEM,xl_gambeson_pants,,
gambeson_pants_xs,ITEM,gambeson_pants_xs,,
gambeson_hood,ITEM,padded coif,250 g,500 ml
xl_gambeson_hood,ITEM,padded coif,,
xs_gambeson_hood,ITEM,padded coif,,
aketon_canvas,ITEM,canvas aketon,5092 g,3500 ml
xl_aketon_canvas,ITEM,canvas aketon,,
xs_aketon_canvas,ITEM,canvas aketon,,
aketon_canvas_vest,ITEM,canvas aketon vest,3724 g,2500 ml
xl_aketon_canvas_vest,ITEM,canvas aketon vest,,
xs_aketon_canvas_vest,ITEM,canvas aketon vest,,
aketon_pants_canvas,ITEM,aketon_pants_canvas,2736 g,1750 ml
xl_aketon_pants_canvas,ITEM,xl_aketon_pants_canvas,,
xs_aketon_pants_canvas,ITEM,xs_aketon_pants_canvas,,
aketon_hood_canvas,ITEM,canvas coif,760 g,500 ml
xl_aketon_hood_canvas,ITEM,canvas coif,,
xs_aketon_hood_canvas,ITEM,canvas coif,,
aketon_gloves_canvas,ITEM,aketon_gloves_canvas,304 g,250 ml
xl_aketon_gloves_canvas,ITEM,xl_aketon_gloves_canvas,,
xs_aketon_gloves_canvas,ITEM,xs_aketon_gloves_canvas,,
gambeson_canvas,ITEM,canvas gambeson,11856 g,7500 ml
xl_gambeson_canvas,ITEM,canvas gambeson,,
xs_gambeson_canvas,ITEM,canvas gambeson,,
gambeson_canvas_thinsleeved,ITEM,thin-sleeved canvas gambeson,10488 g,7000 ml
xl_gambeson_canvas_thinsleeved,ITEM,thin-sleeved canvas gambeson,,
xs_gambeson_canvas_thinsleeved,ITEM,thin-sleeved canvas gambeson,,
gambeson_canvas_vest,ITEM,sleeveless canvas gambeson,9120 g,6000 ml
xl_gambeson_canvas_vest,ITEM,sleeveless canvas gambeson,,
xs_gambeson_canvas_vest,ITEM,sleeveless canvas gambeson,,
gambeson_pants_canvas,ITEM,gambeson_pants_canvas,5472 g,3750 ml
xl_gambeson_pants_canvas,ITEM,xl_gambeson_pants_canvas,,
xs_gambeson_pants_canvas,ITEM,xs_gambeson_pants_canvas,,
gambeson_gloves_canvas,ITEM,gambeson_gloves_canvas,720 g,500 ml
xl_gambeson_gloves_canvas,ITEM,xl_gambeson_gloves_canvas,,
xs_gambeson_gloves_canvas,ITEM,xs_gambeson_gloves_canvas,,
aketon_nylon,ITEM,nylon aketon,3618 g,3500 ml
xl_aketon_nylon,ITEM,nylon aketon,,
xs_aketon_nylon,ITEM,nylon aketon,,
aketon_nylon_vest,ITEM,nylon aketon vest,2646 g,2500 ml
xl_aketon_nylon_vest,ITEM,nylon aketon vest,,
xs_aketon_nylon_vest,ITEM,nylon aketon vest,,
aketon_pants_nylon,ITEM,aketon_pants_nylon,1944 g,1750 ml
xl_aketon_pants_nylon,ITEM,xl_aketon_pants_nylon,,
xs_aketon_pants_nylon,ITEM,xs_aketon_pants_nylon,,
aketon_hood_nylon,ITEM,nylon coif,540 g,500 ml
xl_aketon_hood_nylon,ITEM,nylon coif,,
xs_aketon_hood_nylon,ITEM,nylon coif,,
aketon_gloves_nylon,ITEM,aketon_gloves_nylon,216 g,250 ml
xl_aketon_gloves_nylon,ITEM,xl_aketon_gloves_nylon,,
xs_aketon_gloves_nylon,ITEM,xs_aketon_gloves_nylon,,
gambeson_nylon,ITEM,nylon gambeson,8424 g,7500 ml
xl_gambeson_nylon,ITEM,nylon gambeson,,
xs_gambeson_nylon,ITEM,nylon gambeson,,
gambeson_nylon_thinsleeved,ITEM,thin-sleeved nylon gambeson,7452 g,7000 ml
xl_gambeson_nylon_thinsleeved,ITEM,thin-sleeved nylon gambeson,,
xs_gambeson_nylon_thinsleeved,ITEM,thin-sleeved nylon gambeson,,
gambeson_nylon_vest,ITEM,sleeveless nylon gambeson,6480 g,6000 ml
xl_gambeson_nylon_vest,ITEM,sleeveless nylon gambeson,,
xs_gambeson_nylon_vest,ITEM,sleeveless nylon gambeson,,
gambeson_pants_nylon,ITEM,gambeson_pants_nylon,3888 g,3750 ml
xl_gambeson_pants_nylon,ITEM,xl_gambeson_pants_nylon,,
xs_gambeson_pants_nylon,ITEM,xs_gambeson_pants_nylon,,
gambeson_gloves_nylon,ITEM,gambeson_gloves_nylon,486 g,500 ml
xl_gambeson_gloves_nylon,ITEM,xl_gambeson_gloves_nylon,,
xs_gambeson_gloves_nylon,ITEM,xs_gambeson_gloves_nylon,,
aketon_wool,ITEM,wool aketon,4355 g,3500 ml
xl_aketon_wool,ITEM,wool aketon,,
xs_aketon_wool,ITEM,wool aketon,,
aketon_wool_vest,ITEM,wool aketon vest,3185 g,2500 ml
xl_aketon_wool_vest,ITEM,wool aketon vest,,
xs_aketon_wool_vest,ITEM,wool aketon vest,,
aketon_pants_wool,ITEM,aketon_pants_wool,2340 g,1750 ml
xl_aketon_pants_wool,ITEM,xl_aketon_pants_wool,,
xs_aketon_pants_wool,ITEM,xs_aketon_pants_wool,,
aketon_hood_wool,ITEM,wool coif,650 g,500 ml
xl_aketon_hood_wool,ITEM,wool coif,,
xs_aketon_hood_wool,ITEM,wool coif,,
aketon_gloves_wool,ITEM,aketon_gloves_wool,260 g,250 ml
xl_aketon_gloves_wool,ITEM,xl_aketon_gloves_wool,,
xs_aketon_gloves_wool,ITEM,xs_aketon_gloves_wool,,
gambeson_wool,ITEM,wool gambeson,10140 g,7500 ml
xl_gambeson_wool,ITEM,wool gambeson,,
xs_gambeson_wool,ITEM,wool gambeson,,
gambeson_wool_thinsleeved,ITEM,thin-sleeved wool gambeson,10488 g,7500 ml
xl_gambeson_wool_thinsleeved,ITEM,thin-sleeved wool gambeson,,
xs_gambeson_wool_thinsleeved,ITEM,thin-sleeved wool gambeson,,
gambeson_wool_vest,ITEM,sleeveless wool gambeson,7800 g,6000 ml
xl_gambeson_wool_vest,ITEM,sleeveless wool gambeson,,
xs_gambeson_wool_vest,ITEM,sleeveless wool gambeson,,
gambeson_pants_wool,ITEM,gambeson_pants_wool,4680 g,3750 ml
xl_gambeson_pants_wool,ITEM,xl_gambeson_pants_wool,,
xs_gambeson_pants_wool,ITEM,xs_gambeson_pants_wool,,
gambeson_gloves_wool,ITEM,gambeson_gloves_wool,585 g,500 ml
xl_gambeson_gloves_wool,ITEM,xl_gambeson_gloves_wool,,
xs_gambeson_gloves_wool,ITEM,xs_gambeson_gloves_wool,,
beekeeping_gloves,ITEM,beekeeping_gloves,120 g,250 ml
boxing_gloves,ITEM,boxing_gloves,453 g,1 L
chainmail_junk_hands,ITEM,chainmail_junk_hands,957 g,500 ml
lc_chainmail_hands,ITEM,lc_chainmail_hands,957 g,500 ml
xl_lc_chainmail_hands,ITEM,xl_lc_chainmail_hands,,
xs_lc_chainmail_hands,ITEM,xs_lc_chainmail_hands,,
mc_chainmail_hands,ITEM,mc_chainmail_hands,,
xl_mc_chainmail_hands,ITEM,xl_mc_chainmail_hands,,
xs_mc_chainmail_hands,ITEM,xs_mc_chainmail_hands,,
hc_chainmail_hands,ITEM,hc_chainmail_hands,,
xl_hc_chainmail_hands,ITEM,xl_hc_chainmail_hands,,
xs_hc_chainmail_hands,ITEM,xs_hc_chainmail_hands,,
ch_chainmail_hands,ITEM,ch_chainmail_hands,,
xl_ch_chainmail_hands,ITEM,xl_ch_chainmail_hands,,
xs_ch_chainmail_hands,ITEM,xs_ch_chainmail_hands,,
qt_chainmail_hands,ITEM,qt_chainmail_hands,,
xl_qt_chainmail_hands,ITEM,xl_qt_chainmail_hands,,
xs_qt_chainmail_hands,ITEM,xs_qt_chainmail_hands,,
fire_gauntlets,ITEM,fire_gauntlets,572 g,1 L
gauntlets_chitin,ITEM,gauntlets_chitin,261 g,300 ml
xl_gauntlets_chitin,ITEM,xl_gauntlets_chitin,,
xs_gauntlets_chitin,ITEM,xs_gauntlets_chitin,,
gauntlets_acidchitin,ITEM,gauntlets_acidchitin,,
xl_gauntlets_acidchitin,ITEM,xl_gauntlets_acidchitin,,
xs_gauntlets_acidchitin,ITEM,xs_gauntlets_acidchitin,,
gloves_claws,ITEM,gloves_claws,160 g,270 ml
gauntlet_fencing,ITEM,fencing gauntlet,175 g,250 ml
gauntlet_fencing_l,ITEM,fencing gauntlet (left),175 g,250 ml
gauntlets_larmor,ITEM,gauntlets_larmor,350 g,750 ml
xl_gauntlets_larmor,ITEM,xl_gauntlets_larmor,,
xs_gauntlets_larmor,ITEM,xs_gauntlets_larmor,,
gloves_bag,ITEM,gloves_bag,6 g,250 ml
gloves_fingerless,ITEM,gloves_fingerless,100 g,250 ml
gloves_fingerless_mod,ITEM,gloves_fingerless_mod,380 g,500 ml
mitten_gaunt_metal_sheets,ITEM,mitten_gaunt_metal_sheets,480 g,1250 ml
ch_mitten_gaunt_metal_sheets,ITEM,ch_mitten_gaunt_metal_sheets,,
gloves_fur,ITEM,gloves_fur,410 g,1 L
xl_gloves_fur,ITEM,xl_gloves_fur,,
xs_gloves_fur,ITEM,xs_gloves_fur,,
gloves_faux_fur,ITEM,gloves_faux_fur,410 g,1 L
xl_gloves_faux_fur,ITEM,xl_gloves_faux_fur,,
xs_gloves_faux_fur,ITEM,xs_gloves_faux_fur,,
glove_jackson,ITEM,white glove,59 g,250 ml
gloves_leather,ITEM,gloves_leather,160 g,250 ml
xl_gloves_leather,ITEM,xl_gloves_leather,,
xs_gloves_leather,ITEM,xs_gloves_leather,,
gloves_denim,ITEM,gloves_denim,150 g,400 ml
gloves_denim_fingerless,ITEM,gloves_denim_fingerless,122 g,270 ml
gloves_light,ITEM,gloves_light,118 g,250 ml
xl_gloves_light,ITEM,xl_gloves_light,,
xs_gloves_light,ITEM,xs_gloves_light,,
gloves_liner,ITEM,gloves_liner,63 g,250 ml
xl_gloves_liner,ITEM,xl_gloves_liner,,
xs_gloves_liner,ITEM,xs_gloves_liner,,
gloves_medical,ITEM,gloves_medical,3 g,5 ml
gloves_black,ITEM,gloves_black,118 g,250 ml
gloves_plate,ITEM,gloves_plate,980 g,1500 ml
xl_gloves_plate,ITEM,xl_gloves_plate,,
xs_gloves_plate,ITEM,xs_gloves_plate,,
gloves_rubber,ITEM,gloves_rubber,20 g,250 ml
gloves_tactical,ITEM,gloves_tactical,220 g,500 ml
gloves_winter,ITEM,gloves_winter,218 g,750 ml
gloves_wool,ITEM,gloves_wool,100 g,250 ml
xl_gloves_wool,ITEM,xl_gloves_wool,,
xs_gloves_wool,ITEM,xs_gloves_wool,,
gloves_wool_fingerless,ITEM,gloves_wool_fingerless,75 g,250 ml
xl_gloves_wool_fingerless,ITEM,xl_gloves_wool_fingerless,,
xs_gloves_wool_fingerless,ITEM,xs_gloves_wool_fingerless,,
gloves_work,ITEM,gloves_work,195 g,250 ml
gloves_cut_resistant,ITEM,gloves_cut_resistant,240 g,250 ml
gloves_wraps,ITEM,gloves_wraps,100 g,250 ml
gloves_wraps_fur,ITEM,gloves_wraps_fur,250 g,500 ml
gloves_wraps_leather,ITEM,gloves_wraps_leather,200 g,500 ml
gloves_wraps_wool,ITEM,gloves_wraps_wool,100 g,250 ml
long_glove_white,ITEM,long_glove_white,400 g,1 L
mittens,ITEM,mittens,364 g,750 ml
nomex_gloves,ITEM,nomex_gloves,190 g,500 ml
santa_gloves,ITEM,santa_gloves,400 g,1 L
sockmitts,ITEM,sockmitts,32 g,250 ml
wool_sockmitts,ITEM,wool_sockmitts,44 g,250 ml
nomex_sockmitts,ITEM,nomex_sockmitts,200 g,750 ml
stockings_tent_arms,ITEM,stockings_tent_arms,360 g,1500 ml
winter_gloves_army,ITEM,winter_gloves_army,218 g,750 ml
gloves_white,ITEM,gloves_white,,
gloves_skeleton,ITEM,gloves_skeleton,23 g,
gloves_golf,ITEM,gloves_golf,150 g,250 ml
gloves_eod,ITEM,gloves_eod,610 g,1000 ml
lc_demi_gaunt,ITEM,lc_demi_gaunt,750 g,750 ml
xl_lc_demi_gaunt,ITEM,xl_lc_demi_gaunt,,
mc_demi_gaunt,ITEM,mc_demi_gaunt,,
xl_mc_demi_gaunt,ITEM,xl_mc_demi_gaunt,,
hc_demi_gaunt,ITEM,hc_demi_gaunt,,
xl_hc_demi_gaunt,ITEM,xl_hc_demi_gaunt,,
ch_demi_gaunt,ITEM,ch_demi_gaunt,,
xl_ch_demi_gaunt,ITEM,xl_ch_demi_gaunt,,
qt_demi_gaunt,ITEM,qt_demi_gaunt,,
xl_qt_demi_gaunt,ITEM,xl_qt_demi_gaunt,,
lc_mitten_gaunt,ITEM,lc_mitten_gaunt,1250 g,1250 ml
xl_lc_mitten_gaunt,ITEM,xl_lc_mitten_gaunt,,
mc_mitten_gaunt,ITEM,mc_mitten_gaunt,,
xl_mc_mitten_gaunt,ITEM,xl_mc_mitten_gaunt,,
hc_mitten_gaunt,ITEM,hc_mitten_gaunt,,
xl_hc_mitten_gaunt,ITEM,xl_hc_mitten_gaunt,,
ch_mitten_gaunt,ITEM,ch_mitten_gaunt,,
xl_ch_mitten_gaunt,ITEM,xl_ch_mitten_gaunt,,
qt_mitten_gaunt,ITEM,qt_mitten_gaunt,,
xl_qt_mitten_gaunt,ITEM,xl_qt_mitten_gaunt,,
gloves_airsoft,ITEM,gloves_airsoft,200 g,300 ml
10gal_hat,ITEM,ten-gallon hat,410 g,2500 ml
bandana_head,ITEM,head bandana,42 g,250 ml
beret,ITEM,beret,120 g,250 ml
beret_wool,ITEM,wool beret,160 g,250 ml
bowhat,ITEM,bowler hat,213 g,1250 ml
chaplet,ITEM,chaplet,46 g,150 ml
cowboy_hat,ITEM,cowboy hat,390 g,2 L
drinking_hat,ITEM,drinking hat,733 g,1500 ml
eboshi,ITEM,eboshi,120 g,500 ml
hat_navy,ITEM,eight point cap,92 g,500 ml
hat_field,ITEM,patrol cap,92 g,500 ml
hat_boonie,ITEM,boonie hat,92 g,500 ml
hat_ball,ITEM,baseball cap,88 g,500 ml
hat_chef,ITEM,toque,140 g,500 ml
hat_cotton,ITEM,cotton hat,78 g,250 ml
hat_fur,ITEM,fur hat,246 g,750 ml
hat_faux_fur,ITEM,faux fur hat,,
hat_hard,ITEM,hard hat,430 g,2500 ml
hat_hard_hooded,ITEM,summer hard hat,470 g,2750 ml
hat_hard_modified,ITEM,modified hard hat,862 g,
hat_hunting,ITEM,hunting cap,206 g,750 ml
hat_knit,ITEM,knit hat,120 g,250 ml
hat_newsboy,ITEM,newsboy cap,100 g,250 ml
hat_noise_cancelling,ITEM,noise canceling headgear,72 g,500 ml
hat_sombrero,ITEM,sombrero,140 g,3500 ml
kippah,ITEM,kippah,80 g,250 ml
kufi,ITEM,kufi cap,88 g,500 ml
maid_hat,ITEM,French maid hat,10 g,250 ml
maid_hat_xl,ITEM,French maid hat,,
maid_hat_xs,ITEM,French maid hat,,
porkpie,ITEM,porkpie hat,213 g,1250 ml
postman_hat,ITEM,mail carrier hat,90 g,750 ml
santa_hat,ITEM,Santa hat,200 g,500 ml
straw_hat,ITEM,straw hat,50 g,750 ml
tinfoil_hat,ITEM,tinfoil hat,16 g,250 ml
tophat,ITEM,top hat,233 g,2500 ml
tricorne,ITEM,tricorne,490 g,2 L
turban,ITEM,turban,105 g,250 ml
hat_golf,ITEM,golf cap,85 g,500 ml
wizard_hat_costume,ITEM,wizard hat,300 g,2 L
pointed_hat,ITEM,pointed hat,40 g,2 L
golden_hat,ITEM,golden hat,,
hijab,ITEM,hijab,100 g,200 ml
niqab,ITEM,niqab,,
attachable_ear_muffs,ITEM,attachable_ear_muffs,185 g,250 ml
attachable_ear_muffs_on,ITEM,attachable_ear_muffs_on,,
ballistic_mandible_guard,ITEM,ballistic_mandible_guard,250 g,250 ml
plastic_mandible_guard,ITEM,plastic_mandible_guard,250 g,200 ml
plastic_chin_guard,ITEM,plastic_chin_guard,5 g,10 ml
counterweight_pouch,ITEM,counterweight_pouch,150 g,150 ml
sun_shield,ITEM,sun shield,98 g,250 ml
shield_visor,ITEM,shield visor,40 g,150 ml
face_shield,ITEM,face shield,170 g,250 ml
face_shield_eod,ITEM,EOD face shield,229 g,250 ml
face_shield_plastic,ITEM,plastic face shield,120 g,250 ml
military_nvg,ITEM,military_nvg,680 g,1200 ml
military_nvg_on,ITEM,military_nvg_on,,
advanced_gpnvg,ITEM,advanced_gpnvg,765 g,1600 ml
advanced_gpnvg_on,ITEM,advanced_gpnvg_on,,
enhanced_nvg,ITEM,enhanced_nvg,720 g,1400 ml
enhanced_nvg_on,ITEM,enhanced_nvg_on,,
nape_protector,ITEM,nape protector,15 g,150 ml
mesh_nape_protector,ITEM,mesh nape protector,10 g,100 ml
kevlar_nape_protector,ITEM,Kevlar nape protector,40 g,500 ml
lc_chainmail_face,ITEM,mild steel chainmail partial aventail,1 kg,300 ml
xl_lc_chainmail_face,ITEM,mild steel chainmail partial aventail,,
xs_lc_chainmail_face,ITEM,mild steel chainmail partial aventail,,
mc_chainmail_face,ITEM,medium steel chainmail partial aventail,,
xl_mc_chainmail_face,ITEM,medium steel chainmail partial aventail,,
xs_mc_chainmail_face,ITEM,medium steel chainmail partial aventail,,
hc_chainmail_face,ITEM,high steel chainmail partial aventail,,
xl_hc_chainmail_face,ITEM,high steel chainmail partial aventail,,
xs_hc_chainmail_face,ITEM,high steel chainmail partial aventail,,
qt_chainmail_face,ITEM,tempered steel chainmail partial aventail,,
xl_qt_chainmail_face,ITEM,tempered steel chainmail partial aventail,,
xs_qt_chainmail_face,ITEM,tempered steel chainmail partial aventail,,
ch_chainmail_face,ITEM,hardened steel chainmail partial aventail,,
xl_ch_chainmail_face,ITEM,hardened steel chainmail partial aventail,,
xs_ch_chainmail_face,ITEM,hardened steel chainmail partial aventail,,
lc_chainmail_aventail,ITEM,mild steel chainmail aventail,1300 g,450 ml
xl_lc_chainmail_aventail,ITEM,mild steel chainmail aventail,,
xs_lc_chainmail_aventail,ITEM,mild steel chainmail aventail,,
mc_chainmail_aventail,ITEM,medium steel chainmail aventail,,
xl_mc_chainmail_aventail,ITEM,medium steel chainmail aventail,,
xs_mc_chainmail_aventail,ITEM,medium steel chainmail aventail,,
hc_chainmail_aventail,ITEM,high steel chainmail aventail,,
xl_hc_chainmail_aventail,ITEM,high steel chainmail aventail,,
xs_hc_chainmail_aventail,ITEM,high steel chainmail aventail,,
qt_chainmail_aventail,ITEM,tempered steel chainmail aventail,,
xl_qt_chainmail_aventail,ITEM,tempered steel chainmail aventail,,
xs_qt_chainmail_aventail,ITEM,tempered steel chainmail aventail,,
ch_chainmail_aventail,ITEM,hardened steel chainmail aventail,,
xl_ch_chainmail_aventail,ITEM,hardened steel chainmail aventail,,
xs_ch_chainmail_aventail,ITEM,hardened steel chainmail aventail,,
lc_steel_facemask,ITEM,mild steel armored face mask,2 kg,300 ml
xl_lc_steel_facemask,ITEM,mild steel armored face mask,,
xs_lc_steel_facemask,ITEM,mild steel armored face mask,,
mc_steel_facemask,ITEM,medium steel armored face mask,,
xl_mc_steel_facemask,ITEM,medium steel armored face mask,,
xs_mc_steel_facemask,ITEM,medium steel armored face mask,,
hc_steel_facemask,ITEM,high steel armored face mask,,
xl_hc_steel_facemask,ITEM,high steel armored face mask,,
xs_hc_steel_facemask,ITEM,high steel armored face mask,,
qt_steel_facemask,ITEM,tempered steel armored face mask,,
xl_qt_steel_facemask,ITEM,tempered steel armored face mask,,
xs_qt_steel_facemask,ITEM,tempered steel armored face mask,,
ch_steel_facemask,ITEM,hardened steel armored face mask,,
xl_ch_steel_facemask,ITEM,hardened steel armored face mask,,
xs_ch_steel_facemask,ITEM,hardened steel armored face mask,,
outsert_clear,ITEM,clear outsert lens,55 g,46 ml
outsert_sunlight,ITEM,sunlight outsert lens,37 g,31 ml
outsert_breach,ITEM,breach outsert lens,43 g,36 ml
insert_vision_correction,ITEM,vision correction assembly,33 g,17 ml
pot_helmet,ITEM,pot helmet,760 g,2 L
stockpot_helmet,ITEM,pot great helm,3580 g,13 L
headgear,ITEM,headgear,500 g,1 L
helmet_army,ITEM,army helmet,1383 g,1750 ml
helmet_army_stripped,ITEM,army helmet (stripped),1153 g,
helmet_army_outdated,ITEM,flak helmet,1400 g,1900 ml
helmet_soviet_tanker,ITEM,Soviet tanker helmet,950 g,1200 ml
tac_fullhelmet,ITEM,tactical full helmet,1594 g,2250 ml
tac_helmet,ITEM,tactical helmet,1180 g,1850 ml
firehelmet,ITEM,firefighter helmet,1500 g,1250 ml
helmet_ball,ITEM,baseball helmet,615 g,1750 ml
helmet_aztec,ITEM,eagle cuacalalatli,1500 g,2500 ml
helmet_barbute,ITEM,barbute helm,1175 g,2500 ml
xl_helmet_barbute,ITEM,barbute helm,,
helmet_barbute_xs,ITEM,barbute helm,,
helmet_bike,ITEM,bike helmet,400 g,1500 ml
helmet_chitin,ITEM,chitinous scale mail hood,906 g,2 L
xl_helmet_chitin,ITEM,chitinous scale mail hood,,
helmet_chitin_xs,ITEM,chitinous scale mail hood,,
helmet_conical,ITEM,conical helm,1425 g,3500 ml
xl_helmet_conical,ITEM,conical helm,,
helmet_conical_xs,ITEM,conical helm,,
helmet_acidchitin,ITEM,biosilicified chitin helmet,,
xl_helmet_acidchitin,ITEM,biosilicified chitin helmet,,
helmet_acidchitin_xs,ITEM,biosilicified chitin helmet,,
helmet_football,ITEM,football helmet,1360 g,2250 ml
helmet_galea,ITEM,galea,1310 g,2500 ml
xl_helmet_galea,ITEM,galea,,
helmet_galea_xs,ITEM,galea,,
helmet_kabuto,ITEM,helmet_kabuto,1625 g,3500 ml
xl_helmet_kabuto,ITEM,xl_helmet_kabuto,,
helmet_kabuto_xs,ITEM,helmet_kabuto_xs,,
helmet_larmor,ITEM,leather armor helmet,658 g,2 L
xl_helmet_larmor,ITEM,leather armor helmet,,
helmet_larmor_xs,ITEM,leather armor helmet,,
helmet_skull,ITEM,wolf skull helmet,1 kg,4 L
helmet_liner,ITEM,helmet liner,110 g,250 ml
helmet_motor,ITEM,full-face motorcycle helmet,1587 g,2250 ml
helmet_motor_raised,ITEM,full-face motorcycle helmet (raised visor),1587 g,2250 ml
helmet_motor_modified,ITEM,modified full-face motorcycle helmet,1703 g,
helmet_riding,ITEM,riding helmet,660 g,1800 ml
helmet_riding_peakless,ITEM,jockey skull cap,650 g,1750 ml
helmet_nasal,ITEM,nasal helm,907 g,2 L
xl_helmet_nasal,ITEM,nasal helm,,
helmet_nasal_xs,ITEM,nasal helm,,
lc_helmet_nasal,ITEM,mild steel nasal helm,1507 g,2 L
xl_lc_helmet_nasal,ITEM,mild steel nasal helm,,
xs_lc_helmet_nasal,ITEM,mild steel nasal helm,,
mc_helmet_nasal,ITEM,medium steel nasal helm,,
xl_mc_helmet_nasal,ITEM,medium steel nasal helm,,
xs_mc_helmet_nasal,ITEM,medium steel nasal helm,,
hc_helmet_nasal,ITEM,high steel nasal helm,,
xl_hc_helmet_nasal,ITEM,high steel nasal helm,,
xs_hc_helmet_nasal,ITEM,high steel nasal helm,,
qt_helmet_nasal,ITEM,tempered steel nasal helm,,
xl_qt_helmet_nasal,ITEM,tempered steel nasal helm,,
xs_qt_helmet_nasal,ITEM,tempered steel nasal helm,,
ch_helmet_nasal,ITEM,hardened steel nasal helm,,
xl_ch_helmet_nasal,ITEM,hardened steel nasal helm,,
xs_ch_helmet_nasal,ITEM,hardened steel nasal helm,,
helmet_plate,ITEM,great helm,2175 g,2750 ml
xl_helmet_plate,ITEM,great helm,,
helmet_plate_xs,ITEM,great helm,,
helmet_kettle,ITEM,kettle helmet,2555 g,2050 ml
xl_helmet_kettle,ITEM,kettle helmet,,
helmet_scrap,ITEM,scrap helmet,2400 g,1600 ml
xl_helmet_scrap,ITEM,scrap helmet,,
helmet_scrap_xs,ITEM,scrap helmet,,
helmet_metal_sheets_full,ITEM,sheet metal great helm,4570 g,2 L
ch_helmet_metal_sheets_full,ITEM,hardened sheet metal great helm,,
helmet_metal_sheets,ITEM,sheet metal helmet,3690 g,2 L
ch_helmet_metal_sheets,ITEM,hardened sheet metal helmet,,
helmet_skid,ITEM,skid lid,1315 g,1250 ml
pickelhaube,ITEM,pickelhaube,980 g,1750 ml
helmet_corinthian,ITEM,Corinthian helm,1310 g,2500 ml
xl_helmet_corinthian,ITEM,Corinthian helm,,
helmet_corinthian_xs,ITEM,Corinthian helm,,
helmet_bronze,ITEM,bronze helmet,1110 g,2500 ml
xl_helmet_bronze,ITEM,bronze helmet,,
xs_helmet_bronze,ITEM,bronze helmet,,
pot_xlhelmet,ITEM,pot helmet,6425 g,25 L
pot_helmet_xs,ITEM,pot helmet,,
helmet_sallet,ITEM,sallet helm,1800 g,2050 ml
helmet_sallet_raised,ITEM,sallet helm (raised),,
helmet_armet,ITEM,armet helm,2300 g,2050 ml
helmet_armet_raised,ITEM,armet helm (raised),,
lc_lighthelm_close,ITEM,mild steel light close helm,2750 g,3 L
lc_lighthelm_close_raised,ITEM,mild steel light close helm (raised),,
xl_lc_lighthelm_close,ITEM,mild steel light close helm,,
xl_lc_lighthelm_close_raised,ITEM,mild steel light close helm (raised),,
mc_lighthelm_close,ITEM,medium steel light close helm,,
mc_lighthelm_close_raised,ITEM,medium steel light close helm (raised),,
xl_mc_lighthelm_close,ITEM,medium steel light close helm,,
xl_mc_lighthelm_close_raised,ITEM,medium steel light close helm (raised),,
hc_lighthelm_close,ITEM,high steel light close helm,,
hc_lighthelm_close_raised,ITEM,high steel light close helm (raised),,
xl_hc_lighthelm_close,ITEM,high steel light close helm,,
xl_hc_lighthelm_close_raised,ITEM,high steel light close helm (raised),,
ch_lighthelm_close,ITEM,hardened steel light close helm,,
ch_lighthelm_close_raised,ITEM,hardened steel light close helm (raised),,
xl_ch_lighthelm_close,ITEM,hardened steel light close helm,,
xl_ch_lighthelm_close_raised,ITEM,hardened steel light close helm (raised),,
qt_lighthelm_close,ITEM,tempered steel light close helm,,
qt_lighthelm_close_raised,ITEM,tempered steel light close helm (raised),,
xl_qt_lighthelm_close,ITEM,tempered steel light close helm,,
xl_qt_lighthelm_close_raised,ITEM,tempered steel light close helm (raised),,
lc_helm_close,ITEM,mild steel close helm,3750 g,3 L
lc_helm_close_raised,ITEM,mild steel close helm (raised),,
xl_lc_helm_close,ITEM,mild steel close helm,,
xl_lc_helm_close_raised,ITEM,mild steel close helm (raised),,
mc_helm_close,ITEM,medium steel close helm,,
mc_helm_close_raised,ITEM,medium steel close helm (raised),,
xl_mc_helm_close,ITEM,medium steel close helm,,
xl_mc_helm_close_raised,ITEM,medium steel close helm (raised),,
hc_helm_close,ITEM,high steel close helm,,
hc_helm_close_raised,ITEM,high steel close helm (raised),,
xl_hc_helm_close,ITEM,high steel close helm,,
xl_hc_helm_close_raised,ITEM,high steel close helm (raised),,
ch_helm_close,ITEM,hardened steel close helm,,
ch_helm_close_raised,ITEM,hardened steel close helm (raised),,
xl_ch_helm_close,ITEM,hardened steel close helm,,
xl_ch_helm_close_raised,ITEM,hardened steel close helm (raised),,
qt_helm_close,ITEM,tempered steel close helm,,
qt_helm_close_raised,ITEM,tempered steel close helm (raised),,
xl_qt_helm_close,ITEM,tempered steel close helm,,
xl_qt_helm_close_raised,ITEM,tempered steel close helm (raised),,
lc_heavyhelm_close,ITEM,mild steel heavy close helm,4750 g,3 L
lc_heavyhelm_close_raised,ITEM,mild steel heavy close helm (raised),,
xl_lc_heavyhelm_close,ITEM,mild steel heavy close helm,,
xl_lc_heavyhelm_close_raised,ITEM,mild steel heavy close helm (raised),,
mc_heavyhelm_close,ITEM,medium steel heavy close helm,,
mc_heavyhelm_close_raised,ITEM,medium steel heavy close helm (raised),,
xl_mc_heavyhelm_close,ITEM,medium steel heavy close helm,,
xl_mc_heavyhelm_close_raised,ITEM,medium steel heavy close helm (raised),,
hc_heavyhelm_close,ITEM,high steel heavy close helm,,
hc_heavyhelm_close_raised,ITEM,high steel heavy close helm (raised),,
xl_hc_heavyhelm_close,ITEM,high steel heavy close helm,,
xl_hc_heavyhelm_close_raised,ITEM,high steel heavy close helm (raised),,
ch_heavyhelm_close,ITEM,hardened steel heavy close helm,,
ch_heavyhelm_close_raised,ITEM,hardened steel heavy close helm (raised),,
xl_ch_heavyhelm_close,ITEM,hardened steel heavy close helm,,
xl_ch_heavyhelm_close_raised,ITEM,hardened steel heavy close helm (raised),,
qt_heavyhelm_close,ITEM,tempered steel heavy close helm,,
qt_heavyhelm_close_raised,ITEM,tempered steel heavy close helm (raised),,
xl_qt_heavyhelm_close,ITEM,tempered steel heavy close helm,,
xl_qt_heavyhelm_close_raised,ITEM,tempered steel heavy close helm (raised),,
airsoft_helmet,ITEM,airsoft helmet,455 g,1850 ml
airsoft_helmet_stripped,ITEM,airsoft helmet (stripped),325 g,
lc_helmet_turban,ITEM,mild steel turban helmet,2400 g,1500 ml
xl_lc_helmet_turban,ITEM,mild steel turban helmet,,
xs_lc_helmet_turban,ITEM,mild steel turban helmet,,
mc_helmet_turban,ITEM,medium steel turban helmet,,
xl_mc_helmet_turban,ITEM,medium steel turban helmet,,
xs_mc_helmet_turban,ITEM,medium steel turban helmet,,
hc_helmet_turban,ITEM,high steel turban helmet,,
xl_hc_helmet_turban,ITEM,high steel turban helmet,,
xs_hc_helmet_turban,ITEM,high steel turban helmet,,
qt_helmet_turban,ITEM,tempered steel turban helmet,,
xl_qt_helmet_turban,ITEM,tempered steel turban helmet,,
xs_qt_helmet_turban,ITEM,tempered steel turban helmet,,
ch_helmet_turban,ITEM,hardened steel turban helmet,,
xl_ch_helmet_turban,ITEM,hardened steel turban helmet,,
xs_ch_helmet_turban,ITEM,hardened steel turban helmet,,
string_dimension_helmet_conical,ITEM,lamba khud helm,1425 g,3500 ml
helmet_sci_fi,ITEM,lunar veil,4100 g,2450 ml
helmet_sci_fi_lowered,ITEM,lunar veil (lowered),3100 g,2450 ml
back_holster,ITEM,back holster,240 g,1250 ml
baldric_holster,ITEM,baldric holster,1320 g,3 L
bootstrap,ITEM,ankle holster,200 g,250 ml
bow_sling,ITEM,bow sling,250 g,500 ml
single_sling,ITEM,single point sling,320 g,500 ml
holster,ITEM,holster,220 g,500 ml
nylon_holster,ITEM,nylon holster,200 g,500 ml
western_holster,ITEM,western gun belt,260 g,550 ml
sholster,ITEM,fast draw holster,,
shoulder_holster,ITEM,shoulder holster,,
bholster,ITEM,deep concealment holster,120 g,250 ml
bbholster,ITEM,belly band holster,240 g,750 ml
side_double_holster,ITEM,side-by-side double holster,500 g,1000 ml
FB_double_holster,ITEM,front-to-back double holster,500 g,1000 ml
side_nylon_double_holster,ITEM,nylon side-by-side double holster,500 g,1000 ml
FB_nylon_double_holster,ITEM,nylon front-to-back double holster,480 g,1000 ml
XL_holster,ITEM,large holster,320 g,250 ml
XL_nylon_holster,ITEM,large nylon holster,287 g,250 ml
XS_holster,ITEM,holster,,
XS_nylon_holster,ITEM,nylon holster,,
beekeeping_hood,ITEM,beekeeping hood,260 g,1500 ml
chainmail_junk_hood,ITEM,chainmail coif,1315 g,500 ml
lc_chainmail_hood,ITEM,mild steel chainmail coif,1315 g,500 ml
xl_lc_chainmail_hood,ITEM,mild steel chainmail coif,,
xs_lc_chainmail_hood,ITEM,mild steel chainmail coif,,
mc_chainmail_hood,ITEM,medium steel chainmail coif,,
xl_mc_chainmail_hood,ITEM,medium steel chainmail coif,,
xs_mc_chainmail_hood,ITEM,medium steel chainmail coif,,
hc_chainmail_hood,ITEM,high steel chainmail coif,,
xl_hc_chainmail_hood,ITEM,high steel chainmail coif,,
xs_hc_chainmail_hood,ITEM,high steel chainmail coif,,
ch_chainmail_hood,ITEM,hardened steel chainmail coif,,
xl_ch_chainmail_hood,ITEM,hardened steel chainmail coif,,
xs_ch_chainmail_hood,ITEM,hardened steel chainmail coif,,
qt_chainmail_hood,ITEM,tempered steel chainmail coif,,
xl_qt_chainmail_hood,ITEM,tempered steel chainmail coif,,
xs_qt_chainmail_hood,ITEM,tempered steel chainmail coif,,
hood_rain,ITEM,rain hood,160 g,750 ml
nomex_hood,ITEM,flame-resistant hood,210 g,500 ml
hood_gut,ITEM,gutskin hood,40 g,250 ml
hood_ninja,ITEM,ninja hood,80 g,1000 ml
integrated_plantskin,ITEM,phelloderm,2 kg,2100 ml
integrated_bark,ITEM,integrated_bark,6 kg,7500 ml
integrated_bark2_a,ITEM,integrated_bark2_a,12 kg,15 L
integrated_bark2_b,ITEM,integrated_bark2_b,12 kg,15 L
integrated_bark2_c,ITEM,integrated_bark2_c,12 kg,15 L
integrated_feathers,ITEM,integrated_feathers,640 g,800 ml
integrated_lightfur,ITEM,integrated_lightfur,300 g,300 ml
integrated_fur,ITEM,integrated_fur,700 g,700 ml
integrated_ursine_fur,ITEM,shaggy fur,2 kg,2 L
integrated_ursine_fur_summer,ITEM,scruffy fur,2 kg,2 L
integrated_lupine_fur,ITEM,gray fur,1 kg,1 L
integrated_lupine_fur_summer,ITEM,summer coat,1 kg,1 L
integrated_feline_fur,ITEM,sleek fur,1 kg,1 L
integrated_rabbitfur,ITEM,integrated_rabbitfur,350 g,350 ml
integrated_lynx_fur,ITEM,lynx fur,200 g,200 ml
integrated_patchskin1,ITEM,jumbled skin,1 kg,1 L
integrated_patchskin2,ITEM,patchwork skin,2 kg,2 L
integrated_patchskin3,ITEM,integrated_patchskin3,3 kg,800 ml
integrated_mandibles,ITEM,integrated_mandibles,200 g,200 ml
integrated_fangs_spider,ITEM,integrated_fangs_spider,300 g,200 ml
integrated_chitin,ITEM,epicuticle,1 kg,1500 ml
integrated_chitin2,ITEM,chitin carapace,3 kg,5 L
integrated_chitin2_molted,ITEM,fresh chitin carapace,1500 g,1 L
integrated_chitin3,ITEM,integrated_chitin3,12 kg,15 L
integrated_chitin3_molted,ITEM,integrated_chitin3_molted,3 kg,2 L
integrated_chitin3_claws,ITEM,integrated_chitin3_claws,450 g,500 ml
integrated_carapace,ITEM,integrated_carapace,11 kg,6 L
integrated_carapace_molted,ITEM,integrated_carapace_molted,4500 g,3 L
integrated_shell,ITEM,integrated_shell,7 kg,10 L
integrated_shell2,ITEM,integrated_shell2,9 kg,15 L
integrated_shell3,ITEM,integrated_shell3,9 kg,15 L
integrated_sparse_scales,ITEM,integrated_sparse_scales,400 g,400 ml
integrated_scales,ITEM,integrated_scales,1 kg,900 ml
integrated_fishscales,ITEM,integrated_fishscales,2 kg,1800 ml
integrated_reptilescales,ITEM,integrated_reptilescales,4 kg,3600 ml
armor_bio_eyes,ITEM,armor_bio_eyes,180 g,250 ml
integrated_claws,ITEM,integrated_claws,100 g,200 ml
integrated_claws_rat,ITEM,integrated_claws_rat,100 g,250 ml
integrated_claws_st,ITEM,integrated_claws_st,100 g,300 ml
integrated_talons,ITEM,integrated_talons,100 g,350 ml
integrated_fangs,ITEM,integrated_fangs,50 g,100 ml
integrated_saber_teeth,ITEM,integrated_saber_teeth,125 g,250 ml
integrated_shark_teeth,ITEM,integrated_shark_teeth,125 g,250 ml
integrated_vampire_fangs,ITEM,integrated_vampire_fangs,100 g,200 ml
integrated_toe_talons,ITEM,integrated_toe_talons,100 g,350 ml
integrated_horns_small,ITEM,integrated_horns_small,500 g,750 ml
integrated_horns_curled,ITEM,integrated_horns_curled,2000 g,2500 ml
integrated_horns_pointed,ITEM,integrated_horns_pointed,2000 g,2500 ml
integrated_antlers,ITEM,integrated_antlers,2000 g,2500 ml
integrated_bio_robofac_xmleg,ITEM,integrated_bio_robofac_xmleg,1600 g,5000 ml
integrated_bio_robofac_xmleg_on,ITEM,integrated_bio_robofac_xmleg_on,,
integrated_bio_robofac_xmarm,ITEM,integrated_bio_robofac_xmarm,1600 g,5000 ml
integrated_bio_robofac_xmarm_on,ITEM,integrated_bio_robofac_xmarm_on,,
integrated_bio_robofac_xmback,ITEM,integrated_bio_robofac_xmback,1600 g,5000 ml
integrated_bio_robofac_xmback_on,ITEM,integrated_bio_robofac_xmback_on,,
integrated_interstice_aura,ITEM,integrated_interstice_aura,1 g,1 ml
bead_bracelet,ITEM,beaded bracelet,6 g,10 ml
bead_ear,ITEM,bead_ear,600 mg,1 ml
bead_necklace,ITEM,beaded necklace,18 g,30 ml
bracelet_friendship,ITEM,friendship bracelet,8 g,10 ml
bronze_medal,ITEM,bronze medal,25 g,10 ml
cowrie_bracelet,ITEM,cowrie bracelet,,
cowrie_hair_beads,ITEM,cowrie hair beads,,
cowrie_necklace,ITEM,cowrie necklace,,
diamond_dental_grill,ITEM,diamond dental grill,10 g,1 ml
garnet_dental_grill,ITEM,garnet dental grill,10 g,1 ml
amethyst_dental_grill,ITEM,amethyst dental grill,,
aquamarine_dental_grill,ITEM,aquamarine dental grill,,
emerald_dental_grill,ITEM,emerald dental grill,,
alexandrite_dental_grill,ITEM,alexandrite dental grill,,
ruby_dental_grill,ITEM,ruby dental grill,,
peridot_dental_grill,ITEM,peridot dental grill,,
sapphire_dental_grill,ITEM,sapphire dental grill,,
tourmaline_dental_grill,ITEM,tourmaline dental grill,,
citrine_dental_grill,ITEM,citrine dental grill,,
barrette,ITEM,barrette,5 g,50 ml
blue_topaz_dental_grill,ITEM,blue topaz dental grill,,
diamond_ring,ITEM,diamond and gold ring,12 g,1 ml
diving_watch,ITEM,diver's watch,100 g,90 ml
collarpin,ITEM,collar pin,10 g,2 ml
copper_bracelet,ITEM,copper bracelet,45 g,10 ml
copper_ear,ITEM,copper_ear,8 g,1 ml
copper_hairpin,ITEM,copper hairpin,180 mg,
copper_locket,ITEM,copper locket,45 g,10 ml
copper_necklace,ITEM,copper necklace,30 g,10 ml
copper_ring,ITEM,copper ring,8 g,1 ml
cufflinks,ITEM,cufflinks,10 g,1 ml
cufflinks_intricate,ITEM,cufflinks_intricate,11 g,1 ml
garnet_gold_cufflinks,ITEM,garnet_gold_cufflinks,15 g,1 ml
diamond_gold_cufflinks,ITEM,diamond_gold_cufflinks,,
amethyst_gold_cufflinks,ITEM,amethyst_gold_cufflinks,,
aquamarine_gold_cufflinks,ITEM,aquamarine_gold_cufflinks,,
emerald_gold_cufflinks,ITEM,emerald_gold_cufflinks,,
alexandrite_gold_cufflinks,ITEM,alexandrite_gold_cufflinks,,
ruby_gold_cufflinks,ITEM,ruby_gold_cufflinks,,
peridot_gold_cufflinks,ITEM,peridot_gold_cufflinks,,
sapphire_gold_cufflinks,ITEM,sapphire_gold_cufflinks,,
tourmaline_gold_cufflinks,ITEM,tourmaline_gold_cufflinks,,
citrine_gold_cufflinks,ITEM,citrine_gold_cufflinks,,
blue_topaz_gold_cufflinks,ITEM,blue_topaz_gold_cufflinks,,
opal_gold_cufflinks,ITEM,opal_gold_cufflinks,,
pearl_gold_cufflinks,ITEM,pearl_gold_cufflinks,,
onyx_gold_cufflinks,ITEM,onyx_gold_cufflinks,,
garnet_silver_cufflinks,ITEM,garnet_silver_cufflinks,9 g,1 ml
diamond_silver_cufflinks,ITEM,diamond_silver_cufflinks,,
amethyst_silver_cufflinks,ITEM,amethyst_silver_cufflinks,,
aquamarine_silver_cufflinks,ITEM,aquamarine_silver_cufflinks,,
emerald_silver_cufflinks,ITEM,emerald_silver_cufflinks,,
alexandrite_silver_cufflinks,ITEM,alexandrite_silver_cufflinks,,
ruby_silver_cufflinks,ITEM,ruby_silver_cufflinks,,
peridot_silver_cufflinks,ITEM,peridot_silver_cufflinks,,
sapphire_silver_cufflinks,ITEM,sapphire_silver_cufflinks,,
tourmaline_silver_cufflinks,ITEM,tourmaline_silver_cufflinks,,
citrine_silver_cufflinks,ITEM,citrine_silver_cufflinks,,
blue_topaz_silver_cufflinks,ITEM,blue_topaz_silver_cufflinks,,
opal_silver_cufflinks,ITEM,opal_silver_cufflinks,,
pearl_silver_cufflinks,ITEM,pearl_silver_cufflinks,,
onyx_silver_cufflinks,ITEM,onyx_silver_cufflinks,,
garnet_platinum_cufflinks,ITEM,garnet_platinum_cufflinks,15 g,1 ml
diamond_platinum_cufflinks,ITEM,diamond_platinum_cufflinks,,
amethyst_platinum_cufflinks,ITEM,amethyst_platinum_cufflinks,,
aquamarine_platinum_cufflinks,ITEM,aquamarine_platinum_cufflinks,,
emerald_platinum_cufflinks,ITEM,emerald_platinum_cufflinks,,
alexandrite_platinum_cufflinks,ITEM,alexandrite_platinum_cufflinks,,
ruby_platinum_cufflinks,ITEM,ruby_platinum_cufflinks,,
peridot_platinum_cufflinks,ITEM,peridot_platinum_cufflinks,,
sapphire_platinum_cufflinks,ITEM,sapphire_platinum_cufflinks,,
tourmaline_platinum_cufflinks,ITEM,tourmaline_platinum_cufflinks,,
citrine_platinum_cufflinks,ITEM,citrine_platinum_cufflinks,,
blue_topaz_platinum_cufflinks,ITEM,blue_topaz_platinum_cufflinks,,
opal_platinum_cufflinks,ITEM,opal_platinum_cufflinks,,
pearl_platinum_cufflinks,ITEM,pearl_platinum_cufflinks,,
onyx_platinum_cufflinks,ITEM,onyx_platinum_cufflinks,,
ear_spool,ITEM,plug,5 g,5 ml
gold_bracelet,ITEM,gold bracelet,40 g,25 ml
gold_dental_grill,ITEM,gold dental grill,10 g,1 ml
gold_ear,ITEM,gold_ear,19 g,1 ml
gold_hairpin,ITEM,gold hairpin,,
gold_locket,ITEM,gold locket,50 g,25 ml
gold_medal,ITEM,gold medal,50 g,25 ml
service_medal,ITEM,service medal,50 g,25 ml
gold_necklace,ITEM,gold necklace,50 g,25 ml
gold_ring,ITEM,gold ring,10 g,1 ml
gold_watch,ITEM,gold watch,150 g,90 ml
tieclip,ITEM,tie clip,12 g,5 ml
silver_watch,ITEM,silver watch,130 g,90 ml
silver_bracelet,ITEM,silver bracelet,30 g,25 ml
silver_ear,ITEM,silver_ear,10 g,1 ml
sf_watch,ITEM,fancy watch,150 g,100 ml
small_relic,ITEM,small relic,60 g,15 ml
wooden_hair_beads,ITEM,wooden hair beads,6 g,10 ml
holy_symbol,ITEM,holy symbol,50 g,25 ml
holy_symbol_wood,ITEM,handmade holy symbol,15 g,25 ml
jade_brooch,ITEM,jade brooch,2 g,1 ml
pearl_collar,ITEM,pearl collar,200 g,200 ml
platinum_watch,ITEM,platinum watch,180 g,100 ml
platinum_bracelet,ITEM,platinum bracelet,50 g,25 ml
platinum_dental_grill,ITEM,platinum dental grill,15 g,1 ml
platinum_ear,ITEM,platinum_ear,20 g,1 ml
platinum_hairpin,ITEM,platinum hairpin,300 mg,
platinum_locket,ITEM,platinum locket,65 g,40 ml
platinum_necklace,ITEM,platinum necklace,47 g,25 ml
platinum_ring,ITEM,platinum ring,15 g,1 ml
ring_engagement,ITEM,engagement ring,14 g,1 ml
ring_purity,ITEM,purity ring,6 g,1 ml
ring_signet,ITEM,signet ring,14 g,1 ml
ring_wedding,ITEM,wedding ring,16 g,2 ml
silver_necklace,ITEM,silver necklace,30 g,25 ml
silver_hairpin,ITEM,silver hairpin,180 mg,
silver_locket,ITEM,silver locket,30 g,25 ml
silver_medal,ITEM,silver medal,50 g,25 ml
silver_ring,ITEM,silver ring,10 g,1 ml
leather_collar,ITEM,leather collar,100 g,100 ml
priest_collar,ITEM,clerical collar,100 g,100 ml
wristwatch,ITEM,wrist watch,100 g,100 ml
rad_badge,ITEM,radiation badge,25 g,25 ml
badge_deputy,ITEM,deputy badge,,
badge_detective,ITEM,detective badge,,
badge_marshal,ITEM,marshal badge,,
badge_swat,ITEM,SWAT badge,,
badge_fbi,ITEM,FBI badge,,
badge_doctor,ITEM,doctor badge,50 g,50 ml
badge_foodkid,ITEM,Foodkid badge,50 g,50 ml
pin_badge,ITEM,pin,4 g,10 ml
fur_cat_ears,ITEM,fur_cat_ears,100 g,100 ml
faux_fur_cat_ears,ITEM,faux_fur_cat_ears,,
fur_cat_tail,ITEM,fuzzy cat tail,250 g,250 ml
faux_fur_cat_tail,ITEM,faux fur cat tail,,
fur_collar,ITEM,fur kitty collar,100 g,100 ml
faux_fur_collar,ITEM,faux fur kitty collar,,
leather_cat_ears,ITEM,leather_cat_ears,100 g,100 ml
leather_cat_tail,ITEM,leather cat tail,250 g,250 ml
diamond_gold_earring,ITEM,diamond_gold_earring,,
garnet_gold_earring,ITEM,garnet_gold_earring,18 mg,1 ml
amethyst_gold_earring,ITEM,amethyst_gold_earring,,
aquamarine_gold_earring,ITEM,aquamarine_gold_earring,,
emerald_gold_earring,ITEM,emerald_gold_earring,,
alexandrite_gold_earring,ITEM,alexandrite_gold_earring,,
ruby_gold_earring,ITEM,ruby_gold_earring,,
peridot_gold_earring,ITEM,peridot_gold_earring,,
sapphire_gold_earring,ITEM,sapphire_gold_earring,,
tourmaline_gold_earring,ITEM,tourmaline_gold_earring,,
citrine_gold_earring,ITEM,citrine_gold_earring,,
blue_topaz_gold_earring,ITEM,blue_topaz_gold_earring,,
opal_gold_earring,ITEM,opal_gold_earring,,
pearl_gold_earring,ITEM,pearl_gold_earring,,
onyx_gold_earring,ITEM,onyx_gold_earring,,
diamond_silver_earring,ITEM,diamond_silver_earring,,
garnet_silver_earring,ITEM,garnet_silver_earring,10 mg,1 ml
amethyst_silver_earring,ITEM,amethyst_silver_earring,,
aquamarine_silver_earring,ITEM,aquamarine_silver_earring,,
emerald_silver_earring,ITEM,emerald_silver_earring,,
alexandrite_silver_earring,ITEM,alexandrite_silver_earring,,
ruby_silver_earring,ITEM,ruby_silver_earring,,
peridot_silver_earring,ITEM,peridot_silver_earring,,
sapphire_silver_earring,ITEM,sapphire_silver_earring,,
tourmaline_silver_earring,ITEM,tourmaline_silver_earring,,
citrine_silver_earring,ITEM,citrine_silver_earring,,
blue_topaz_silver_earring,ITEM,blue_topaz_silver_earring,,
opal_silver_earring,ITEM,opal_silver_earring,,
pearl_silver_earring,ITEM,pearl_silver_earring,,
onyx_silver_earring,ITEM,onyx_silver_earring,,
diamond_platinum_earring,ITEM,diamond_platinum_earring,,
garnet_platinum_earring,ITEM,garnet_platinum_earring,19 mg,1 ml
amethyst_platinum_earring,ITEM,amethyst_platinum_earring,,
aquamarine_platinum_earring,ITEM,aquamarine_platinum_earring,,
emerald_platinum_earring,ITEM,emerald_platinum_earring,,
alexandrite_platinum_earring,ITEM,alexandrite_platinum_earring,,
ruby_platinum_earring,ITEM,ruby_platinum_earring,,
peridot_platinum_earring,ITEM,peridot_platinum_earring,,
sapphire_platinum_earring,ITEM,sapphire_platinum_earring,,
tourmaline_platinum_earring,ITEM,tourmaline_platinum_earring,,
citrine_platinum_earring,ITEM,citrine_platinum_earring,,
blue_topaz_platinum_earring,ITEM,blue_topaz_platinum_earring,,
opal_platinum_earring,ITEM,opal_platinum_earring,,
pearl_platinum_earring,ITEM,pearl_platinum_earring,,
onyx_platinum_earring,ITEM,onyx_platinum_earring,,
garnet_gold_ring,ITEM,garnet and gold ring,18 mg,1 ml
amethyst_gold_ring,ITEM,amethyst and gold ring,,
aquamarine_gold_ring,ITEM,aquamarine and gold ring,,
emerald_gold_ring,ITEM,emerald and gold ring,,
alexandrite_gold_ring,ITEM,alexandrite and gold ring,,
ruby_gold_ring,ITEM,ruby and gold ring,,
peridot_gold_ring,ITEM,peridot and gold ring,,
sapphire_gold_ring,ITEM,sapphire and gold ring,,
tourmaline_gold_ring,ITEM,tourmaline and gold ring,,
citrine_gold_ring,ITEM,citrine and gold ring,,
blue_topaz_gold_ring,ITEM,blue topaz and gold ring,,
opal_gold_ring,ITEM,opal and gold ring,,
pearl_gold_ring,ITEM,pearl and gold ring,,
onyx_gold_ring,ITEM,onyx and gold ring,,
diamond_silver_ring,ITEM,diamond and silver ring,,
garnet_silver_ring,ITEM,garnet and silver ring,10 mg,1 ml
amethyst_silver_ring,ITEM,amethyst and silver ring,,
aquamarine_silver_ring,ITEM,aquamarine and silver ring,,
emerald_silver_ring,ITEM,emerald and silver ring,,
alexandrite_silver_ring,ITEM,alexandrite and silver ring,,
ruby_silver_ring,ITEM,ruby and silver ring,,
peridot_silver_ring,ITEM,peridot and silver ring,,
sapphire_silver_ring,ITEM,sapphire and silver ring,,
tourmaline_silver_ring,ITEM,tourmaline and silver ring,,
citrine_silver_ring,ITEM,citrine and silver ring,,
blue_topaz_silver_ring,ITEM,blue topaz and silver ring,,
opal_silver_ring,ITEM,opal and silver ring,,
pearl_silver_ring,ITEM,pearl and silver ring,,
onyx_silver_ring,ITEM,onyx and silver ring,,
diamond_platinum_ring,ITEM,diamond and platinum ring,,
garnet_platinum_ring,ITEM,garnet and platinum ring,19 mg,1 ml
amethyst_platinum_ring,ITEM,amethyst and platinum ring,,
aquamarine_platinum_ring,ITEM,aquamarine and platinum ring,,
emerald_platinum_ring,ITEM,emerald and platinum ring,,
alexandrite_platinum_ring,ITEM,alexandrite and platinum ring,,
ruby_platinum_ring,ITEM,ruby and platinum ring,,
peridot_platinum_ring,ITEM,peridot and platinum ring,,
sapphire_platinum_ring,ITEM,sapphire and platinum ring,,
tourmaline_platinum_ring,ITEM,tourmaline and platinum ring,,
citrine_platinum_ring,ITEM,citrine and platinum ring,,
blue_topaz_platinum_ring,ITEM,blue topaz and platinum ring,,
opal_platinum_ring,ITEM,opal and platinum ring,,
pearl_platinum_ring,ITEM,pearl and platinum ring,,
onyx_platinum_ring,ITEM,onyx and platinum ring,,
diamond_gold_bracelet,ITEM,diamond and gold bracelet,,
garnet_gold_bracelet,ITEM,garnet and gold bracelet,190 mg,10 ml
amethyst_gold_bracelet,ITEM,amethyst and gold bracelet,,
aquamarine_gold_bracelet,ITEM,aquamarine and gold bracelet,,
emerald_gold_bracelet,ITEM,emerald and gold bracelet,,
alexandrite_gold_bracelet,ITEM,alexandrite and gold bracelet,,
ruby_gold_bracelet,ITEM,ruby and gold bracelet,,
peridot_gold_bracelet,ITEM,peridot and gold bracelet,,
sapphire_gold_bracelet,ITEM,sapphire and gold bracelet,,
tourmaline_gold_bracelet,ITEM,tourmaline and gold bracelet,,
citrine_gold_bracelet,ITEM,citrine and gold bracelet,,
blue_topaz_gold_bracelet,ITEM,blue topaz and gold bracelet,,
opal_gold_bracelet,ITEM,opal and gold bracelet,,
pearl_gold_bracelet,ITEM,pearl and gold bracelet,,
onyx_gold_bracelet,ITEM,onyx and gold bracelet,,
diamond_silver_bracelet,ITEM,diamond and silver bracelet,,
garnet_silver_bracelet,ITEM,garnet and silver bracelet,100 mg,10 ml
amethyst_silver_bracelet,ITEM,amethyst and silver bracelet,,
aquamarine_silver_bracelet,ITEM,aquamarine and silver bracelet,,
emerald_silver_bracelet,ITEM,emerald and silver bracelet,,
alexandrite_silver_bracelet,ITEM,alexandrite and silver bracelet,,
ruby_silver_bracelet,ITEM,ruby and silver bracelet,,
peridot_silver_bracelet,ITEM,peridot and silver bracelet,,
sapphire_silver_bracelet,ITEM,sapphire and silver bracelet,,
tourmaline_silver_bracelet,ITEM,tourmaline and silver bracelet,,
citrine_silver_bracelet,ITEM,citrine and silver bracelet,,
blue_topaz_silver_bracelet,ITEM,blue topaz and silver bracelet,,
opal_silver_bracelet,ITEM,opal and silver bracelet,,
pearl_silver_bracelet,ITEM,pearl and silver bracelet,,
onyx_silver_bracelet,ITEM,onyx and silver bracelet,,
diamond_platinum_bracelet,ITEM,diamond and platinum bracelet,,
garnet_platinum_bracelet,ITEM,garnet and platinum bracelet,190 g,10 ml
amethyst_platinum_bracelet,ITEM,amethyst and platinum bracelet,,
aquamarine_platinum_bracelet,ITEM,aquamarine and platinum bracelet,,
emerald_platinum_bracelet,ITEM,emerald and platinum bracelet,,
alexandrite_platinum_bracelet,ITEM,alexandrite and platinum bracelet,,
ruby_platinum_bracelet,ITEM,ruby and platinum bracelet,,
peridot_platinum_bracelet,ITEM,peridot and platinum bracelet,,
sapphire_platinum_bracelet,ITEM,sapphire and platinum bracelet,,
tourmaline_platinum_bracelet,ITEM,tourmaline and platinum bracelet,,
citrine_platinum_bracelet,ITEM,citrine and platinum bracelet,,
blue_topaz_platinum_bracelet,ITEM,blue topaz and platinum bracelet,,
opal_platinum_bracelet,ITEM,opal and platinum bracelet,,
pearl_platinum_bracelet,ITEM,pearl and platinum bracelet,,
onyx_platinum_bracelet,ITEM,onyx and platinum bracelet,,
garnet_gold_pendant_necklace,ITEM,garnet and gold pendant necklace,70 g,15 ml
diamond_gold_pendant_necklace,ITEM,diamond and gold pendant necklace,,
amethyst_gold_pendant_necklace,ITEM,amethyst and gold pendant necklace,,
aquamarine_gold_pendant_necklace,ITEM,aquamarine and gold pendant necklace,,
emerald_gold_pendant_necklace,ITEM,emerald and gold pendant necklace,,
alexandrite_gold_pendant_necklace,ITEM,alexandrite and gold pendant necklace,,
ruby_gold_pendant_necklace,ITEM,ruby and gold pendant necklace,,
peridot_gold_pendant_necklace,ITEM,peridot and gold pendant necklace,,
sapphire_gold_pendant_necklace,ITEM,sapphire and gold pendant necklace,,
tourmaline_gold_pendant_necklace,ITEM,tourmaline and gold pendant necklace,,
citrine_gold_pendant_necklace,ITEM,citrine and gold pendant necklace,,
blue_topaz_gold_pendant_necklace,ITEM,blue topaz and gold pendant necklace,,
opal_gold_pendant_necklace,ITEM,opal and gold pendant necklace,,
pearl_gold_pendant_necklace,ITEM,pearl and gold pendant necklace,,
onyx_gold_pendant_necklace,ITEM,onyx and gold pendant necklace,,
garnet_silver_pendant_necklace,ITEM,garnet and silver pendant necklace,70 g,15 ml
diamond_silver_pendant_necklace,ITEM,diamond and silver pendant necklace,,
amethyst_silver_pendant_necklace,ITEM,amethyst and silver pendant necklace,,
aquamarine_silver_pendant_necklace,ITEM,aquamarine and silver pendant necklace,,
emerald_silver_pendant_necklace,ITEM,emerald and silver pendant necklace,,
alexandrite_silver_pendant_necklace,ITEM,alexandrite and silver pendant necklace,,
ruby_silver_pendant_necklace,ITEM,ruby and silver pendant necklace,,
peridot_silver_pendant_necklace,ITEM,peridot and silver pendant necklace,,
sapphire_silver_pendant_necklace,ITEM,sapphire and silver pendant necklace,,
tourmaline_silver_pendant_necklace,ITEM,tourmaline and silver pendant necklace,,
citrine_silver_pendant_necklace,ITEM,citrine and silver pendant necklace,,
blue_topaz_silver_pendant_necklace,ITEM,blue topaz and silver pendant necklace,,
opal_silver_pendant_necklace,ITEM,opal and silver pendant necklace,,
pearl_silver_pendant_necklace,ITEM,pearl and silver pendant necklace,,
onyx_silver_pendant_necklace,ITEM,onyx and silver pendant necklace,,
garnet_platinum_pendant_necklace,ITEM,garnet and platinum pendant necklace,70 g,15 ml
diamond_platinum_pendant_necklace,ITEM,diamond and platinum pendant necklace,,
amethyst_platinum_pendant_necklace,ITEM,amethyst and platinum pendant necklace,,
aquamarine_platinum_pendant_necklace,ITEM,aquamarine and platinum pendant necklace,,
emerald_platinum_pendant_necklace,ITEM,emerald and platinum pendant necklace,,
alexandrite_platinum_pendant_necklace,ITEM,alexandrite and platinum pendant necklace,,
ruby_platinum_pendant_necklace,ITEM,ruby and platinum pendant necklace,,
peridot_platinum_pendant_necklace,ITEM,peridot and platinum pendant necklace,,
sapphire_platinum_pendant_necklace,ITEM,sapphire and platinum pendant necklace,,
tourmaline_platinum_pendant_necklace,ITEM,tourmaline and platinum pendant necklace,,
citrine_platinum_pendant_necklace,ITEM,citrine and platinum pendant necklace,,
blue_topaz_platinum_pendant_necklace,ITEM,blue topaz and platinum pendant necklace,,
opal_platinum_pendant_necklace,ITEM,opal and platinum pendant necklace,,
pearl_platinum_pendant_necklace,ITEM,pearl and platinum pendant necklace,,
onyx_platinum_pendant_necklace,ITEM,onyx and platinum pendant necklace,,
garnet_platinum_tiara,ITEM,garnet and platinum tiara,200 g,100 ml
diamond_platinum_tiara,ITEM,diamond and platinum tiara,,
amethyst_platinum_tiara,ITEM,amethyst and platinum tiara,,
aquamarine_platinum_tiara,ITEM,aquamarine and platinum tiara,,
emerald_platinum_tiara,ITEM,emerald and platinum tiara,,
alexandrite_platinum_tiara,ITEM,alexandrite and platinum tiara,,
ruby_platinum_tiara,ITEM,ruby and platinum tiara,,
peridot_platinum_tiara,ITEM,peridot and platinum tiara,,
sapphire_platinum_tiara,ITEM,sapphire and platinum tiara,,
tourmaline_platinum_tiara,ITEM,tourmaline and platinum tiara,,
citrine_platinum_tiara,ITEM,citrine and platinum tiara,,
blue_topaz_platinum_tiara,ITEM,blue topaz and platinum tiara,,
opal_platinum_tiara,ITEM,opal and platinum tiara,,
pearl_platinum_tiara,ITEM,pearl and platinum tiara,,
onyx_platinum_tiara,ITEM,onyx and platinum tiara,,
garnet_gold_tiara,ITEM,garnet and gold tiara,190 g,100 ml
diamond_gold_tiara,ITEM,diamond and gold tiara,,
amethyst_gold_tiara,ITEM,amethyst and gold tiara,,
aquamarine_gold_tiara,ITEM,aquamarine and gold tiara,,
emerald_gold_tiara,ITEM,emerald and gold tiara,,
alexandrite_gold_tiara,ITEM,alexandrite and gold tiara,,
ruby_gold_tiara,ITEM,ruby and gold tiara,,
peridot_gold_tiara,ITEM,peridot and gold tiara,,
sapphire_gold_tiara,ITEM,sapphire and gold tiara,,
tourmaline_gold_tiara,ITEM,tourmaline and gold tiara,,
citrine_gold_tiara,ITEM,citrine and gold tiara,,
blue_topaz_gold_tiara,ITEM,blue topaz and gold tiara,,
opal_gold_tiara,ITEM,opal and gold tiara,,
pearl_gold_tiara,ITEM,pearl and gold tiara,,
onyx_gold_tiara,ITEM,onyx and gold tiara,,
gold_hair_beads,ITEM,gold hair beads,15 g,25 ml
garnet_silver_tiara,ITEM,garnet and silver tiara,130 g,100 ml
diamond_silver_tiara,ITEM,diamond and silver tiara,,
amethyst_silver_tiara,ITEM,amethyst and silver tiara,,
aquamarine_silver_tiara,ITEM,aquamarine and silver tiara,,
emerald_silver_tiara,ITEM,emerald and silver tiara,,
alexandrite_silver_tiara,ITEM,alexandrite and silver tiara,,
ruby_silver_tiara,ITEM,ruby and silver tiara,,
peridot_silver_tiara,ITEM,peridot and silver tiara,,
sapphire_silver_tiara,ITEM,sapphire and silver tiara,,
tourmaline_silver_tiara,ITEM,tourmaline and silver tiara,,
citrine_silver_tiara,ITEM,citrine and silver tiara,,
blue_topaz_silver_tiara,ITEM,blue topaz and silver tiara,,
opal_silver_tiara,ITEM,opal and silver tiara,,
pearl_silver_tiara,ITEM,pearl and silver tiara,,
onyx_silver_tiara,ITEM,onyx and silver tiara,,
gold_anklet,ITEM,gold anklet,6 g,10 ml
silver_anklet,ITEM,silver anklet,6 g,10 ml
bat_anklet,ITEM,bat charm anklet,6 g,10 ml
flower_anklet,ITEM,flower charm anklet,6 g,10 ml
woven_anklet,ITEM,woven anklet,5 g,10 ml
gold_lip_ring_loop,ITEM,gold lip ring loop,18 mg,1 ml
gold_lip_ring_stud,ITEM,gold lip ring stud,18 mg,1 ml
silver_lip_ring_loop,ITEM,silver lip ring loop,18 mg,1 ml
silver_lip_ring_stud,ITEM,silver lip ring stud,18 mg,1 ml
gold_nose_ring_loop,ITEM,gold nose ring loop,18 mg,1 ml
gold_nose_ring_stud,ITEM,gold nose ring stud,18 mg,1 ml
silver_nose_ring_loop,ITEM,silver nose ring loop,18 mg,1 ml
silver_nose_ring_stud,ITEM,silver nose ring stud,18 mg,1 ml
gold_toe_ring,ITEM,gold toe ring,3 g,3 ml
silver_toe_ring,ITEM,silver toe ring,3 g,3 ml
simple_pistol_cartridge_necklace,ITEM,handgun-cartridge necklace,24 g,38 ml
simple_rifle_cartridge_necklace,ITEM,rifle-cartridge necklace,25 g,40 ml
simple_ordnance_cartridge_necklace,ITEM,ordnance-cartridge necklace,37 g,43 ml
fancy_pistol_cartridge_necklace,ITEM,refined pistol-cartridge necklace,56 g,32 ml
fancy_rifle_cartridge_necklace,ITEM,refined rifle-cartridge necklace,57 g,35 ml
fancy_ordinance_cartridge_necklace,ITEM,refined ordnance-cartridge necklace,69 g,38 ml
silver_hair_beads,ITEM,silver hair beads,10 g,20 ml
necklace_teeth,ITEM,teeth necklace,42 g,30 ml
devil_horn_headband,ITEM,devil_horn_headband,100 g,100 ml
angel_halo_headband,ITEM,angel halo,100 g,100 ml
devil_tail,ITEM,devil tail,250 g,250 ml
angel_wings,ITEM,angel_wings,633 g,2 L
collar_playboy,ITEM,collar with bowtie,50 g,100 ml
cuffs,ITEM,cuffs,50 g,100 ml
bunny_ears_black,ITEM,bunny_ears_black,75 g,100 ml
2byshin_guard,ITEM,2byshin_guard,300 g,1500 ml
carpet_legguards,ITEM,carpet_legguards,2040 g,3 L
carpet_greaves,ITEM,carpet_greaves,1020 g,2 L
legguard_chitin,ITEM,legguard_chitin,3623 g,2864 ml
xl_legguard_chitin,ITEM,xl_legguard_chitin,,
xs_legguard_chitin,ITEM,xs_legguard_chitin,,
legguard_acidchitin,ITEM,legguard_acidchitin,,
xl_legguard_acidchitin,ITEM,xl_legguard_acidchitin,,
xs_legguard_acidchitin,ITEM,xs_legguard_acidchitin,,
bunker_pants,ITEM,bunker_pants,2290 g,5 L
chainmail_junk_legs,ITEM,chainmail_junk_legs,,
lc_chainmail_legs,ITEM,lc_chainmail_legs,,
xl_lc_chainmail_legs,ITEM,xl_lc_chainmail_legs,,
xs_lc_chainmail_legs,ITEM,xs_lc_chainmail_legs,,
mc_chainmail_legs,ITEM,mc_chainmail_legs,,
xl_mc_chainmail_legs,ITEM,xl_mc_chainmail_legs,,
xs_mc_chainmail_legs,ITEM,xs_mc_chainmail_legs,,
hc_chainmail_legs,ITEM,hc_chainmail_legs,,
xl_hc_chainmail_legs,ITEM,xl_hc_chainmail_legs,,
xs_hc_chainmail_legs,ITEM,xs_hc_chainmail_legs,,
ch_chainmail_legs,ITEM,ch_chainmail_legs,,
xl_ch_chainmail_legs,ITEM,xl_ch_chainmail_legs,,
xs_ch_chainmail_legs,ITEM,xs_ch_chainmail_legs,,
qt_chainmail_legs,ITEM,qt_chainmail_legs,,
xl_qt_chainmail_legs,ITEM,xl_qt_chainmail_legs,,
xs_qt_chainmail_legs,ITEM,xs_qt_chainmail_legs,,
lc_chainmail_half_legs,ITEM,lc_chainmail_half_legs,,
xl_lc_chainmail_half_legs,ITEM,xl_lc_chainmail_half_legs,,
xs_lc_chainmail_half_legs,ITEM,xs_lc_chainmail_half_legs,,
mc_chainmail_half_legs,ITEM,mc_chainmail_half_legs,,
xl_mc_chainmail_half_legs,ITEM,xl_mc_chainmail_half_legs,,
xs_mc_chainmail_half_legs,ITEM,xs_mc_chainmail_half_legs,,
hc_chainmail_half_legs,ITEM,hc_chainmail_half_legs,,
xl_hc_chainmail_half_legs,ITEM,xl_hc_chainmail_half_legs,,
xs_hc_chainmail_half_legs,ITEM,xs_hc_chainmail_half_legs,,
ch_chainmail_half_legs,ITEM,ch_chainmail_half_legs,,
xl_ch_chainmail_half_legs,ITEM,xl_ch_chainmail_half_legs,,
xs_ch_chainmail_half_legs,ITEM,xs_ch_chainmail_half_legs,,
qt_chainmail_half_legs,ITEM,qt_chainmail_half_legs,,
xl_qt_chainmail_half_legs,ITEM,xl_qt_chainmail_half_legs,,
xs_qt_chainmail_half_legs,ITEM,xs_qt_chainmail_half_legs,,
leggings_thessalonian,ITEM,leggings_thessalonian,5212 g,1500 ml
chaps_leather,ITEM,chaps_leather,1414 g,1250 ml
chaps_cut_resistant,ITEM,chaps_cut_resistant,1519 g,
fencing_pants,ITEM,fencing_pants,450 g,2 L
knee_pads,ITEM,knee_pads,210 g,1500 ml
legguard_bronze,ITEM,legguard_bronze,2520 g,5500 ml
xl_legguard_bronze,ITEM,xl_legguard_bronze,,
xs_legguard_bronze,ITEM,xs_legguard_bronze,,
legguard_hard,ITEM,legguard_hard,625 g,3 L
legguard_metal,ITEM,legguard_metal,2260 g,5500 ml
xl_legguard_metal,ITEM,xl_legguard_metal,,
xs_legguard_metal,ITEM,xs_legguard_metal,,
legguard_metal_sheets,ITEM,legguard_metal_sheets,3500 g,2500 ml
ch_legguard_metal_sheets,ITEM,ch_legguard_metal_sheets,,
legguard_metal_sheets_greaves,ITEM,legguard_metal_sheets_greaves,1750 g,1200 ml
ch_legguard_metal_sheets_greaves,ITEM,ch_legguard_metal_sheets_greaves,,
legguard_metal_sheets_hip,ITEM,sheet metal skirt,4900 g,2 L
ch_legguard_metal_sheets_hip,ITEM,hardened sheet metal skirt,,
legguard_metal_sheets_knees,ITEM,legguard_metal_sheets_knees,700 g,1 L
ch_legguard_metal_sheets_knees,ITEM,ch_legguard_metal_sheets_knees,,
xl_legguard_metal_sheets,ITEM,xl_legguard_metal_sheets,,
xs_legguard_metal_sheets,ITEM,xs_legguard_metal_sheets,,
legguard_paper,ITEM,legguard_paper,370 g,500 ml
improvised_legguard_tire,ITEM,improvised_legguard_tire,2400 g,2 L
legguard_scrap,ITEM,legguard_scrap,3800 g,3 L
xl_legguard_scrap,ITEM,xl_legguard_scrap,,
xs_legguard_scrap,ITEM,xs_legguard_scrap,,
legguard_tire,ITEM,legguard_tire,4800 g,5 L
xl_legguard_tire,ITEM,xl_legguard_tire,,
xs_legguard_tire,ITEM,xs_legguard_tire,,
motorbike_pants,ITEM,motorbike_pants,1340 g,2500 ml
jeans_mod,ITEM,jeans_mod,3810 g,3500 ml
jeans_mod_ch,ITEM,jeans_mod_ch,,
trousers_eod,ITEM,trousers_eod,6400 g,7 L
trousers_eod_light,ITEM,trousers_eod_light,3000 g,7 L
armor_lc_light_leg_guard,ITEM,mild steel light leg guard,2500 g,2916 ml
xl_armor_lc_light_leg_guard,ITEM,mild steel light leg guard,,
armor_mc_light_leg_guard,ITEM,medium steel light leg guard,,
xl_armor_mc_light_leg_guard,ITEM,medium steel light leg guard,,
armor_hc_light_leg_guard,ITEM,high steel light leg guard,,
xl_armor_hc_light_leg_guard,ITEM,high steel light leg guard,,
armor_ch_light_leg_guard,ITEM,hardened light leg guard,,
xl_armor_ch_light_leg_guard,ITEM,hardened light leg guard,,
armor_qt_light_leg_guard,ITEM,tempered light leg guard,,
xl_armor_qt_light_leg_guard,ITEM,tempered light leg guard,,
armor_lc_leg_guard,ITEM,mild steel leg guard,3333 g,2916 ml
xl_armor_lc_leg_guard,ITEM,mild steel leg guard,,
armor_mc_leg_guard,ITEM,medium steel leg guard,,
xl_armor_mc_leg_guard,ITEM,medium steel leg guard,,
armor_hc_leg_guard,ITEM,high steel leg guard,,
xl_armor_hc_leg_guard,ITEM,high steel leg guard,,
armor_ch_leg_guard,ITEM,hardened leg guard,,
xl_armor_ch_leg_guard,ITEM,hardened leg guard,,
armor_qt_leg_guard,ITEM,tempered leg guard,,
xl_armor_qt_leg_guard,ITEM,tempered leg guard,,
armor_lc_heavy_leg_guard,ITEM,mild steel heavy leg guard,4166 g,2916 ml
xl_armor_lc_heavy_leg_guard,ITEM,mild steel heavy leg guard,,
armor_mc_heavy_leg_guard,ITEM,medium steel heavy leg guard,,
xl_armor_mc_heavy_leg_guard,ITEM,medium steel heavy leg guard,,
armor_hc_heavy_leg_guard,ITEM,high steel heavy leg guard,,
xl_armor_hc_heavy_leg_guard,ITEM,high steel heavy leg guard,,
armor_ch_heavy_leg_guard,ITEM,hardened heavy leg guard,,
xl_armor_ch_heavy_leg_guard,ITEM,hardened heavy leg guard,,
armor_qt_heavy_leg_guard,ITEM,tempered heavy leg guard,,
xl_armor_qt_heavy_leg_guard,ITEM,tempered heavy leg guard,,
survivor_adhoc_leather_pants,ITEM,survivor_adhoc_leather_pants,1970 g,2500 ml
canvas_pants_padded,ITEM,canvas_pants_padded,1970 g,2500 ml
armor_riot_leg,ITEM,armor_riot_leg,500 g,2500 ml
legguard_larmor,ITEM,legguard_larmor,2799 g,4 L
xl_legguard_larmor,ITEM,xl_legguard_larmor,,
xs_legguard_larmor,ITEM,xs_legguard_larmor,,
antarvasa,ITEM,antarvasa,500 g,250 ml
b_shorts,ITEM,b_shorts,190 g,1 L
breeches,ITEM,breeches,520 g,1750 ml
cheerleader_skirt,ITEM,cheerleader skirt,100 g,250 ml
cheerleader_skirt_short,ITEM,short cheerleader skirt,70 g,200 ml
fishing_waders,ITEM,fishing_waders,1360 g,9500 ml
hot_pants,ITEM,hot_pants,125 g,250 ml
hot_pants_leather,ITEM,hot_pants_leather,,
hot_pants_fur,ITEM,hot_pants_fur,,
jeans,ITEM,jeans,600 g,2 L
jeans_ripped,ITEM,jeans_ripped,580 g,2 L
jeans_vintage,ITEM,jeans_vintage,700 g,2 L
jeans_skinny,ITEM,jeans_skinny,500 g,1300 ml
kilt,ITEM,kilt,500 g,1500 ml
kilt_utility,ITEM,utility kilt,500 g,1500 ml
kilt_leather,ITEM,leather kilt,1814 g,1500 ml
leggings,ITEM,leggings,155 g,500 ml
loincloth,ITEM,loincloth,75 g,250 ml
loincloth_fur,ITEM,fur loincloth,250 g,250 ml
loincloth_leather,ITEM,leather loincloth,550 g,250 ml
loincloth_wool,ITEM,wool loincloth,56 g,250 ml
nanoskirt,ITEM,nanoskirt,115 g,250 ml
pants,ITEM,pants,560 g,2 L
pants_army,ITEM,pants_army,720 g,2500 ml
pants_cargo,ITEM,pants_cargo,670 g,2250 ml
pants_checkered,ITEM,pants_checkered,625 g,1250 ml
pants_fur,ITEM,pants_fur,920 g,4 L
pants_faux_fur,ITEM,pants_faux_fur,,
trousers_ninja,ITEM,trousers_ninja,400 g,1500 ml
pants_leather,ITEM,pants_leather,980 g,2500 ml
pants_ski,ITEM,pants_ski,450 g,2 L
police_breeches,ITEM,police_breeches,560 g,1500 ml
postman_shorts,ITEM,postman_shorts,230 g,1 L
santa_shorts,ITEM,santa_shorts,230 g,1 L
santa_pants,ITEM,santa_pants,800 g,3 L
shorts,ITEM,shorts,230 g,1 L
shorts_cargo,ITEM,shorts_cargo,340 g,1500 ml
shorts_denim,ITEM,shorts_denim,260 g,1250 ml
skirt_denim,ITEM,jean skirt,300 g,700 ml
skirt,ITEM,skirt,125 g,250 ml
skirt_long,ITEM,long skirt,275 g,550 ml
skirt_grass,ITEM,grass skirt,72 g,500 ml
skirt_leather,ITEM,leather skirt,230 g,250 ml
striped_pants,ITEM,striped_pants,560 g,2 L
technician_pants_gray,ITEM,technician_pants_gray,1040 g,2 L
winter_pants_army,ITEM,winter_pants_army,1000 g,2500 ml
zubon_gi,ITEM,zubon,150 g,750 ml
pants_hiking,ITEM,pants_hiking,250 g,1750 ml
pants_tactical,ITEM,pants_tactical,720 g,2500 ml
skirt_bostonchan,ITEM,Boston-Chan skirt,125 g,250 ml
gaiter_boot,ITEM,gaiter_boot,80 g,125 ml
gaiter_boot_heavy,ITEM,gaiter_boot_heavy,130 g,225 ml
gaiter_boot_makeshift,ITEM,gaiter_boot_makeshift,130 g,225 ml
balclava,ITEM,balaclava,70 g,250 ml
balaclava_cut_resistant,ITEM,cut-resistant balaclava,,
bandana,ITEM,bandana,35 g,250 ml
bondage_mask,ITEM,bondage mask,210 g,1 L
bondage_mask_zipped,ITEM,bondage mask (zipped),,
fencing_mask,ITEM,fencing mask,520 g,1250 ml
mask_bal,ITEM,ballistic mask,512 g,750 ml
mask_dust,ITEM,dust mask,6 g,100 ml
xl_mask_dust,ITEM,dust mask,,
mask_hockey,ITEM,hockey mask,228 g,750 ml
mask_rioter,ITEM,rioter mask,123 g,500 ml
mask_skull,ITEM,skull mask,50 g,750 ml
santa_beard,ITEM,white beard,75 g,150 ml
face_veil,ITEM,face veil,50 g,100 ml
pumpkin_mask,ITEM,pumpkin mask,120 g,250 ml
zombie_mask,ITEM,zombie mask,100 g,250 ml
mask_plague,ITEM,plague mask,50 g,780 ml
string_dimension_biocoif,ITEM,gold-latticed biocoif,120 g,250 ml
clown_wig,ITEM,clown wig,125 g,1 L
clown_nose,ITEM,clown nose,100 g,100 ml
crown_golden,ITEM,golden crown,1000 g,1 L
crown_golden_survivor,ITEM,golden crown,1000 g,1 L
mouthpiece,ITEM,protective mouthpiece,20 g,430 ml
tie_skinny,ITEM,skinny tie,12 g,50 ml
sleeping_bag_roll,ITEM,rolled sleeping bag,,
sleeping_bag_fur,ITEM,fur sleeping bag,1175 g,2 L
sleeping_bag_fur_roll,ITEM,rolled fur sleeping bag,,
tie_bow,ITEM,bow tie,250 mg,5 ml
tie_clipon,ITEM,clip-on tie,10 g,20 ml
tie_necktie,ITEM,necktie,750 mg,25 ml
vampire_fangs,ITEM,vampire_fangs,23 g,250 ml
veil_wedding,ITEM,wedding veil,78 g,750 ml
tarp,ITEM,tarpaulin,1244 g,2 L
tefillin_hand_l,ITEM,tefillin (left arm),250 g,250 ml
tefillin_hand_r,ITEM,tefillin (right arm),250 g,250 ml
tefillin_head,ITEM,tefillin (head),200 g,250 ml
bostonchan_wig,ITEM,Boston-Chan wig,125 g,750 ml
dog_tag,ITEM,dog_tag,5 g,1 ml
horseshoes_wearable,ITEM,horseshoes_wearable,1876 g,2000 ml
kevlar_armor_cow,ITEM,Kevlar-lined cow peto,35 kg,180 L
acidchitin_armor_cow,ITEM,biosilicified chitin cow armor,40 kg,180 L
chitin_armor_cow,ITEM,chitin cow armor,40 kg,180 L
chainmail_armor_cow,ITEM,chainmail cow armor,50 kg,180 L
leather_armor_cow,ITEM,boiled leather cow barding with caparison,18 kg,180 L
leatherbone_armor_cow,ITEM,boiled leather cow barding with bones,20 kg,180 L
rubber_armor_cow,ITEM,cow rain sheet,17 kg,180 L
iron_armor_cow,ITEM,iron cow armor,35 kg,180 L
steel_armor_cow,ITEM,steel cow armor,60 kg,180 L
bronze_armor_cow,ITEM,bronze cow armor,35 kg,180 L
kevlar_harness,ITEM,Kevlar dog harness,2150 g,4500 ml
acidchitin_harness_dog,ITEM,biosilicified chitin dog mesh harness,5362 g,
chitin_harness_dog,ITEM,chitin dog mesh harness,,
chainmail_harness_dog,ITEM,chainmail dog coat,6434 g,
leather_harness_dog,ITEM,leather dog harness,2145 g,
leatherbone_harness_dog,ITEM,leather dog harness with bones,2645 g,
rubber_harness_dog,ITEM,rubber dog rainsuit,1960 g,
kevlar_armor_horse,ITEM,Kevlar-lined horse peto,30 kg,150 L
acidchitin_armor_horse,ITEM,biosilicified chitin horse armor,35 kg,150 L
chitin_armor_horse,ITEM,chitin horse armor,35 kg,150 L
chainmail_armor_horse,ITEM,chainmail horse armor,40 kg,150 L
leather_armor_horse,ITEM,boiled leather horse barding with caparison,15 kg,150 L
leatherbone_armor_horse,ITEM,boiled leather horse barding with bones,17 kg,150 L
rubber_armor_horse,ITEM,horse rain sheet,14 kg,150 L
iron_armor_horse,ITEM,iron horse armor,30 kg,150 L
steel_armor_horse,ITEM,steel horse armor,50 kg,150 L
bronze_armor_horse,ITEM,bronze horse armor,30 kg,150 L
saddlebag,ITEM,saddlebag,1 kg,7500 ml
robofac_armor_rig,ITEM,Hub 01 modular defense system,960 g,250 ml
robofac_armor_anchor,ITEM,Hub 01 modular defense anchor,2000 g,4250 ml
robofac_armor_anchor_on,ITEM,Hub 01 modular defense anchor (on),,
robofac_head_rig,ITEM,robofac_head_rig,1200 g,1200 ml
robofac_head_rig_nv,ITEM,robofac_head_rig_nv,,
robofac_head_rig_ar,ITEM,robofac_head_rig_ar,1400 g,1200 ml
robofac_head_rig_ar_on,ITEM,robofac_head_rig_ar_on,,
robofac_robotrig,ITEM,robofac_robotrig,425 g,500 ml
robofac_basic_mantle,ITEM,Hub 01 prototype mantle,,
robofac_rubber_mantle,ITEM,Hub 01 kinetic mantle,,
robofac_nomex_mantle,ITEM,Hub 01 turnout mantle,,
robofac_kevlar_mantle,ITEM,Hub 01 ballistic mantle,,
robofac_military_mantle,ITEM,Hub 01 soldier mantle,,
robofac_basic_skirt,ITEM,Hub 01 prototype skirt,,
robofac_rubber_skirt,ITEM,Hub 01 kinetic skirt,,
robofac_nomex_skirt,ITEM,Hub 01 turnout skirt,,
robofac_kevlar_skirt,ITEM,Hub 01 ballistic skirt,,
robofac_military_skirt,ITEM,Hub 01 soldier skirt,,
robofac_basic_vambraces,ITEM,robofac_basic_vambraces,,
robofac_rubber_vambraces,ITEM,robofac_rubber_vambraces,,
robofac_nomex_vambraces,ITEM,robofac_nomex_vambraces,,
robofac_kevlar_vambraces,ITEM,robofac_kevlar_vambraces,,
robofac_military_vambraces,ITEM,robofac_military_vambraces,,
robofac_basic_greaves,ITEM,robofac_basic_greaves,,
robofac_rubber_greaves,ITEM,robofac_rubber_greaves,,
robofac_nomex_greaves,ITEM,robofac_nomex_greaves,,
robofac_kevlar_greaves,ITEM,robofac_kevlar_greaves,,
robofac_military_greaves,ITEM,robofac_military_greaves,,
robofac_basic_helmet,ITEM,Hub 01 prototype helmet,,
robofac_rubber_helmet,ITEM,Hub 01 kinetic helmet,,
robofac_nomex_helmet,ITEM,Hub 01 turnout helmet,,
robofac_kevlar_helmet,ITEM,Hub 01 ballistic helmet,,
robofac_military_helmet,ITEM,Hub 01 soldier helmet,,
hub_meteorology_pack,ITEM,Hub 01 hazardous meteorology pack,1200 g,4500 ml
robofac_poncho_liner,ITEM,Hub 01 MPET poncho liner,50 g,200 ml
robofac_lens_helmet,ITEM,Hub 01 LENS helmet,1400 g,1200 ml
robofac_lens_helmet_pat,ITEM,modified Hub 01 LENS helmet,,
robofac_lens_helmet_pat_on,ITEM,robofac_lens_helmet_pat_on,,
robofac_lens_helmet_on,ITEM,robofac_lens_helmet_on,,
robofac_lens_mask_bal,ITEM,Hub 01 LENS ballistic mask,512 g,750 ml
robofac_lens_mask_filter,ITEM,Hub 01 LENS filter mask,512 g,750 ml
robofac_lens_mask_gas,ITEM,Hub 01 LENS CBRN mask,512 g,750 ml
robofac_lens_mask_papr,ITEM,Hub 01 LENS PAPR mask,512 g,750 ml
cowl_wool,ITEM,knit cowl,272 g,2 L
headscarf,ITEM,headscarf,70 g,250 ml
keffiyeh,ITEM,keffiyeh,282 g,564 ml
patchwork_scarf,ITEM,simple patchwork scarf,60 g,500 ml
patchwork_scarf_loose,ITEM,simple patchwork scarf (loose),60 g,500 ml
patchwork_scarf_headwrap,ITEM,simple patchwork scarf (headwrap),60 g,500 ml
long_patchwork_scarf,ITEM,long patchwork scarf,120 g,1 L
long_patchwork_scarf_loose,ITEM,long patchwork scarf (loose),120 g,1 L
long_patchwork_scarf_headwrap,ITEM,long patchwork scarf (headwrap),120 g,1 L
knit_scarf,ITEM,knit scarf,96 g,750 ml
knit_scarf_loose,ITEM,knit scarf (loose),96 g,750 ml
knit_scarf_headwrap,ITEM,knit scarf (headwrap),96 g,750 ml
long_knit_scarf,ITEM,long knit scarf,192 g,1250 ml
long_knit_scarf_loose,ITEM,long knit scarf (loose),192 g,1250 ml
long_knit_scarf_headwrap,ITEM,long knit scarf (headwrap),192 g,1250 ml
scarf,ITEM,wool scarf,100 g,750 ml
scarf_loose,ITEM,wool scarf (loose),80 g,750 ml
scarf_headwrap,ITEM,wool scarf (headwrap),80 g,750 ml
scarf_long,ITEM,long wool scarf,160 g,1250 ml
scarf_long_loose,ITEM,long wool scarf (loose),160 g,1250 ml
scarf_long_headwrap,ITEM,long wool scarf (headwrap),160 g,1250 ml
scarf_fur,ITEM,fur scarf,140 g,1 L
scarf_fur_loose,ITEM,fur scarf (loose),140 g,1 L
scarf_fur_headwrap,ITEM,fur scarf (headwrap),140 g,1 L
scarf_fur_long,ITEM,long fur scarf,280 g,2 L
scarf_fur_long_loose,ITEM,long fur scarf (loose),280 g,2 L
scarf_fur_long_headwrap,ITEM,long fur scarf (headwrap),280 g,2 L
scarf_faux_fur,ITEM,faux fur scarf,140 g,1 L
scarf_faux_fur_loose,ITEM,faux fur scarf (loose),140 g,1 L
scarf_faux_fur_headwrap,ITEM,faux fur scarf (headwrap),140 g,1 L
scarf_faux_fur_long,ITEM,long faux fur scarf,280 g,2 L
scarf_faux_fur_long_loose,ITEM,long faux fur scarf (loose),280 g,2 L
scarf_faux_fur_long_headwrap,ITEM,long faux fur scarf (headwrap),280 g,2 L
marloss_scarf,ITEM,cyan scarf,,
grass_keffiyeh,ITEM,grass keffiyeh,152 g,1250 ml
nun_wimple,ITEM,wimple,70 g,250 ml
tallit_gadol,ITEM,tallit_gadol,500 g,1 L
throat_guard_nylon,ITEM,nylon throat guard,60 g,510 ml
throat_guard_canvas,ITEM,canvas throat guard,,
throat_guard_plastic,ITEM,plastic throat guard,160 g,4408 ml
throat_guard_cut_resistant,ITEM,cut-resistant throat guard,136 g,
throat_guard_mercenary,ITEM,mercenary throat guard,680 g,1000 ml
axe_ring,ITEM,axe ring holster,180 g,600 ml
baldric,ITEM,longsword scabbard,1625 g,2 L
leg_sheath6,ITEM,throwing knives leg sheath,250 g,1000 ml
gartersheath1,ITEM,garter sheath,160 g,500 ml
gartersheath2,ITEM,garter double sheath,320 g,1000 ml
bootsheath,ITEM,ankle sheath,160 g,500 ml
bootsheath_birchbark,ITEM,birchbark ankle sheath,190 g,500 ml
bscabbard,ITEM,back scabbard,1890 g,2250 ml
scabbard,ITEM,scabbard,1360 g,1750 ml
nylon_scabbard,ITEM,nylon scabbard,1360 g,1750 ml
sheath,ITEM,sheath,200 g,500 ml
sheath_birchbark,ITEM,birchbark sheath,250 g,500 ml
spearsling,ITEM,spear strap,160 g,500 ml
spearsling_canvas,ITEM,canvas spear strap,,
backpack,ITEM,backpack,633 g,2 L
backpack_hiking,ITEM,hiking backpack,2291 g,14700 ml
backpack_hunting,ITEM,hunting backpack,2767 g,18000 ml
backpack_giant,ITEM,giant novelty backpack,1200 g,9186 ml
backpack_leather,ITEM,leather backpack,818 g,2 L
backpack_denim,ITEM,denim backpack,560 g,2 L
backpack_tactical_large,ITEM,large tactical backpack,2291 g,15 L
bigback,ITEM,high-volume rucksack,3539 g,21 L
bindle,ITEM,bindle,980 g,3 L
boxpack,ITEM,box backpack,8 kg,15750 ml
briefcase,ITEM,briefcase,1700 g,15750 ml
laptop_hard_case,ITEM,laptop hard case,3800 g,29740 ml
laptop_hard_case_shoulder,ITEM,laptop hard case,,
laptop_hard_case_back,ITEM,laptop hard case,,
case_violin,ITEM,violin case,2800 g,10500 ml
daypack,ITEM,daypack,411 g,2100 ml
deployment_bag,ITEM,deployment bag,480 g,300 ml
dive_bag,ITEM,dive bag,512 g,1500 ml
dry_bag,ITEM,dry bag,580 g,1750 ml
duffelbag,ITEM,duffel bag,933 g,6 L
dry_duffelbag,ITEM,dry duffel bag,1300 g,10500 ml
dump_pouch,ITEM,tactical dump pouch,288 g,525 ml
fanny,ITEM,fanny pack,272 g,1050 ml
golf_bag,ITEM,golf bag,1900 g,45 L
hide_bag,ITEM,hide bag,,
hide_tainted_bag,ITEM,tainted hide bag,,
hk_briefcase,ITEM,H&K operational briefcase (empty),1500 g,15232 ml
jerrypack,ITEM,jerrypack,1763 g,10500 ml
leather_pouch,ITEM,leather pouch,250 g,500 ml
legrig,ITEM,drop leg pouch,102 g,525 ml
legrig_wetsuit,ITEM,legrig_wetsuit,305 g,1150 ml
leg_bag,ITEM,drop leg bag,258 g,1550 ml
leg_small_bag,ITEM,small leg purse,,
armrig,ITEM,armband pouch,205 g,550 ml
ankle_wallet_pouch,ITEM,ankle wallet pouch,60 g,150 ml
makeshift_knapsack,ITEM,makeshift knapsack,560 g,2 L
makeshift_sling,ITEM,makeshift sling,771 g,5 L
mbag,ITEM,messenger bag,690 g,2625 ml
mbag_sided,ITEM,messenger bag,,
molle_pack,ITEM,MOLLE assault pack,1450 g,6 L
molle_medium_rucksack,ITEM,MOLLE medium rucksack,1600 g,8000 ml
molle_large_rucksack,ITEM,MOLLE large rucksack,2200 g,11000 ml
net_backpack,ITEM,net backpack,192 g,750 ml
petpack,ITEM,petpack,900 g,36750 ml
plastic_shopping_bag,ITEM,plastic shopping bag,2 g,30 ml
purse,ITEM,purse,297 g,1 L
ragpouch,ITEM,pouch,35 g,500 ml
rucksack,ITEM,military rucksack,1140 g,11 L
runner_bag,ITEM,runner pack,360 g,1500 ml
slingpack,ITEM,sling pack,566 g,2100 ml
straw_basket,ITEM,straw basket,100 g,10500 ml
suitcase_l,ITEM,suitcase,5000 g,115500 ml
suitcase_m,ITEM,suitcase,3000 g,47250 ml
swag_bag,ITEM,swag bag,415 g,1 L
travelpack,ITEM,travelpack,636 g,5 L
vest,ITEM,utility vest,536 g,1 L
wicker_backpack,ITEM,wicker backpack,712 g,15004 ml
debug_backpack,ITEM,debug pocket universe,1 g,1 L
rifle_case_soft,ITEM,rifle case,708 g,2 L
rifle_case_soft_leather,ITEM,leather rifle case,1104 g,2 L
rifle_case_soft_2,ITEM,double rifle case,1042 g,3 L
rifle_case_soft_leather_2,ITEM,leather double rifle case,1104 g,2 L
rifle_case_xl_soft_leather,ITEM,long leather rifle case,1104 g,2 L
camera_bag,ITEM,camera bag,600 g,7000 ml
bookstrap,ITEM,bookstrap,204 g,350 ml
rope_loop,ITEM,loop of rope,180 g,360 ml
bigtrapper_pack,ITEM,big trapper pack,10 kg,45 L
trapper_pack,ITEM,trapper pack,5 kg,10 L
frame_pack,ITEM,pack frame,5 kg,10 L
bigframe_pack,ITEM,big pack frame,10 kg,45 L
seabag,ITEM,military seabag,1000 g,5 L
duffelbag_gym_xxs,ITEM,small gym bag,350 g,3 L
duffelbag_gym_xs,ITEM,light gym bag,450 g,4 L
duffelbag_gym_s,ITEM,gym bag,600 g,6 L
duffelbag_gym_m,ITEM,gym bag,800 g,7 L
duffelbag_gym_l,ITEM,large gym bag,1100 g,10 L
duffelbag_gym_xl,ITEM,big gym bag,1400 g,15 L
duffelbag_l_poly,ITEM,large duffel bag,1050 g,7 L
duffelbag_xl_nylon,ITEM,big duffel bag,770 g,9 L
backpack_small,ITEM,small backpack,333 g,2 L
bondage_suit,ITEM,bondage suit,1000 g,3250 ml
bodysuit_lycra,ITEM,Lycra bodysuit,408 g,2 L
clown_suit,ITEM,clown suit,1420 g,5750 ml
denim_overalls,ITEM,denim_overalls,1200 g,3300 ml
flag_jumpsuit,ITEM,flag jumpsuit,,
jumpsuit_pocketless,ITEM,pocketless jumpsuit,610 g,3500 ml
jumpsuit,ITEM,jumpsuit,,
jumpsuit_xl,ITEM,jumpsuit,810 g,5 L
jumpsuit_xs,ITEM,jumpsuit,,
jumpsuit_skeleton,ITEM,skeleton jumpsuit,939 g,3500 ml
jumpsuit_skeleton_zipped,ITEM,skeleton jumpsuit (zipped),,
mummy_jumpsuit,ITEM,mummy_jumpsuit,639 g,3500 ml
technician_coveralls,ITEM,technician_coveralls,1328 g,1000 ml
technician_coveralls_h,ITEM,technician_coveralls_h,2100 g,2000 ml
union_suit,ITEM,union suit,168 g,1 L
fursuit,ITEM,fursuit,7033 g,12 L
wool_suit,ITEM,thick wool onesie,883 g,3 L
wool_suit_devil,ITEM,devil onesie,883 g,3 L
zentai,ITEM,zentai,600 g,500 ml
ski_bib,ITEM,ski_bib,1200 g,3300 ml
ski_bib_unzipped,ITEM,ski_bib_unzipped,,
armor_blarmor,ITEM,boiled leather armor,8400 g,9500 ml
armor_chitin,ITEM,chitinous scale mail suit,9056 g,7 L
xl_armor_chitin,ITEM,chitinous scale mail suit,,
armor_chitin_xs,ITEM,chitinous scale mail suit,,
armor_acidchitin,ITEM,biosilicified chitin armor,,
xl_armor_acidchitin,ITEM,biosilicified chitin armor,,
armor_acidchitin_xs,ITEM,biosilicified chitin armor,,
armor_farmor,ITEM,fur body armor,3414 g,10 L
xl_armor_farmor,ITEM,fur body armor,,
armor_farmor_xs,ITEM,fur body armor,,
armor_faux_farmor,ITEM,faux fur body armor,3414 g,10 L
xl_armor_faux_farmor,ITEM,faux fur body armor,,
armor_faux_farmor_xs,ITEM,faux fur body armor,,
armor_larmor,ITEM,leather body armor,8400 g,10 L
xl_armor_larmor,ITEM,leather body armor,,
armor_larmor_xs,ITEM,leather body armor,,
armor_junk_lightplate,ITEM,junk plate armor,11 kg,17500 ml
armor_metal_sheets,ITEM,sheet metal armor,22300 g,17500 ml
armor_ch_metal_sheets,ITEM,hardened sheet metal armor,,
armor_metal_sheets_heavy,ITEM,heavy sheet metal armor,31100 g,17500 ml
armor_ch_metal_sheets_heavy,ITEM,heavy hardened sheet metal armor,,
armor_metal_sheets_chain,ITEM,junkyard plate armor,24300 g,17500 ml
armor_metal_sheets_chain_heavy,ITEM,heavy junkyard plate armor,33100 g,17500 ml
armor_ch_metal_sheets_chain,ITEM,hardened junkyard plate armor,,
armor_ch_metal_sheets_chain_heavy,ITEM,heavy hardened junkyard plate armor,,
armor_lc_lightplate,ITEM,mild steel light plate armor,15 kg,17500 ml
xl_armor_lc_lightplate,ITEM,mild steel light plate armor,,
armor_mc_lightplate,ITEM,medium steel light plate armor,,
xl_armor_mc_lightplate,ITEM,medium steel light plate armor,,
armor_hc_lightplate,ITEM,high steel light plate armor,,
xl_armor_hc_lightplate,ITEM,high steel light plate armor,,
armor_ch_lightplate,ITEM,hardened steel light plate armor,,
xl_armor_ch_lightplate,ITEM,hardened steel light plate armor,,
armor_qt_lightplate,ITEM,tempered steel light plate armor,,
xl_armor_qt_lightplate,ITEM,tempered steel light plate armor,,
armor_lc_plate,ITEM,mild steel plate armor,20 kg,17500 ml
xl_armor_lc_plate,ITEM,mild steel plate armor,,
armor_mc_plate,ITEM,medium steel plate armor,,
xl_armor_mc_plate,ITEM,medium steel plate armor,,
armor_hc_plate,ITEM,high steel plate armor,,
xl_armor_hc_plate,ITEM,high steel plate armor,,
armor_ch_plate,ITEM,hardened steel plate armor,,
xl_armor_ch_plate,ITEM,hardened steel plate armor,,
armor_qt_plate,ITEM,tempered steel plate armor,,
xl_armor_qt_plate,ITEM,tempered steel plate armor,,
armor_lc_heavyplate,ITEM,mild steel heavy plate armor,25 kg,17500 ml
xl_armor_lc_heavyplate,ITEM,mild steel heavy plate armor,,
armor_mc_heavyplate,ITEM,medium steel heavy plate armor,,
xl_armor_mc_heavyplate,ITEM,medium steel heavy plate armor,,
armor_hc_heavyplate,ITEM,high steel heavy plate armor,,
xl_armor_hc_heavyplate,ITEM,high steel heavy plate armor,,
armor_ch_heavyplate,ITEM,hardened steel heavy plate armor,,
xl_armor_ch_heavyplate,ITEM,hardened steel heavy plate armor,,
armor_qt_heavyplate,ITEM,tempered steel heavy plate armor,,
xl_armor_qt_heavyplate,ITEM,tempered steel heavy plate armor,,
armor_plarmor,ITEM,plated leather armor,21 kg,9 L
xl_armor_plarmor,ITEM,plated leather armor,,
armor_plarmor_xs,ITEM,plated leather armor,,
armor_junk_plate,ITEM,junk ornamental plate armor,18 kg,30 L
armor_riot,ITEM,riot armor suit,3 kg,12500 ml
armor_samurai,ITEM,armor_samurai,9220 g,11500 ml
armor_scrapsuit,ITEM,scrap suit,9534 g,15500 ml
armor_xl_scrapsuit,ITEM,scrap suit,,
armor_xs_scrapsuit,ITEM,scrap suit,,
armor_tiresuit,ITEM,tire suit,14400 g,15500 ml
beekeeping_suit,ITEM,beekeeping suit,1587 g,3500 ml
chainmail_junk_hauberk,ITEM,chainmail hauberk,,
lc_chainmail_hauberk,ITEM,mild steel chainmail hauberk,,
xl_lc_chainmail_hauberk,ITEM,mild steel chainmail hauberk,,
lc_chainmail_hauberk_xs,ITEM,mild steel chainmail hauberk,,
mc_chainmail_hauberk,ITEM,medium steel chainmail hauberk,,
xl_mc_chainmail_hauberk,ITEM,medium steel chainmail hauberk,,
mc_chainmail_hauberk_xs,ITEM,medium steel chainmail hauberk,,
hc_chainmail_hauberk,ITEM,high steel chainmail hauberk,,
xl_hc_chainmail_hauberk,ITEM,high steel chainmail hauberk,,
hc_chainmail_hauberk_xs,ITEM,high steel chainmail hauberk,,
ch_chainmail_hauberk,ITEM,hardened steel chainmail hauberk,,
xl_ch_chainmail_hauberk,ITEM,hardened steel chainmail hauberk,,
ch_chainmail_hauberk_xs,ITEM,hardened steel chainmail hauberk,,
qt_chainmail_hauberk,ITEM,tempered steel chainmail hauberk,,
xl_qt_chainmail_hauberk,ITEM,tempered steel chainmail hauberk,,
qt_chainmail_hauberk_xs,ITEM,tempered steel chainmail hauberk,,
lc_chainmail_sjumpsuit,ITEM,mild steel chainmail sleeveless jumpsuit,,
xl_lc_chainmail_sjumpsuit,ITEM,mild steel chainmail sleeveless jumpsuit,,
lc_chainmail_sjumpsuit_xs,ITEM,mild steel chainmail sleeveless jumpsuit,,
mc_chainmail_sjumpsuit,ITEM,medium steel chainmail sleeveless jumpsuit,,
xl_mc_chainmail_sjumpsuit,ITEM,medium steel chainmail sleeveless jumpsuit,,
mc_chainmail_sjumpsuit_xs,ITEM,medium steel chainmail sleeveless jumpsuit,,
hc_chainmail_sjumpsuit,ITEM,high steel chainmail sleeveless jumpsuit,,
xl_hc_chainmail_sjumpsuit,ITEM,high steel chainmail sleeveless jumpsuit,,
hc_chainmail_sjumpsuit_xs,ITEM,high steel chainmail sleeveless jumpsuit,,
ch_chainmail_sjumpsuit,ITEM,hardened steel chainmail sleeveless jumpsuit,,
xl_ch_chainmail_sjumpsuit,ITEM,hardened steel chainmail sleeveless jumpsuit,,
ch_chainmail_sjumpsuit_xs,ITEM,hardened steel chainmail sleeveless jumpsuit,,
qt_chainmail_sjumpsuit,ITEM,tempered steel chainmail sleeveless jumpsuit,,
xl_qt_chainmail_sjumpsuit,ITEM,tempered steel chainmail sleeveless jumpsuit,,
qt_chainmail_sjumpsuit_xs,ITEM,tempered steel chainmail sleeveless jumpsuit,,
lc_chainmail_jumpsuit,ITEM,mild steel chainmail jumpsuit,,
xl_lc_chainmail_jumpsuit,ITEM,mild steel chainmail jumpsuit,,
lc_chainmail_jumpsuit_xs,ITEM,mild steel chainmail jumpsuit,,
mc_chainmail_jumpsuit,ITEM,medium steel chainmail jumpsuit,,
xl_mc_chainmail_jumpsuit,ITEM,medium steel chainmail jumpsuit,,
mc_chainmail_jumpsuit_xs,ITEM,medium steel chainmail jumpsuit,,
hc_chainmail_jumpsuit,ITEM,high steel chainmail jumpsuit,,
xl_hc_chainmail_jumpsuit,ITEM,high steel chainmail jumpsuit,,
hc_chainmail_jumpsuit_xs,ITEM,high steel chainmail jumpsuit,,
ch_chainmail_jumpsuit,ITEM,hardened steel chainmail jumpsuit,,
xl_ch_chainmail_jumpsuit,ITEM,hardened steel chainmail jumpsuit,,
ch_chainmail_jumpsuit_xs,ITEM,hardened steel chainmail jumpsuit,,
qt_chainmail_jumpsuit,ITEM,tempered steel chainmail jumpsuit,,
xl_qt_chainmail_jumpsuit,ITEM,tempered steel chainmail jumpsuit,,
qt_chainmail_jumpsuit_xs,ITEM,tempered steel chainmail jumpsuit,,
chainmail_junk_suit,ITEM,chainmail armor,,
lc_chainmail_suit,ITEM,mild steel chainmail armor,,
xl_lc_chainmail_suit,ITEM,mild steel chainmail armor,,
lc_chainmail_suit_xs,ITEM,mild steel chainmail armor,,
mc_chainmail_suit,ITEM,medium steel chainmail armor,,
xl_mc_chainmail_suit,ITEM,medium steel chainmail armor,,
mc_chainmail_suit_xs,ITEM,medium steel chainmail armor,,
hc_chainmail_suit,ITEM,high steel chainmail armor,,
xl_hc_chainmail_suit,ITEM,high steel chainmail armor,,
hc_chainmail_suit_xs,ITEM,high steel chainmail armor,,
ch_chainmail_suit,ITEM,hardened steel chainmail armor,,
xl_ch_chainmail_suit,ITEM,hardened steel chainmail armor,,
ch_chainmail_suit_xs,ITEM,hardened steel chainmail armor,,
qt_chainmail_suit,ITEM,tempered steel chainmail armor,,
xl_qt_chainmail_suit,ITEM,tempered steel chainmail armor,,
qt_chainmail_suit_xs,ITEM,tempered steel chainmail armor,,
chainmail_suit_faraday,ITEM,faraday chainmail suit,,
xl_chainmail_suit_faraday,ITEM,faraday chainmail suit,,
chainmail_suit_faraday_xs,ITEM,faraday chainmail suit,,
cleansuit,ITEM,cleansuit,2100 g,2500 ml
xedra_artifact_cleansuit,ITEM,S02a cleansuit,2500 g,2500 ml
xedra_artifact_cleansuit_on,ITEM,S02a cleansuit (on),,
entry_suit,ITEM,entry suit,2900 g,6 L
xl_entry_suit,ITEM,entry suit,,
entry_suit_xs,ITEM,entry suit,,
bite_suit,ITEM,canine bite suit,11556 g,8255 ml
hazmat_suit,ITEM,hazmat suit,5000 g,17 L
nomex_suit,ITEM,flame-resistant suit,688 g,1500 ml
xl_nomex_suit,ITEM,flame-resistant suit,,
nomex_suit_xs,ITEM,flame-resistant suit,,
robofac_enviro_suit,ITEM,Hub 01 environmental suit,4000 g,14 L
robofac_enviro_suit_casual,ITEM,Hub 01 environmental suit (casual),,
robofac_resonance_suit,ITEM,Hub 01 hazardous materials suit,5000 g,18 L
robofac_resonance_suit_on,ITEM,Hub 01 hazardous materials suit (on),,
xedra_enviro_suit,ITEM,activity suit,,
xedra_enviro_suit_casual,ITEM,activity suit (casual),,
suit,ITEM,suit,1587 g,4750 ml
touring_suit,ITEM,track touring suit,4700 g,6500 ml
officer_uniform,ITEM,dress uniform,1653 g,4750 ml
mil_flight_suit,ITEM,military flight suit,1315 g,4687 ml
armor_nomad_plate,ITEM,nomad plate armor,,
armor_nomad_plate_on,ITEM,nomad plate armor (on),,
armor_nomad_lightplate,ITEM,nomad light plate armor,,
armor_nomad_lightplate_on,ITEM,nomad light plate armor (on),,
armor_nomad_heavyplate,ITEM,nomad heavy plate armor,,
armor_nomad_heavyplate_on,ITEM,nomad heavy plate armor (on),,
armor_nomad_chainmail,ITEM,nomad chainmail,17200 g,7000 ml
armor_nomad_chainmail_on,ITEM,nomad chainmail (on),,
string_dimension_chainmail_suit,ITEM,zarad chainmail suit,26634 g,3250 ml
string_dimension_biosuit,ITEM,gold-latticed biosuit,4000 g,12 L
bikini_bottom,ITEM,bikini_bottom,32 g,250 ml
bikini_bottom_short,ITEM,bikini_bottom_short,15 g,150 ml
bikini_top,ITEM,bikini top,32 g,250 ml
bikini_top_short,ITEM,short bikini top,15 g,150 ml
flag_swimsuit,ITEM,swimsuit,136 g,750 ml
rashguard,ITEM,rashguard shirt,250 g,2 L
speedo,ITEM,speedo,45 g,250 ml
swim_briefs,ITEM,swim_briefs,75 g,250 ml
swim_cap,ITEM,swim cap,50 g,250 ml
trunks,ITEM,trunks,210 g,750 ml
wetsuit_booties,ITEM,wetsuit_booties,130 g,1 L
xl_wetsuit_booties,ITEM,xl_wetsuit_booties,,
xs_wetsuit_booties,ITEM,xs_wetsuit_booties,,
wetsuit_booties_thick,ITEM,wetsuit_booties_thick,160 g,
xl_wetsuit_booties_thick,ITEM,xl_wetsuit_booties_thick,,
xs_wetsuit_booties_thick,ITEM,xs_wetsuit_booties_thick,,
swim_fins,ITEM,swim_fins,680 g,1250 ml
wetsuit,ITEM,wetsuit,825 g,5 L
xl_wetsuit,ITEM,wetsuit,,
xs_wetsuit,ITEM,wetsuit,,
wetsuit_thick,ITEM,thick wetsuit,2200 g,6 L
xl_wetsuit_thick,ITEM,thick wetsuit,,
xs_wetsuit_thick,ITEM,thick wetsuit,,
wetsuit_hood,ITEM,wetsuit hood,160 g,1 L
xl_wetsuit_hood,ITEM,wetsuit hood,,
xs_wetsuit_hood,ITEM,wetsuit hood,,
wetsuit_hood_thick,ITEM,thick wetsuit hood,180 g,
xl_wetsuit_hood_thick,ITEM,thick wetsuit hood,,
xs_wetsuit_hood_thick,ITEM,thick wetsuit hood,,
wetsuit_jacket,ITEM,wetsuit jacket,520 g,2500 ml
xl_wetsuit_jacket,ITEM,wetsuit jacket,,
xs_wetsuit_jacket,ITEM,wetsuit jacket,,
wetsuit_top,ITEM,wetsuit shirt,272 g,1500 ml
xl_wetsuit_top,ITEM,wetsuit shirt,,
xs_wetsuit_top,ITEM,wetsuit shirt,,
wetsuit_top_sleeved_thin,ITEM,thin wetsuit long-sleeved shirt,350 g,2 L
xl_wetsuit_top_sleeved_thin,ITEM,thin wetsuit long-sleeved shirt,,
xs_wetsuit_top_sleeved_thin,ITEM,thin wetsuit long-sleeved shirt,,
wetsuit_top_sleeved,ITEM,wetsuit long-sleeved shirt,500 g,4 L
xl_wetsuit_top_sleeved,ITEM,wetsuit long-sleeved shirt,,
xs_wetsuit_top_sleeved,ITEM,wetsuit long-sleeved shirt,,
wetsuit_pants_thin,ITEM,wetsuit_pants_thin,325 g,2 L
xl_wetsuit_pants_thin,ITEM,xl_wetsuit_pants_thin,,
xs_wetsuit_pants_thin,ITEM,xs_wetsuit_pants_thin,,
wetsuit_pants,ITEM,wetsuit_pants,450 g,4 L
xl_wetsuit_pants,ITEM,xl_wetsuit_pants,,
xs_wetsuit_pants,ITEM,xs_wetsuit_pants,,
wetsuit_shorts,ITEM,wetsuit_shorts,220 g,1 L
xl_wetsuit_shorts,ITEM,xl_wetsuit_shorts,,
xs_wetsuit_shorts,ITEM,xs_wetsuit_shorts,,
wetsuit_shorts_technical,ITEM,wetsuit_shorts_technical,500 g,1500 ml
xl_wetsuit_shorts_technical,ITEM,xl_wetsuit_shorts_technical,,
xs_wetsuit_shorts_technical,ITEM,xs_wetsuit_shorts_technical,,
wetsuit_shorts_technical_loose,ITEM,wetsuit_shorts_technical_loose,,
xl_wetsuit_shorts_technical_loose,ITEM,xl_wetsuit_shorts_technical_loose,,
xs_wetsuit_shorts_technical_loose,ITEM,xs_wetsuit_shorts_technical_loose,,
wetsuit_spring,ITEM,spring suit,550 g,4 L
xl_wetsuit_spring,ITEM,spring suit,,
xs_wetsuit_spring,ITEM,spring suit,,
wetsuit_spring_sleeveless,ITEM,sleeveless spring suit,300 g,3 L
xl_wetsuit_spring_sleeveless,ITEM,sleeveless spring suit,,
xs_wetsuit_spring_sleeveless,ITEM,sleeveless spring suit,,
shark_suit_faraday,ITEM,faraday sharksuit,8164 g,3500 ml
xl_shark_suit_faraday,ITEM,faraday sharksuit,,
xs_shark_suit_faraday,ITEM,faraday sharksuit,,
shark_suit,ITEM,sharksuit,8164 g,3500 ml
xl_shark_suit,ITEM,sharksuit,,
xs_shark_suit,ITEM,sharksuit,,
goggles_swim,ITEM,goggles_swim,81 g,250 ml
wetsuit_gloves,ITEM,wetsuit_gloves,80 g,500 ml
xl_wetsuit_gloves,ITEM,xl_wetsuit_gloves,,
xs_wetsuit_gloves,ITEM,xs_wetsuit_gloves,,
wetsuit_gloves_thick,ITEM,wetsuit_gloves_thick,90 g,
xl_wetsuit_gloves_thick,ITEM,xl_wetsuit_gloves_thick,,
xs_wetsuit_gloves_thick,ITEM,xs_wetsuit_gloves_thick,,
divemask_full_scuba_notready,ITEM,full-face diving mask,1040 g,1500 ml
divemask_full_modular,ITEM,modular full-face diving mask,830 g,1500 ml
armor_cuirass,ITEM,bell cuirass,5896 g,6 L
xl_armor_cuirass,ITEM,bell cuirass,,
xs_armor_cuirass,ITEM,bell cuirass,,
cuirass_bronze,ITEM,bronze cuirass,4896 g,6 L
xl_cuirass_bronze,ITEM,bronze cuirass,,
xs_cuirass_bronze,ITEM,bronze cuirass,,
armor_lamellar,ITEM,leather lamellar cuirass,4537 g,9250 ml
xl_armor_lamellar,ITEM,leather lamellar cuirass,,
xs_armor_lamellar,ITEM,leather lamellar cuirass,,
armor_lamellar_lc,ITEM,mild steel lamellar cuirass,14000 g,9250 ml
xl_armor_lamellar_lc,ITEM,mild steel lamellar cuirass,,
xs_armor_lamellar_lc,ITEM,mild steel lamellar cuirass,,
armor_lamellar_ch,ITEM,hardened steel lamellar cuirass,,
xl_armor_lamellar_ch,ITEM,hardened steel lamellar cuirass,,
xs_armor_lamellar_ch,ITEM,hardened steel lamellar cuirass,,
armor_pipe_vest,ITEM,pipe vest,15300 g,9 L
makeshift_metal_plate_vest,ITEM,makeshift metal plate vest,3700 g,9 L
crude_plastic_vest,ITEM,crude plastic armor vest,2000 g,3 L
carpet_cuirass,ITEM,carpet cuirass,6800 g,9250 ml
armor_aztec,ITEM,ichcahuipilli,8150 g,16300 ml
armor_lorica,ITEM,armor_lorica,5286 g,6 L
xl_armor_lorica,ITEM,xl_armor_lorica,,
xs_armor_lorica,ITEM,xs_armor_lorica,,
armor_thessalonian,ITEM,cataphract armor,7286 g,6 L
chestguard_metal_sheets,ITEM,sheet metal chest guard,8800 g,4 L
ch_chestguard_metal_sheets,ITEM,hardened sheet metal chest guard,,
chestguard_metal_sheets_heavy,ITEM,heavy sheet metal chest guard,17600 g,4 L
ch_chestguard_metal_sheets_heavy,ITEM,hardened heavy sheet metal chest guard,,
chestguard_metal_sheets_light,ITEM,light sheet metal chest guard,4400 g,2 L
ch_chestguard_metal_sheets_light,ITEM,hardened light sheet metal chest guard,,
bookplate,ITEM,bookplate,5790 g,9500 ml
tireplate,ITEM,tireplate,5790 g,9500 ml
chainmail_junk_vest,ITEM,chainmail vest,,
lc_chainmail_vest,ITEM,mild steel chainmail vest,,
xl_lc_chainmail_vest,ITEM,mild steel chainmail vest,,
xs_lc_chainmail_vest,ITEM,mild steel chainmail vest,,
mc_chainmail_vest,ITEM,medium steel chainmail vest,,
xl_mc_chainmail_vest,ITEM,medium steel chainmail vest,,
xs_mc_chainmail_vest,ITEM,medium steel chainmail vest,,
hc_chainmail_vest,ITEM,high steel chainmail vest,,
xl_hc_chainmail_vest,ITEM,high steel chainmail vest,,
xs_hc_chainmail_vest,ITEM,high steel chainmail vest,,
ch_chainmail_vest,ITEM,hardened steel chainmail vest,,
xl_ch_chainmail_vest,ITEM,hardened steel chainmail vest,,
xs_ch_chainmail_vest,ITEM,hardened steel chainmail vest,,
qt_chainmail_vest,ITEM,tempered steel chainmail vest,,
xl_qt_chainmail_vest,ITEM,tempered steel chainmail vest,,
xs_qt_chainmail_vest,ITEM,tempered steel chainmail vest,,
cloth_shirt_padded,ITEM,cloth-padded shirt,1000 g,3500 ml
cloth_vest_padded,ITEM,cloth-padded sleeveless shirt,600 g,2000 ml
chestguard_hard,ITEM,hard chest guard,1000 g,7 L
cuirass_lightplate,ITEM,cuirass,4200 g,6 L
xl_cuirass_lightplate,ITEM,cuirass,,
xs_cuirass_lightplate,ITEM,cuirass,,
cuirass_scrap,ITEM,scrap cuirass,6200 g,5750 ml
xl_cuirass_scrap,ITEM,scrap cuirass,,
xs_cuirass_scrap,ITEM,scrap cuirass,,
cuirass_tire,ITEM,tire cuirass,4800 g,5750 ml
xl_cuirass_tire,ITEM,tire cuirass,,
xs_cuirass_tire,ITEM,tire cuirass,,
fencing_jacket,ITEM,fencing jacket,800 g,2500 ml
jacket_leather_mod,ITEM,armored motorcycle jacket,7500 g,4500 ml
jacket_jean_mod,ITEM,armored jean jacket,6350 g,5750 ml
vest_jean_mod,ITEM,armored jean vest,4100 g,4100 ml
jacket_leather_mod_ch,ITEM,hardened armored motorcycle jacket,,
jacket_jean_mod_ch,ITEM,hardened armored jean jacket,,
vest_jean_mod_ch,ITEM,hardened armored jean vest,,
jacket_leather_bone,ITEM,occult bone armor,5000 g,6000 ml
jacket_leather_tire,ITEM,jacket_leather_tire,5800 g,6 L
lame_foil,ITEM,lamé (foil),843 g,2500 ml
lame_saber,ITEM,lamé (saber),1043 g,2500 ml
football_armor,ITEM,football armor,2810 g,7 L
kevlar,ITEM,Kevlar vest,1960 g,4 L
motorbike_armor,ITEM,motorcycle armor,1066 g,2 L
plastron_cotton,ITEM,underarm protector,110 g,500 ml
plastron_plastic,ITEM,plastic chest protector,194 g,850 ml
vest_leather_mod,ITEM,armored leather vest,4000 g,3 L
vest_leather_mod_ch,ITEM,hardened armored leather vest,,
armor_lc_light_chestplate,ITEM,mild steel light chestplate,7500 g,8750 ml
xl_armor_lc_light_chestplate,ITEM,mild steel light chestplate,,
armor_mc_light_chestplate,ITEM,medium steel light chestplate,,
xl_armor_mc_light_chestplate,ITEM,medium steel light chestplate,,
armor_hc_light_chestplate,ITEM,high steel light chestplate,,
xl_armor_hc_light_chestplate,ITEM,high steel light chestplate,,
armor_ch_light_chestplate,ITEM,hardened light chestplate,,
xl_armor_ch_light_chestplate,ITEM,hardened light chestplate,,
armor_qt_light_chestplate,ITEM,tempered light chestplate,,
xl_armor_qt_light_chestplate,ITEM,tempered light chestplate,,
armor_lc_chestplate,ITEM,mild steel chestplate,10 kg,17500 ml
xl_armor_lc_chestplate,ITEM,mild steel chestplate,,
armor_mc_chestplate,ITEM,medium steel chestplate,,
xl_armor_mc_chestplate,ITEM,medium steel chestplate,,
armor_hc_chestplate,ITEM,high steel chestplate,,
xl_armor_hc_chestplate,ITEM,high steel chestplate,,
armor_ch_chestplate,ITEM,hardened chestplate,,
xl_armor_ch_chestplate,ITEM,hardened chestplate,,
armor_qt_chestplate,ITEM,tempered chestplate,,
xl_armor_qt_chestplate,ITEM,tempered chestplate,,
armor_lc_heavy_chestplate,ITEM,mild steel heavy chestplate,17500 g,17500 ml
xl_armor_lc_heavy_chestplate,ITEM,mild steel heavy chestplate,,
armor_mc_heavy_chestplate,ITEM,medium steel heavy chestplate,,
xl_armor_mc_heavy_chestplate,ITEM,medium steel heavy chestplate,,
armor_hc_heavy_chestplate,ITEM,high steel heavy chestplate,,
xl_armor_hc_heavy_chestplate,ITEM,high steel heavy chestplate,,
armor_ch_heavy_chestplate,ITEM,hardened heavy chestplate,,
xl_armor_ch_heavy_chestplate,ITEM,hardened heavy chestplate,,
armor_qt_heavy_chestplate,ITEM,tempered heavy chestplate,,
xl_armor_qt_heavy_chestplate,ITEM,tempered heavy chestplate,,
survivor_adhoc_leather_shirt,ITEM,leather-padded shirt,2000 g,2500 ml
survivor_adhoc_leather_torso,ITEM,leather-padded sleeveless shirt,1500 g,2000 ml
armor_riot_torso,ITEM,riot chest guard,2 kg,10 L
armor_larmor_chest,ITEM,leather armor cuirass,3414 g,3500 ml
xl_armor_larmor_chest,ITEM,leather armor cuirass,,
armor_larmor_chest_xs,ITEM,leather armor cuirass,,
lc_mirror_armor,ITEM,mild steel mirror armor,1000 g,2 L
xl_lc_mirror_armor,ITEM,mild steel mirror armor,,
xs_lc_mirror_armor,ITEM,mild steel mirror armor,,
mc_mirror_armor,ITEM,medium steel mirror armor,,
xl_mc_mirror_armor,ITEM,medium steel mirror armor,,
xs_mc_mirror_armor,ITEM,medium steel mirror armor,,
hc_mirror_armor,ITEM,high steel mirror armor,,
xl_hc_mirror_armor,ITEM,high steel mirror armor,,
xs_hc_mirror_armor,ITEM,high steel mirror armor,,
ch_mirror_armor,ITEM,hardened steel mirror armor,,
xl_ch_mirror_armor,ITEM,hardened steel mirror armor,,
xs_ch_mirror_armor,ITEM,hardened steel mirror armor,,
qt_mirror_armor,ITEM,tempered steel mirror armor,,
xl_qt_mirror_armor,ITEM,tempered steel mirror armor,,
xs_qt_mirror_armor,ITEM,tempered steel mirror armor,,
armor_chitin_vest,ITEM,chitinous scale mail vest,3624 g,4 L
xl_armor_chitin_vest,ITEM,chitinous scale mail vest,,
xs_armor_chitin_vest,ITEM,chitinous scale mail vest,,
string_dimension_mirror_cuirass,ITEM,do-āyneh cuirass,1200 g,2 L
waist_apron_long,ITEM,long waist apron,226 g,1750 ml
waist_apron_long_xl,ITEM,long waist apron,,
waist_apron_long_xs,ITEM,long waist apron,,
waist_apron_short,ITEM,short waist apron,136 g,350 ml
waist_apron_short_xl,ITEM,short waist apron,,
waist_apron_short_xs,ITEM,short waist apron,,
apron_cotton,ITEM,cotton apron,357 g,1750 ml
apron_cotton_xl,ITEM,cotton apron,,
apron_cotton_xs,ITEM,cotton apron,,
apron_leather,ITEM,leather apron,1925 g,2250 ml
apron_plastic,ITEM,plastic apron,391 g,
apron_cut_resistant,ITEM,cut-resistant apron,576 g,
bee_dress,ITEM,bee dress,739 g,4000 ml
blazer,ITEM,blazer,680 g,3500 ml
cheerleader_dress,ITEM,cheerleader dress,200 g,500 ml
cheerleader_top_short,ITEM,short cheerleader tank top,100 g,250 ml
combat_shirt,ITEM,combat shirt,450 g,3 L
dress,ITEM,dress,500 g,2600 ml
long_dress,ITEM,long dress,,
short_dress,ITEM,short dress,,
dress_sleeved,ITEM,dress with sleeves,,
long_dress_sleeved,ITEM,long dress with sleeves,,
short_dress_sleeved,ITEM,short dress with sleeves,,
denim_shirt,ITEM,denim shirt,680 g,1 L
buttonshirt,ITEM,button shirt,250 g,750 ml
dress_shirt,ITEM,pocket shirt,,
dress_wedding,ITEM,wedding dress,9 kg,18 L
flotation_vest,ITEM,flotation vest,451 g,9 L
flotation_vest_ms,ITEM,makeshift flotation vest,451 g,9 L
gown,ITEM,evening gown,1800 g,5 L
gown_sleeved,ITEM,evening gown with sleeves,,
halter_top,ITEM,halter top,100 g,500 ml
hoodie,ITEM,hoodie,420 g,3 L
hoodie_cropped,ITEM,cropped hoodie,,
jersey,ITEM,sports jersey,150 g,500 ml
leotard,ITEM,leotard,150 g,500 ml
longshirt,ITEM,long-sleeved shirt,146 g,750 ml
maid_dress,ITEM,maid_dress,125 g,250 ml
maid_dress_xl,ITEM,maid_dress_xl,,
maid_dress_xs,ITEM,maid_dress_xs,,
maid_dress_short,ITEM,maid_dress_short,125 g,250 ml
maid_dress_short_xl,ITEM,maid_dress_short_xl,,
maid_dress_short_xs,ITEM,maid_dress_short_xs,,
mummy_dress,ITEM,mummy dress,10 g,2000 ml
ninja_dress,ITEM,ninja dress,440 g,2250 ml
ninja_dress_sleeveless,ITEM,ninja sleeveless dress,408 g,2000 ml
polo_shirt,ITEM,polo shirt,136 g,750 ml
postman_shirt,ITEM,mail carrier shirt,110 g,500 ml
santa_dress,ITEM,Santa dress,800 g,3500 ml
santa_dress_long,ITEM,luxury Santa dress,1200 g,3850 ml
santa_dress_short,ITEM,short Santa dress,600 g,2000 ml
shirt_straw,ITEM,grass shirt,500 g,2500 ml
sundress,ITEM,sundress,300 g,1 L
sweater,ITEM,sweater,550 g,2 L
sweatshirt,ITEM,sweatshirt,244 g,3500 ml
technician_shirt_gray,ITEM,work t-shirt,200 g,250 ml
tshirt,ITEM,t-shirt,110 g,500 ml
tshirt_cropped,ITEM,crop top,,
tallit_katan,ITEM,tallit_katan,158 g,500 ml
uttarasanga,ITEM,uttarasanga,250 g,750 ml
vest_leather,ITEM,leather vest,997 g,2500 ml
wool_hoodie,ITEM,wool hoodie,580 g,3250 ml
bunny_suit_playboy,ITEM,bunny suit,136 g,750 ml
cheongsam,ITEM,cheongsam,500 g,3 L
arm_warmers,ITEM,arm_warmers,32 g,250 ml
xl_arm_warmers,ITEM,xl_arm_warmers,49 g,350 ml
xs_arm_warmers,ITEM,xs_arm_warmers,,
bellyband,ITEM,belly band,150 g,750 ml
bellywrap,ITEM,belly wrap,120 g,500 ml
bellywrap_fur,ITEM,fur belly wrap,1104 g,750 ml
bellywrap_leather,ITEM,leather belly wrap,888 g,750 ml
bellywrap_wool,ITEM,wool belly wrap,,
bikini_top_fur,ITEM,fur bikini top,200 g,250 ml
bikini_top_leather,ITEM,leather bikini top,200 g,250 ml
binder_top,ITEM,binder,110 g,250 ml
xl_binder_top,ITEM,binder,,
xs_binder_top,ITEM,binder,,
boxer_briefs,ITEM,boxer_briefs,37 g,250 ml
xlboxer_briefs,ITEM,xlboxer_briefs,50 g,350 ml
xsboxer_briefs,ITEM,xsboxer_briefs,,
boxer_shorts,ITEM,boxer_shorts,42 g,250 ml
xlboxer_shorts,ITEM,xlboxer_shorts,72 g,500 ml
xsboxer_shorts,ITEM,xsboxer_shorts,,
boy_shorts,ITEM,boy_shorts,42 g,250 ml
xlboy_shorts,ITEM,xlboy_shorts,72 g,500 ml
xsboy_shorts,ITEM,xsboy_shorts,,
bra,ITEM,bra,32 g,250 ml
xl_bra,ITEM,bra,,
xs_bra,ITEM,bra,,
briefs,ITEM,briefs,32 g,250 ml
camisole,ITEM,camisole,42 g,500 ml
chestwrap,ITEM,chestwrap,100 g,500 ml
chestwrap_fur,ITEM,fur chestwrap,372 g,750 ml
chestwrap_leather,ITEM,leather chestwrap,296 g,750 ml
chestwrap_wool,ITEM,wool chestwrap,110 g,500 ml
corset,ITEM,leather corset,640 g,1250 ml
corset_loose,ITEM,leather corset (loose),,
corset_waist,ITEM,waist corset,320 g,650 ml
corset_waist_loose,ITEM,waist corset (loose),,
garter_belt,ITEM,garter belt,80 g,200 ml
leg_warmers,ITEM,leg_warmers,70 g,500 ml
leg_warmers_f,ITEM,leg_warmers_f,700 g,1500 ml
leg_warmers_xlf,ITEM,leg_warmers_xlf,500 g,750 ml
leg_warmers_xsf,ITEM,leg_warmers_xsf,,
leg_warmers_xl,ITEM,leg_warmers_xl,90 g,750 ml
leg_warmers_xs,ITEM,leg_warmers_xs,,
long_underpants,ITEM,long underwear bottom,100 g,500 ml
long_undertop,ITEM,long underwear top,102 g,500 ml
long_undertop_sleeveless,ITEM,sleeveless underwear top,80 g,400 ml
panties,ITEM,panties,32 g,250 ml
thermal_shirt,ITEM,thermal shirt,112 g,250 ml
sports_bra,ITEM,sports bra,92 g,500 ml
xlsports_bra,ITEM,sports bra,160 g,750 ml
xssports_bra,ITEM,sports bra,,
tank_top,ITEM,tank top,55 g,115 ml
tights,ITEM,tights,114 g,250 ml
under_armor,ITEM,compression top,92 g,250 ml
under_armor_shorts,ITEM,under_armor_shorts,82 g,250 ml
undershirt,ITEM,undershirt,100 g,250 ml
unitard,ITEM,unitard,110 g,250 ml
armor_nomad,ITEM,nomad jumpsuit,3600 g,3500 ml
armor_nomad_advanced,ITEM,advanced nomad jumpsuit,4000 g,3500 ml
armor_nomad_advanced_on,ITEM,advanced nomad jumpsuit (on),,
armor_nomad_light,ITEM,light nomad jumpsuit,,
lsurvivor_jumpsuit,ITEM,handmade summer suit,3500 g,3000 ml
xl_lsurvivor_jumpsuit,ITEM,handmade summer suit,,
xs_lsurvivor_jumpsuit,ITEM,handmade summer suit,,
survivor_jumpsuit,ITEM,handmade combat suit,7750 g,6500 ml
xlsurvivor_jumpsuit,ITEM,handmade combat suit,,
xssurvivor_jumpsuit,ITEM,handmade combat suit,,
hsurvivor_jumpsuit,ITEM,handmade hazard suit,10100 g,8000 ml
xl_hsurvivor_jumpsuit,ITEM,handmade hazard suit,,
xs_hsurvivor_jumpsuit,ITEM,handmade hazard suit,,
wsurvivor_jumpsuit,ITEM,handmade winter suit,8800 g,8500 ml
xl_wsurvivor_jumpsuit,ITEM,handmade winter suit,,
xs_wsurvivor_jumpsuit,ITEM,handmade winter suit,,
wsurvivor_jumpsuit_nofur,ITEM,handmade faux fur winter suit,,
xs_wsurvivor_jumpsuit_nofur,ITEM,handmade faux fur winter suit,,
xl_wsurvivor_jumpsuit_nofur,ITEM,handmade faux fur winter suit,,
boots_survivor,ITEM,boots_survivor,1330 g,2500 ml
boots_xlsurvivor,ITEM,boots_xlsurvivor,,
boots_xssurvivor,ITEM,boots_xssurvivor,,
boots_survivor_hoof,ITEM,boots_survivor_hoof,1330 g,2500 ml
boots_wsurvivor_nofur,ITEM,boots_wsurvivor_nofur,1760 g,3500 ml
xl_boots_wsurvivor_nofur,ITEM,xl_boots_wsurvivor_nofur,,
xs_boots_wsurvivor_nofur,ITEM,xs_boots_wsurvivor_nofur,,
boots_wsurvivor,ITEM,boots_wsurvivor,1760 g,3500 ml
xl_boots_wsurvivor,ITEM,xl_boots_wsurvivor,,
xs_boots_wsurvivor,ITEM,xs_boots_wsurvivor,,
gloves_survivor,ITEM,gloves_survivor,230 g,350 ml
xl_gloves_survivor,ITEM,xl_gloves_survivor,,
xs_gloves_survivor,ITEM,xs_gloves_survivor,,
gloves_wsurvivor,ITEM,gloves_wsurvivor,300 g,500 ml
xl_gloves_wsurvivor,ITEM,xl_gloves_wsurvivor,,
xs_gloves_wsurvivor,ITEM,xs_gloves_wsurvivor,,
gloves_wsurvivor_nofur,ITEM,gloves_wsurvivor_nofur,300 g,500 ml
xl_gloves_wsurvivor_nofur,ITEM,xl_gloves_wsurvivor_nofur,,
xs_gloves_wsurvivor_nofur,ITEM,xs_gloves_wsurvivor_nofur,,
helmet_nomad,ITEM,nomad cowl,470 g,2500 ml
xl_helmet_nomad,ITEM,nomad cowl,,
xs_helmet_nomad,ITEM,nomad cowl,,
hood_survivor,ITEM,handmade traveler hood,600 g,2 L
hood_wsurvivor,ITEM,handmade winter traveler hood,870 g,1500 ml
xl_hood_wsurvivor,ITEM,handmade winter traveler hood,,
xs_hood_wsurvivor,ITEM,handmade winter traveler hood,,
hood_xlsurvivor,ITEM,handmade traveler hood,,
hood_xssurvivor,ITEM,handmade traveler hood,,
hood_wsurvivor_nofur,ITEM,handmade faux fur traveler hood,,
xl_hood_wsurvivor_nofur,ITEM,handmade faux fur traveler hood,,
xs_hood_wsurvivor_nofur,ITEM,handmade faux fur traveler hood,,
helmet_scavenger,ITEM,mercenary cowl,695 g,2500 ml
xl_helmet_scavenger,ITEM,scavenger cowl,,
helmet_scavenger_xs,ITEM,scavenger cowl,,
helmet_nomad_papr,ITEM,advanced nomad cowl,600 g,2500 ml
armor_mercenary_bottom,ITEM,armor_mercenary_bottom,3 kg,7500 ml
armor_mercenary_top,ITEM,mercenary coat,5500 g,7500 ml
survivor_duffel_bag,ITEM,armored duffel bag,1000 g,7875 ml
survivor_dry_duffelbag,ITEM,armored dry duffel bag,1400 g,10800 ml
survivor_pack,ITEM,armored backpack,600 g,5250 ml
survivor_rucksack,ITEM,armored rucksack,800 g,10 L
survivor_runner_pack,ITEM,armored runner pack,440 g,4200 ml
survivor_dry_bag,ITEM,armored dry bag,620 g,1850 ml
survivor_rig,ITEM,handmade distributed rigging,440 g,3000 ml
nomad_rig,ITEM,nomad harness,440 g,3000 ml
nomad_rig_on,ITEM,nomad harness (on),,
nomad_bodyglove_1,ITEM,nomad bodyglove,125 g,1 L
nomad_bodyglove_2,ITEM,nomad bodymesh,,
boots_fsurvivor,ITEM,boots_fsurvivor,1980 g,3 L
xl_boots_fsurvivor,ITEM,xl_boots_fsurvivor,,
xs_boots_fsurvivor,ITEM,xs_boots_fsurvivor,,
boots_hsurvivor,ITEM,boots_hsurvivor,2254 g,3 L
xl_boots_hsurvivor,ITEM,xl_boots_hsurvivor,,
xs_boots_hsurvivor,ITEM,xs_boots_hsurvivor,,
gloves_hsurvivor,ITEM,gloves_hsurvivor,1344 g,1 L
xl_gloves_hsurvivor,ITEM,xl_gloves_hsurvivor,,
xs_gloves_hsurvivor,ITEM,xs_gloves_hsurvivor,,
gloves_fsurvivor,ITEM,gloves_fsurvivor,410 g,1 L
xl_gloves_fsurvivor,ITEM,xl_gloves_fsurvivor,,
xs_gloves_fsurvivor,ITEM,xs_gloves_fsurvivor,,
hood_fsurvivor,ITEM,survivor firehood,1220 g,1500 ml
xl_hood_fsurvivor,ITEM,survivor firehood,,
xs_hood_fsurvivor,ITEM,survivor firehood,,
fsurvivor_suit,ITEM,survivor firesuit,6800 g,11500 ml
xl_fsurvivor_suit,ITEM,survivor firesuit,,
xs_fsurvivor_suit,ITEM,survivor firesuit,,
hsurvivor_suit,ITEM,heavy survivor suit,15500 g,12 L
xlhsurvivor_suit,ITEM,heavy survivor suit,,
xshsurvivor_suit,ITEM,heavy survivor suit,,
lsurvivor_armor,ITEM,mercenary body armor,3000 g,6 L
xl_lsurvivor_armor,ITEM,mercenary body armor,,
xs_lsurvivor_armor,ITEM,mercenary body armor,,
lsurvivor_suit,ITEM,light survivor suit,5100 g,10500 ml
xl_lsurvivor_suit,ITEM,light survivor suit,,
survivor_suit,ITEM,survivor suit,6800 g,11500 ml
xlsurvivor_suit,ITEM,survivor suit,12400 g,18 L
wsurvivor_suit,ITEM,winter survivor suit,7800 g,14 L
xl_wsurvivor_suit,ITEM,winter survivor suit,,
wsurvivor_suit_nofur,ITEM,winter survivor suit,,
xl_wsurvivor_suit_nofur,ITEM,winter survivor suit,,
h20survivor_suit,ITEM,survivor wetsuit,6400 g,7 L
survivor_belt_notools,ITEM,handmade utility belt,1549 g,2250 ml
survivor_goggles,ITEM,survivor_goggles,212 g,250 ml
survivor_vest,ITEM,handmade harness,320 g,1250 ml
xl_survivor_vest,ITEM,handmade harness,,
xs_survivor_vest,ITEM,handmade harness,,
nomad_papr_blower_273diyua_off,ITEM,nomad utility belt,1549 g,2250 ml
nomad_papr_blower_273diyua_on,ITEM,nomad utility belt (on),,
nomad_papr_blower_magpouch_off,ITEM,nomad utility belt,1549 g,2250 ml
nomad_papr_blower_magpouch_on,ITEM,nomad utility belt (on),,
nomad_papr_blower_273grenade_off,ITEM,nomad utility belt,1549 g,2250 ml
nomad_papr_blower_273grenade_on,ITEM,nomad utility belt (on),,
book_anthology_moataatgb,ITEM,The Museum of All Things Awesome and That Go Boom,225 g,408 ml
book_anthology_sunvault,ITEM,Sunvault: Stories of Solarpunk & Eco-Speculation,225 g,408 ml
book_anthology_sst,ITEM,Sharp & Sugar Tooth,225 g,408 ml
book_anthology_bk,ITEM,Broad Knowledge,225 g,408 ml
book_anthology_cw,ITEM,Choose Wisely,225 g,408 ml
book_anthology_an,ITEM,Apocalypse Now,225 g,408 ml
book_anthology_htloop,ITEM,How to Live on Other Planets: A Handbook for Aspiring Aliens,225 g,408 ml
poetic_edda,ITEM,Poetic Edda,672 g,1368 ml
book_archery,ITEM,Lessons for the Novice Bowhunter,,
manual_archery,ITEM,Zen and the Art of Archery,,
mag_archery,ITEM,Archery for Kids,60 g,250 ml
mag_barter,ITEM,Car Buyer's Guide,90 g,250 ml
manual_business,ITEM,How to Succeed in Business,454 g,750 ml
textbook_business,ITEM,Advanced Economics,1587 g,1750 ml
mag_bashing,ITEM,Batter Up!,80 g,250 ml
manual_bashing,ITEM,tactical baton defense manual,454 g,250 ml
adv_chemistry,ITEM,Advanced Physical Chemistry,1712 g,2 L
modern_tanner,ITEM,The Modern Tanner,568 g,750 ml
recipe_alpha,ITEM,"PE050 ""Alpha"": Preliminary Report",50 g,500 ml
recipe_animal,ITEM,lab journal-Dionne,500 g,600 ml
recipe_chimera,ITEM,"PE065 ""Chimera"": Best Practices",50 g,500 ml
recipe_creepy,ITEM,lab journal-Smythe,400 g,500 ml
recipe_elfa,ITEM,standpipe maintenance log,400 g,750 ml
recipe_labchem,ITEM,chemical reference-CLASSIFIED,2000 g,2 L
recipe_maiar,ITEM,lab journal-x-|xp,400 g,500 ml
recipe_medicalmut,ITEM,"PE023 ""Medical"": Application and Findings",1450 g,1750 ml
recipe_raptor,ITEM,"PE070 ""Raptor"": Proposal",50 g,500 ml
recipe_serum,ITEM,Best Practices for Compound Delivery,500 g,600 ml
reference_cooking,ITEM,"CRC-Merck Handbook, 4th edition",5790 g,1750 ml
textbook_chemistry,ITEM,chemistry textbook,1587 g,2 L
textbook_extraction,ITEM,The Essential Oil Enthusiasts Handbook,1420 g,1 L
textbook_gaswarfare,ITEM,Art and Science of Chemical Warfare,854 g,1500 ml
basic_chemistry,ITEM,Chemistry for Kids: Awesome Science Experiments that Really Work,362 g,500 ml
catalytic_cracking_handbook,ITEM,Catalytic Cracking at Home for Solarpunks,1200 g,2 L
textbook_biodiesel,ITEM,Biodiesel: Renewable Fuel Resource,1200 g,2 L
SICP,ITEM,SICP,1587 g,1500 ml
computer_science,ITEM,Computer Science 301,1587 g,1750 ml
howto_computer,ITEM,How to Browse the Web,454 g,750 ml
mag_computer,ITEM,Computer World,80 g,250 ml
manual_computer,ITEM,Computer Science 101,462 g,750 ml
textbook_computer,ITEM,Principles of Advanced Programming,2206 g,1750 ml
webbasics_computer,ITEM,Web Design Basics,907 g,500 ml
hackerman_computer,ITEM,Pro Hacker Secrets,1320 g,750 ml
brewing_cookbook,ITEM,The Homebrewer's Bible,1587 g,1500 ml
cookbook,ITEM,Cooking on a Budget,454 g,1 L
cookbook_human,ITEM,To Serve Man,454 g,1 L
cookbook_italian,ITEM,Cucina Italiana,454 g,1 L
cookbook_mexican,ITEM,La Vida Deliciosa: Definitive Mexican Cuisine,454 g,1 L
cookbook_sushi,ITEM,Sushi Made Easy,921 g,750 ml
family_cookbook,ITEM,family cookbook,1540 g,1400 ml
mag_cooking,ITEM,Bon Appetit,60 g,250 ml
mag_glam,ITEM,Glamopolitan,160 g,500 ml
scots_cookbook,ITEM,Ye Scots Beuk o Cuikery,1887 g,1250 ml
vinegar_maker,ITEM,The Vinegar Maker's Handbook,454 g,1 L
preserving_juice,ITEM,Drink the Harvest,,
offalcooking,ITEM,Offal Holiday Cooking,454 g,1 L
dairy_book,ITEM,Things to Do with Milk,478 g,1 L
cookbook_liverforkids,ITEM,Liver-Licious Recipes Your Kids Will Love,600 g,800 ml
cookbook_bloodforgood,ITEM,Blood for the Greater Good,600 g,800 ml
cookbook_daintydishes,ITEM,Dainty Dishes Fit for a King,,900 ml
cookbook_eatyrway,ITEM,Eat Your Way to a Fit Physique,,1100 ml
cookbook_foodfashions,ITEM,Food Fashions for Young Moderns,,
winemaking_beginner,ITEM,Winemaking for Beginners,454 g,1 L
manual_canning,ITEM,You Can Can at Home,,
manual_sealing,ITEM,Can Sealer Instructions,,
vacuum_sealing,ITEM,Vacuum Sealer Instructions,,
baking_book,ITEM,The Baker's Companion,1587 g,1500 ml
fermenting_book,ITEM,Fermenting Culture,1587 g,1500 ml
distilling_cookbook,ITEM,Out of the Holler and into the Home: A guide to home distillation,454 g,619 ml
sweets_book,ITEM,Sweets for your Sweet Child,600 g,800 ml
cookbook_indian,ITEM,Tasting India,2950 g,3215 ml
cookbook_native,ITEM,The Sioux Chef,2950 g,3215 ml
cookbook_turkish,ITEM,The Turkish Cookbook,600 g,800 ml
mag_cutting,ITEM,All About Swords,80 g,250 ml
manual_cutting,ITEM,knife fighter's notes,454 g,250 ml
manual_swords,ITEM,USMC Sword Manual Procedure,454 g,250 ml
mag_dodge,ITEM,Dance Dance Dance!,60 g,250 ml
manual_dodge,ITEM,The Book of Dances,2330 g,1250 ml
manual_dodge_kid,ITEM,Break a Leg!,,
book_nonf_hard_dodge_tlwd,ITEM,Treasury of Legends about Western Dancing,2330 g,1250 ml
decoy_anarch,ITEM,AAA Guide,220 g,500 ml
mag_cars,ITEM,Top Gear magazine,60 g,250 ml
manual_driving,ITEM,The Rules of the Road,404 g,500 ml
textbook_anarch,ITEM,AAA Guide,223 g,500 ml
advanced_electronics,ITEM,Advanced Electronics,1587 g,1750 ml
arduino_experiments,ITEM,Arduino Experiments,1587 g,1750 ml
mag_electronics,ITEM,Ham Radio Illustrated,45 g,250 ml
manual_electronics,ITEM,What's a Transistor?,454 g,750 ml
ic_reference_electronics,ITEM,101 Important Integrated Circuits,900 g,800 ml
radio_book,ITEM,Amateur Home Radio for Enthusiasts,1587 g,1750 ml
recipe_atomic_battery,ITEM,computer printout,10 g,12 ml
recipe_augs,ITEM,The Role of Robotics in Modern Day Manufacturing,1500 g,1250 ml
recipe_lab_elec,ITEM,lab journal-Herrera,2000 g,2400 ml
recipe_mil_augs,ITEM,2XI design binder-CLASSIFIED,400 g,500 ml
repeater_mod_guide,ITEM,repeater_mod_guide,5 g,250 ml
textbook_electronics,ITEM,Electronic Circuit Theory,1587 g,1750 ml
textbook_robots,ITEM,Robots for Fun & Profit,2063 g,2 L
robofac_yrax_trifacet_deactivation_manual,ITEM,robofac_yrax_trifacet_deactivation_manual,550 g,500 ml
exodii_wiring_kit_reference,ITEM,exodii_wiring_kit_reference,30 g,400 ml
schematics_nursebot,ITEM,schematics_nursebot,,
schematics_grocerybot,ITEM,schematics_grocerybot,,
schematics_secubot,ITEM,schematics_secubot,,
schematics_skitterbot,ITEM,schematics_skitterbot,,
schematics_hazmatbot,ITEM,schematics_hazmatbot,,
schematics_molebot,ITEM,schematics_molebot,,
schematics_sciencebot,ITEM,schematics_sciencebot,,
schematics_dispatch,ITEM,schematics_dispatch,,
schematics_dispatch_military,ITEM,schematics_dispatch_military,,
schematics_antimateriel,ITEM,schematics_antimateriel,,
schematics_searchlight,ITEM,schematics_searchlight,,
glassblowing_book,ITEM,The Art of Glassblowing,1500 g,1250 ml
plastics_book,ITEM,Plastics & Polymers: Projects for the Classroom,1500 g,1250 ml
metal_casting_book,ITEM,metal casting reference manual,1500 g,1250 ml
alloy_book,ITEM,alloying reference manual,1500 g,1250 ml
bronze_book,ITEM,The Bronze Age Encyclopedia,1500 g,1250 ml
bronze_mag,ITEM,Historic Warfare: The Bronze Age,200 g,250 ml
theater_props,ITEM,The Prop Builder's Molding and Casting Handbook,1500 g,1250 ml
jewelry_book,ITEM,Antique Adornments,600 g,1250 ml
mag_fabrication,ITEM,Crafty Crafter's Quarterly,60 g,250 ml
manual_fabrication,ITEM,101 Crafts for Beginners,510 g,750 ml
recipe_arrows,ITEM,The Fletcher's Friend,1454 g,1250 ml
recipe_bows,ITEM,The Bowyer's Buddy,1454 g,1250 ml
recipe_bullets,ITEM,The Handloader's Helper,1454 g,1500 ml
recipe_caseless,ITEM,Rivtech design binder,1409 g,1700 ml
recipe_lab_cvd,ITEM,lab journal-Gustav,600 g,500 ml
recipe_melee,ITEM,The Streetfighter's Sidekick,954 g,1500 ml
textbook_armeast,ITEM,The Art of Japanese Armormaking,654 g,1250 ml
textbook_armschina,ITEM,Arms and Armor of Imperial China,654 g,1250 ml
textbook_weparabic,ITEM,Tools of Warfare in the Arabic World,654 g,1250 ml
textbook_armwest,ITEM,Studies in Historic Armorsmithing,654 g,1250 ml
textbook_mesoam,ITEM,The Art of Warfare in Precolumbian Mesoamericas,654 g,1250 ml
textbook_fabrication,ITEM,DIY Compendium,2100 g,1750 ml
textbook_fireman,ITEM,A History of Firefighting,528 g,1 L
textbook_weapeast,ITEM,The Swords of the Samurai,654 g,1250 ml
textbook_weapwest,ITEM,The Historic Weaponsmith,654 g,1250 ml
welding_book,ITEM,Welding and Metallurgy,2100 g,1750 ml
101_carpentry,ITEM,101 Home Repairs,454 g,500 ml
carpentry_book,ITEM,The Complete Home Repair Guide,2490 g,2 L
mag_carpentry,ITEM,Birdhouse Monthly,60 g,250 ml
manual_carpentry,ITEM,Building for Beginners,454 g,500 ml
textbook_carpentry,ITEM,Engineering 301,1587 g,1500 ml
reference_fabrication1,ITEM,Machinery's Handbook,454 g,500 ml
concrete_book,ITEM,Concrete Constructions,600 g,1250 ml
recipe_migo_plate,ITEM,WX010 Living Armor Observations,50 g,500 ml
ballista_book,ITEM,Artillery of the Ancients,600 g,1 L
recipe_dave_manual,ITEM,Dino Dave's cardboard notebook,600 g,500 ml
emergency_book,ITEM,Guide to Advanced Emergency Care,2063 g,2 L
mag_firstaid,ITEM,Paramedics,60 g,250 ml
manual_first_aid,ITEM,The Big Book of First Aid,454 g,1250 ml
pocket_firstaid,ITEM,Pocket Guide to First Aid,192 g,250 ml
textbook_firstaid,ITEM,First Responder Handbook,1360 g,2 L
booklet_firstaid,ITEM,First Aid Kit Instruction Booklet,60 g,250 ml
reference_firstaid1,ITEM,Physicians' Desk Reference,2268 g,2500 ml
reference_firstaid2,ITEM,Merck Veterinary Manual,1634 g,2160 ml
textbook_toxicology,ITEM,Textbook of Advanced Toxicology,3 kg,3 L
mag_guns,ITEM,Guns n Ammo,60 g,250 ml
manual_gun,ITEM,The Gun Owner's Handbook,462 g,500 ml
pocket_firearms,ITEM,Pocket Guide to Firearm Safety,226 g,250 ml
text_gunsmith,ITEM,"Ballistics: Theory, Design, and Application",350 g,450 ml
mag_launcher,ITEM,High Explosives Quarterly,90 g,250 ml
manual_launcher,ITEM,Jane's Mortars and Rocket Launchers,650 g,919 ml
book_lockpick,ITEM,MIT Guide to Lock Picking,400 g,500 ml
labmap,ITEM,handwritten note,10 g,10 ml
militarymap,ITEM,military operations map,,
survivormap,ITEM,survivor's map,,
roadmap,ITEM,road map,,
subwaymap,ITEM,subway maintenance map,,
subwaystationmap,ITEM,subway map,,
sewermap,ITEM,drainage system map,,
trailmap,ITEM,trail guide,,
touristmap,ITEM,tourist guide,,
restaurantmap,ITEM,restaurant guide,,
satellitemap,ITEM,satellite map,,
urbexmap,ITEM,urban explorer's map,,
restaurantbrochure,ITEM,restaurant advertising brochure,,
grocerybrochure,ITEM,food shopping advertising brochure,,
buylocalpamphlet,ITEM,buy local pamphlet,,
getactivepamphlet,ITEM,get active pamphlet,,
petpamphlet,ITEM,pet pamphlet,,
nightlifepamphlet,ITEM,nightlife pamphlet,,
gunnutpamphlet,ITEM,gun nut pamphlet,,
historybrochure,ITEM,history advertising brochure,,
mallbrochure,ITEM,mall advertising brochure,,
furniturebrochure,ITEM,furniture advertising brochure,,
technologybrochure,ITEM,technology advertising brochure,,
flyer_evac,ITEM,FEMA evacuation flyer,3 g,5 ml
xedra_field_notes,ITEM,field notebook,5 g,5 ml
xedra_field_notes_used,ITEM,field notebook (used),5 g,5 ml
inner_cabins_depths_note,ITEM,leather notebook,5 g,5 ml
inner_cabins_depths_note_used,ITEM,leather notebook (used),5 g,5 ml
inner_cabins_depths_note_2,ITEM,sketched map,5 g,5 ml
inner_cabins_depths_note_2_used,ITEM,sketched map (used),5 g,5 ml
inner_cabins_depths_note_3,ITEM,strange subway map,5 g,5 ml
inner_cabins_depths_note_3_used,ITEM,strange subway map (used),5 g,5 ml
godco_flier,ITEM,religious salvation flier,,
manual_aikido,ITEM,The Spirit of Aikido,,
manual_barbaran,ITEM,Las Nueve Reglas de la Montante,,
manual_boxing,ITEM,Practical Pugilism,,
manual_capoeira,ITEM,Capoeira 100,,
manual_crane,ITEM,The Red Crane,,
manual_dragon,ITEM,The Jade Dragon,,
manual_eskrima,ITEM,Practical Eskrima,,
manual_fencing,ITEM,The Modern Swordsman,,
manual_judo,ITEM,Kodokan Judo,,
manual_karate,ITEM,The Shōtōkan Karate Handbook,,
manual_bojutsu,ITEM,Bōjutsu The Matsumoto System,,
manual_kickboxing,ITEM,The Ultimate Guide to Kickboxing,,
manual_krav_maga,ITEM,Complete Krav Maga,,
manual_leopard,ITEM,The Deaf Leopard,,
manual_muay_thai,ITEM,Ultimate Muay Thai,,
manual_ninjutsu,ITEM,Essence of Ninjutsu,,
manual_niten,ITEM,The Book of Five Rings,,
manual_pankration,ITEM,The Modern Pankratiast,,
manual_silat,ITEM,The Indonesian Warrior,,
manual_snake,ITEM,The Black Snake,,
manual_taekwondo,ITEM,Official Taekwondo Training Manual,,
manual_tai_chi,ITEM,Becoming One with the Tao,,
manual_tiger,ITEM,The White Tiger,,
manual_zui_quan,ITEM,Zui Quan and You,,
manual_sojutsu,ITEM,The Way of the Spear,,
manual_wingchun,ITEM,Beautiful Springtime,,
manual_medievalpole,ITEM,Fior Di Battaglia,,
manual_swordsmanship,ITEM,Historic European Swordfighting,,
book_icef,ITEM,Internal Combustion Fundamentals,1587 g,1500 ml
book_pneumatics,ITEM,Pneumatic Pnowledge,,
mag_fieldrepair,ITEM,army improvised field repairs manual,,
mag_mechanics,ITEM,Popular Mechanics,70 g,250 ml
manual_makerspace,ITEM,makerspace kit instructions,70 g,250 ml
manual_robotics_kit,ITEM,robotics kit instructions,70 g,250 ml
manual_engine_kit,ITEM,Stirling engine kit instructions,70 g,250 ml
manual_mechanics,ITEM,Under the Hood,454 g,750 ml
manual_mechanics_car_owner,ITEM,car owner manual,454 g,750 ml
textbook_atomic_lab,ITEM,lab journal-Curie,,
book_nonf_soft_mechnic_hotrod,ITEM,Hot Rod Chassis & Suspension Handbook,500 g,500 ml
textbook_mechanics,ITEM,Mechanical Mastery,1587 g,1500 ml
mag_melee,ITEM,CQB Monthly,70 g,250 ml
manual_melee,ITEM,Close Quarter Fighting Manual,564 g,250 ml
ZSG,ITEM,Zombie Survival Guide,227 g,1 L
black_box_transcript,ITEM,black box transcript,566 g,1250 ml
commune_prospectus,ITEM,commune_prospectus,1 g,250 ml
decoy_elfa,ITEM,standpipe maintenance log,400 g,750 ml
essay_book,ITEM,book of essays,700 g,750 ml
guidebook,ITEM,The Hitchhiker's Guide to the Cataclysm,1178 g,1 L
mag_comic,ITEM,comic book,60 g,250 ml
mag_gaming,ITEM,Computer Gaming,60 g,250 ml
mag_news,ITEM,TIME magazine,,
book_nonf_zine_news_anlyst,ITEM,The Analyst,,
mag_porn,ITEM,Playboy,60 g,250 ml
news_regional,ITEM,Rural Digest-Examiner,80 g,250 ml
novel_adventure,ITEM,adventure novel,,
novel_buddy,ITEM,buddy novel,244 g,500 ml
novel_crime,ITEM,crime novel,,
novel_crime2,ITEM,crime novel,,
novel_crime_murdergrape,ITEM,Murdered by the Grapevine,,
novel_crime_midnight,ITEM,Midnight Cop,,
novel_drama,ITEM,drama novel,,
novel_erotic,ITEM,erotic novel,200 g,500 ml
novel_experimental,ITEM,experimental novel,142 g,500 ml
novel_fantasy,ITEM,fantasy novel,227 g,1 L
novel_horror,ITEM,horror novel,227 g,
novel_mystery,ITEM,mystery novel,,
novel_road,ITEM,road novel,244 g,500 ml
book_fict_soft_west_gore,ITEM,Gore Longitude,,
novel_romance,ITEM,romance novel,,
paperback_romance_circuses,ITEM,Love and Circuses,,
paperback_romance_cloven,ITEM,Cloven Kisses,,
paperback_romance_conq,ITEM,Conquer Me Sweetly,,
paperback_romance_dd,ITEM,Dubliner's Debutante,,
paperback_romance_diodes,ITEM,Blood Diodes,,
paperback_romance_envyh,ITEM,Envying Heaven,,
paperback_romance_grue,ITEM,"Tall, Dark, and Gruesome",,
paperback_romance_rider,ITEM,Along Came a Rider,,
paperback_romance_rogue,ITEM,Rogue's Virtue,,
paperback_romance_secret,ITEM,The Death of My Secret Life,,
novel_samurai,ITEM,samurai novel,1090 g,1367 ml
novel_satire,ITEM,satire novel,520 g,
book_fict_soft_satire_hgod,ITEM,The House of God,,
book_fict_soft_satire_catch,ITEM,Catch-22,480 g,
book_fict_soft_satire_mandm,ITEM,The Master and Margarita,441 g,719 ml
book_fict_soft_satire_dust,ITEM,A Handful of Dust,,
book_fict_soft_satire_cats,ITEM,Cat's Cradle,360 g,
novel_spy,ITEM,spy novel,,
novel_spy_comefly,ITEM,Come Fly the Treacherous Skies,,
novel_spy_rocketsci,ITEM,"Lies, Damn Lies, and Rocket Science",,
novel_swash,ITEM,swashbuckling novel,582 g,750 ml
book_fict_soft_swash_blkfreight,ITEM,The Black Freighter,,
book_fict_soft_swash_searovers,ITEM,Captain Gosnold and the Sea Rovers of Buzzards Bay,,
book_fict_soft_swash_buccaneer,ITEM,The Code of the Buccaneer,,
novel_thriller,ITEM,thriller novel,,
novel_tragedy,ITEM,tragedy novel,263 g,1 L
novel_war,ITEM,war novel,686 g,
novel_war2,ITEM,war novel,,
novel_western,ITEM,western novel,,
book_fict_soft_west_atwixt,ITEM,Atwixt a Brace of Cacti,,
book_fict_soft_west_bart,ITEM,Stinky Bart Puts on Starch,,
book_fict_soft_west_beans,ITEM,Six Beans in the Wheel,,
book_fict_soft_west_calico,ITEM,Irons at Calico Queen Annex,,
book_fict_soft_west_riot,ITEM,Riot on the Range,,
book_fict_soft_west_vaq,ITEM,Vaquero Sun,,
book_fict_soft_west_vride,ITEM,The Vendetta Riders,,
phonebook,ITEM,phone book,854 g,2500 ml
photo_album,ITEM,photo album,180 g,250 ml
plays_book,ITEM,book of plays,700 g,750 ml
poetry_book,ITEM,book of poetry,400 g,500 ml
priest_diary,ITEM,priest's diary,340 g,750 ml
record_accounting,ITEM,corporate accounting ledger,566 g,1250 ml
record_patient,ITEM,record_patient,680 g,1500 ml
record_weather,ITEM,record_weather,454 g,1750 ml
story_book,ITEM,big book of short stories,1200 g,1 L
tall_tales,ITEM,book of tall tales,360 g,750 ml
visions_solitude,ITEM,Visions in Solitude,227 g,750 ml
classic_literature,ITEM,book of classic literature,350 g,750 ml
collector_book,ITEM,collector's edition book,400 g,750 ml
occult_economicon,ITEM,The Economicon of Dobbs,120 g,300 ml
occult_bobliographon,ITEM,The Bobliographon,,
occult_glimpses,ITEM,Glimpses of Solomon in Yellow,,
necronomicon,ITEM,grimoire,1887 g,1250 ml
book_judaica_siddur,ITEM,Siddur,750 g,1 L
book_judaica_hardcover,ITEM,Judaica hardcover,420 g,773 ml
book_judaica_softcover,ITEM,Judaica softcover,227 g,421 ml
book_ruined,ITEM,ruined book,1587 g,1500 ml
book_pieces,ITEM,book_pieces,120 g,200 ml
gun_manual,ITEM,gun_manual,72 g,60 ml
book_newage_generic,ITEM,new-age book,,
book_newage_inpsychic,ITEM,Your Inner Psychic,,
book_newage_healcrystals,ITEM,The Healing Power of Crystals,,
book_newage_oilsecrets,ITEM,Essential Secrets,,
book_newage_witchcraftbeg,ITEM,Witchcraft for Beginners,,
book_newage_witchcraftadv,ITEM,Advanced Witchcraft,,
book_newage_beyondveil,ITEM,Beyond The Veil,,
book_newage_weapcrys,ITEM,Weaponizing Crystals,,
book_newage_aliens,ITEM,Ancient Alien Secrets,,
book_newage_horoscopes,ITEM,Your Year in Horoscopes,,
philosophy_book,ITEM,book of philosophy,,
book_nonf_hard_phil_mdlogic,ITEM,Modal Logic as Metaphysics,834 g,1249 ml
book_nonf_hard_phil_aesth,ITEM,Aesthetics: A Critical Anthology,1139 g,1625 ml
book_nonf_hard_phil_phinfo,ITEM,The Philosophy of Information,800 g,1425 ml
book_nonf_soft_phil_benoth,ITEM,Being and Nothingness,794 g,1 L
novel_pulp,ITEM,pulp novel,,
book_fict_soft_pulp_venus,ITEM,Black Valkyries From Venus,191 g,243 ml
book_fict_soft_pulp_wtmrw,ITEM,The Wrong Tomorrow,225 g,408 ml
book_fict_soft_pulp_nogod,ITEM,No God From a Corpse,225 g,408 ml
book_fict_soft_pulp_ddive,ITEM,The Deep Dive,154 g,206 ml
book_fict_soft_pulp_squids,ITEM,Planet of the Murderous Squids that Time Forgot!,,
book_fict_soft_pulp_gcapes,ITEM,The Great Capes of Metropolis,,
book_fict_soft_pulp_yesmurd,ITEM,Yesterday's Murdered,,
book_fict_soft_pulp_flashcc,ITEM,Flashgun Condor and the Crimson Criminal,,
novel_scifi,ITEM,scifi novel,,
book_fict_soft_scifi_dune,ITEM,Dune,,
book_fict_hard_scifi_dune,ITEM,Dune,,
book_fict_hard_scifi_talnt,ITEM,Parable of the Talents,517 g,963 ml
book_fict_hard_scifi_fifth,ITEM,The Fifth Season,,
book_fict_hard_scifi_zamwe,ITEM,We,458 g,756 ml
book_fict_soft_scifi_zamwe,ITEM,We,182 g,289 ml
book_fict_soft_scifi_cybrd,ITEM,The Cyberiad,,
book_fict_soft_scifi_brave,ITEM,Brave New World,,
book_fict_soft_scifi_roadp,ITEM,Roadside Picnic,,
book_fict_soft_scifi_f451,ITEM,Fahrenheit 451,,
book_fict_soft_docu_AWT,ITEM,All Things Weird,,
novel_sports,ITEM,sports novel,,
book_fict_soft_sports_bunt,ITEM,The Art of Bunting,472 g,1074 ml
book_fict_soft_sports_tdsp,ITEM,The Touchdown Special,184 g,450 ml
book_fict_soft_sports_envy,ITEM,Trophy Envy,227 g,535 ml
book_fict_hard_sports_semi,ITEM,Semi-Rough,,
book_fict_hard_sports_omni,ITEM,The Golf Omnivore,648 g,720 ml
book_fict_hard_sports_uni,ITEM,Uniform Boy,363 g,640 ml
book_nonf_soft_sports_bdgt,ITEM,Budgetball: Winning a Rigged Game,245 g,679 ml
book_nonf_soft_sports_lads,ITEM,The Lads of Summer,408 g,654 ml
book_nonf_soft_sports_vlly,ITEM,Volleyball: Get Ready to Get Ready,703 g,920 ml
book_nonf_hard_sports_morg,ITEM,"William G. Morgan, the Godfather of Volleyball",272 g,400 ml
book_nonf_hard_sports_bike,ITEM,Legendary Bike Rides,1589 g,1660 ml
book_nonf_hard_sports_ergo,ITEM,Natare Ergo Sum,167 g,289 ml
book_nonf_hard_sports_hoop,ITEM,Stratosphere: The Rise of Hoops,818 g,1114 ml
book_nonf_hard_homemk_anythingcan,ITEM,Anything Can Be Beautiful,771 g,
book_nonf_hard_homemk_grtrms,ITEM,The Greatest Rooms of the Century,3016 g,
book_nonf_hard_homemk_handshome,ITEM,The Hands-On Home,1334 g,
book_nonf_hard_homemk_loverms,ITEM,Rooms We Love,699 g,
book_nonf_hard_homemk_nyparti,ITEM,New York Parties,1606 g,
book_nonf_hard_homemk_outkitchn,ITEM,Best Signature Outdoor Kitchens,617 g,
book_nonf_hard_homemk_plantshome,ITEM,The Art of Using Plants to Transform Your Home,580 g,
book_nonf_hard_homemk_wmencolor,ITEM,Woman of Color,658 g,
book_nonf_soft_wedding_coolring,ITEM,10 Cool Things About Being A Ring Bearer,,
book_nonf_soft_parent_howtogen,ITEM,How to Raise a Gentleman: A Civilized Guide to Parenting,,
book_nonf_soft_safety_radiaea,ITEM,International Approaches to Securing Radioactive Sources Against Terrorism,,
book_nonf_hard_psych_forpsych,ITEM,Principles of Forensic Psychiatry,2835 g,3673 ml
book_nonf_hard_psych_grconres,ITEM,The Guide to Reflective Conflict Resolution,494 g,761 ml
book_nonf_hard_psych_moodalm,ITEM,The Oxbridge Handbook of Mood Ailments,1152 g,1647 ml
book_nonf_hard_psych_phonodis,ITEM,Phonological Acquisition and Disorders,730 g,1038 ml
book_nonf_hard_psych_thergar,ITEM,Therapeutic Gardens and Healing Spaces,1043 g,1110 ml
book_nonf_soft_psych_adrugds,ITEM,Advances in Drug Delivery Systems,773 g,964 ml
book_nonf_soft_psych_arteatds,ITEM,Using Art to Treat Eating Disorders,340 g,428 ml
book_nonf_soft_psych_cggamers,ITEM,A Clinical Guide to Video Gamers,295 g,442 ml
book_nonf_soft_psych_paranoia,ITEM,Paranoia and the History of Madness,522 g,759 ml
book_nonf_soft_psych_psycolo,ITEM,Psychoanalysis and Colonialism,454 g,734 ml
book_nonf_soft_psych_psycstlk,ITEM,The Psychology of Stalking,400 g,521 ml
mag_pistol,ITEM,Tactical Handgun Digest,90 g,250 ml
manual_pistol,ITEM,The Tao of the Handgun,440 g,500 ml
mag_rifle,ITEM,Modern Rifleman,100 g,250 ml
manual_rifle,ITEM,FM 23-16 Army marksmanship manual,454 g,250 ml
retool_instructions,ITEM,retool instructions,25 g,100 ml
mag_shotgun,ITEM,Trap and Field,90 g,250 ml
manual_shotgun,ITEM,Shotguns: The Art and Science,400 g,500 ml
mag_smg,ITEM,Submachine Gun Enthusiast,90 g,250 ml
manual_smg,ITEM,The Submachine Gun Handbook,362 g,500 ml
mag_tv,ITEM,US Weekly,60 g,250 ml
manual_speech,ITEM,Self-Esteem for Dummies,454 g,750 ml
textbook_speech,ITEM,Principles of Effective Communication,1120 g,2 L
dnd_handbook,ITEM,Dungeon Master's Guide: 6th Edition,2267 g,2500 ml
book_nonf_soft_speech_naillaw,ITEM,Nail Your Law Firm Interview,360 g,528 ml
mycenacean_hymns,ITEM,Mycenacean Hymns,368 g,1 L
holybook_bible1,ITEM,King James Bible,368 g,1 L
holybook_bible2,ITEM,Eastern Orthodox Bible,428 g,1250 ml
holybook_bible3,ITEM,Gideon Bible,368 g,1 L
holybook_bible4,ITEM,New American Bible,368 g,1 L
holybook_bible5,ITEM,The New World Translation of the Holy Scriptures,368 g,1 L
holybook_bible6,ITEM,Holman Christian Bible,368 g,1 L
holybook_bible7,ITEM,Douay-Rheims Bible,368 g,1 L
holybook_bible8,ITEM,Orthodox Tewahedo Biblical Canon,850 g,2 L
holybook_bible9,ITEM,The Holy Piby,468 g,1 L
holybook_biblechild_c,ITEM,Children's Catholic Bible,250 g,700 ml
holybook_biblechild_p,ITEM,Children's Protestant Bible,250 g,700 ml
holybook_catechism,ITEM,The Common Catechism,760 g,1290 ml
holybook_catechism1,ITEM,Catechism of The Catholic Church,700 g,1140 ml
holybook_catechism2,ITEM,Westminster Catechism,1100 g,2300 ml
holybook_catechism3,ITEM,Luther's Catechism,1100 g,2300 ml
holybook_catechismbudda,ITEM,Buddhist Catechism,400 g,1 L
holybook_catechismmuslim,ITEM,Safinatun Najah,630 g,1 L
holybook_catechism5,ITEM,Heidelberg Catechism,600 g,1 L
holybook_catechism6,ITEM,Philaret Catechism,600 g,1 L
holybook_catechism7,ITEM,Keach's Catechism,600 g,1 L
holybook_catechism8,ITEM,Pentecostal Catechism,500 g,1 L
holybook_dort,ITEM,Canons of Dort,200 g,400 ml
holybook_confession,ITEM,Confession of Faith,420 g,1 L
holybook_orthodox,ITEM,The Orthodox Church,269 g,1 L
holybook_didascalia,ITEM,Didascalia Apostolorum,400 g,800 ml
holybook_ladder,ITEM,The Ladder of Divine Ascent,540 g,1 L
holybook_jaiva,ITEM,Jaiva Dharma,630 g,1004 ml
holybook_zoro,ITEM,Book of the Counsels of Zoroaster,830 g,1500 ml
holybook_anglican,ITEM,Anglican Book of Common Prayer,720 g,1100 ml
holybook_kebra,ITEM,Kebra Negast,500 g,1 L
holybook_granth,ITEM,The Guru Granth Sahib,590 g,1 L
holybook_hadith,ITEM,Hadith,398 g,1 L
holybook_kallisti,ITEM,Principia Discordia,292 g,1 L
holybook_kojiki,ITEM,The Kojiki,368 g,1 L
holybook_nihon,ITEM,Nihon Shoki,540 g,1 L
holybook_fudoki,ITEM,Fudoki,1300 g,2 L
holybook_ofudekasi,ITEM,Ofudekasi,1000 g,1500 ml
holybook_uta,ITEM,Mikagura-uta,830 g,1050 ml
holybook_osa,ITEM,Osashizu,400 g,1 L
holybook_tenry,ITEM,Doctrines of Tenrikyo,368 g,1 L
holybook_oyasama,ITEM,"The Life of Oyasama, Foundress of Tenrikyo",600 g,1 L
holybook_anecdotes,ITEM,"The Anecdotes of Oyasama, Foundress of Tenrikyo",500 g,1 L
holybook_mo,ITEM,Buluotuo,370 g,1 L
holybook_guodian,ITEM,Guodian Texts,1500 g,2300 ml
holybook_maya,ITEM,Popol Vuh,500 g,1 L
holybook_aztec,ITEM,Codex Borbonicus,300 g,1 L
holybook_inca,ITEM,Huarochirí Manuscript,450 g,1 L
holybook_canaanites,ITEM,Ugaritic Texts,450 g,1 L
holybook_kells,ITEM,Book of Kells,500 g,1 L
holybook_leinster,ITEM,Book of Leinster,1100 g,1650 ml
holybook_welsh,ITEM,Mabinogion,368 g,1 L
holybook_akkadia,ITEM,Atra-Hasis,368 g,1 L
holybook_sumeria,ITEM,Enki and Ninhursag Myth,368 g,1 L
holybook_sumeria1,ITEM,The Descent of Inanna,368 g,1 L
holybook_helliand,ITEM,Heliand,368 g,1 L
holybook_sirach,ITEM,Alphabet of Sirach,750 g,1200 ml
holybook_navayana,ITEM,The Buddha and His Dhamma,368 g,1 L
holybook_pana,ITEM,Panaturan,368 g,1 L
holybook_zhivo,ITEM,Zhivotnaya Kniga,500 g,1 L
holybook_mormon,ITEM,The Book of Mormon,368 g,1 L
holybook_east,ITEM,Holy Books of the East,1000 g,1500 ml
holybook_nag_hammadi,ITEM,Nag Hammadi Codex,281 g,1 L
holybook_pastafarian,ITEM,The Gospel of the Flying Spaghetti Monster,292 g,1 L
holybook_quran,ITEM,Quran,412 g,1 L
holybook_satanic,ITEM,The Satanic Bible,130 g,250 ml
holybook_wicca,ITEM,The Book of Shadows,300 g,1 L
holybook_wicca1,ITEM,Witchcraft Today,300 g,1 L
holybook_wicca2,ITEM,The Spiral Dance,300 g,1 L
holybook_scientology,ITEM,Dianetics,486 g,1 L
holybook_slack,ITEM,The Book of the SubGenius,292 g,1 L
holybook_mozilla,ITEM,The Book of Mozilla,250 g,1 L
holybook_frog,ITEM,The Blue Book of the Blue Frog,320 g,1 L
holybook_mahayana,ITEM,The Mahayana Sutras,600 g,1 L
holybook_tibetan,ITEM,Tibetan Buddhist Canon,540 g,1 L
holybook_gita,ITEM,The Bhagavad Gita,350 g,1 L
holybook_mahabharata,ITEM,The Mahabharata,800 g,1200 ml
holybook_ramayana,ITEM,The Ramayana,800 g,1200 ml
holybook_puranas,ITEM,The Puranas,600 g,1150 ml
holybook_agamas,ITEM,The Agamas,540 g,1 L
holybook_jagamas,ITEM,The Jain Agamas,540 g,1 L
holybook_sutras,ITEM,The Sutras of the Buddha,496 g,1 L
holybook_zara,ITEM,The Zara Avesta,650 g,1 L
holybook_theogony,ITEM,Theogony,500 g,1 L
holybook_orphic,ITEM,The Orphic Hymns,500 g,1 L
holybook_golden,ITEM,The Orphic Gold Tablets,300 g,900 ml
holybook_romancult,ITEM,Res Gestae Divi Augusti,540 g,1 L
holybook_romancult2,ITEM,Historia Augusta,600 g,1300 ml
holybook_corpus,ITEM,The Corpus Hermeticum,620 g,1 L
holybook_mithraic,ITEM,The Mithraic Inscriptions,500 g,1 L
holybook_tengriism,ITEM,Tengriism: The Religion of Ancient Mongolia,600 g,1 L
holybook_chinese,ITEM,Classic of Mountains and Seas,600 g,1 L
holybook_koreantrip,ITEM,Tripitaka Koreana,15000 g,20000 ml
holybook_hawaii,ITEM,Moʻolelo,550 g,1 L
holybook_maori,ITEM,Te Ao Māori,540 g,1 L
holybook_native,ITEM,The Native Religion of New England,700 g,1 L
holybook_cao,ITEM,The Compilation of Divine Messages,700 g,1 L
holybook_egypt,ITEM,The Pyramid Texts,600 g,1 L
holybook_egypt1,ITEM,The Coffin Texts,600 g,1 L
holybook_egypt2,ITEM,The Book of the Dead,600 g,1 L
holybook_umbanda,ITEM,Orishas and Their Deities,350 g,1 L
holybook_taoism,ITEM,The Tao Te Ching,800 g,1200 ml
holybook_confucian,ITEM,The Four Books and Five Classics,1000 g,1700 ml
holybook_daime,ITEM,Cruzeiro,350 g,1 L
holybook_candomble,ITEM,The Ogam and Ipade,900 g,1300 ml
holybook_siddur,ITEM,Siddur,450 g,1 L
holybook_talmud,ITEM,Talmud,2041 g,1500 ml
holybook_tanakh,ITEM,Tanakh,512 g,1 L
holybook_torah_scroll,ITEM,Torah,12000 g,24 L
holybook_tripitaka,ITEM,The Tripitaka,513 g,1 L
holybook_upanishads,ITEM,The Upanishads,482 g,1 L
holybook_vedas,ITEM,The Four Vedas,540 g,1 L
holybook_babylon,ITEM,Enuma Elish,500 g,1 L
holybook_havamal,ITEM,Hávamál,292 g,750 ml
holybook_ginza,ITEM,Ginza Rabba,1000 g,1500 ml
holybook_ginza1,ITEM,Qolastā,368 g,1 L
holybook_ginza2,ITEM,Drasa d-Yahya,368 g,1 L
holybook_bahai,ITEM,Kitáb-i-Aqdas,1130 g,1290 ml
holybook_bahai1,ITEM,Kitáb-i-Íqán,1000 g,1035 ml
holybook_bahai2,ITEM,The Hidden Words,900 g,699 ml
holybook_bahai3,ITEM,Baha'i Prayers,350 g,500 ml
holybook_bahai4,ITEM,The Secret of Divine Civilization,826 g,1 L
holybook_bahai5,ITEM,'Some Answered Questions',540 g,1 L
mag_stabbing,ITEM,Duelist's Annual,80 g,250 ml
manual_stabbing,ITEM,FM 23-25 Army bayonet manual,454 g,500 ml
manual_knives,ITEM,Spetsnaz Knife Techniques,454 g,500 ml
atomic_survival,ITEM,Survival Under Atomic Attack,1920 g,2 L
fun_survival,ITEM,Through the Lens,440 g,250 ml
mag_dude,ITEM,Alpha Male Quarterly,180 g,500 ml
mag_survival,ITEM,Outdoor Adventures,80 g,250 ml
manual_survival,ITEM,Pitching a Tent,454 g,750 ml
pocket_survival,ITEM,Pocket Survival Guide,212 g,250 ml
survival_book,ITEM,Autobiography of a Mountain Man,1920 g,2 L
textbook_survival,ITEM,Outdoor Survival Guide,910 g,2 L
textbook_botany,ITEM,Introduction to Plant Biology,1200 g,2700 ml
textbook_arthropod,ITEM,The Wonderful World of Arthropodology,2200 g,2680 ml
isherwood_herbal_remedies,ITEM,Natural Remedies of New England,400 g,1250 ml
mag_swimming,ITEM,Swim Planet,60 g,250 ml
manual_swimming,ITEM,Water Survival Training Field Manual,400 g,500 ml
mag_animecon,ITEM,Boston AnimeCon magazine,,
mag_beauty,ITEM,Beauty Magazine,180 g,500 ml
mag_tailor,ITEM,Sew Awesome Monthly,75 g,250 ml
manual_tailor,ITEM,Sew What? Clothing!,454 g,750 ml
tailor_portfolio,ITEM,clothing designer's portfolio,2063 g,2 L
tailor_japanese,ITEM,Traditional Japanese Kimono,2400 g,1500 ml
recipe_fauxfur,ITEM,"Friendly, Humane Fashion",1200 g,1 L
textbook_tailor,ITEM,Sewing Techniques for Designers,2600 g,2 L
scots_tailor,ITEM,Ye Scots Beuk o Tailorin',2600 g,2 L
dieselpunk_tailor,ITEM,Dieselpunk Designs,2600 g,2 L
bp_nomad_cowl,ITEM,nomad cowl blueprint,,
bp_nomad_bodyglove,ITEM,nomad bodyglove blueprint,,
bp_nomad_jumpsuit,ITEM,nomad jumpsuit blueprint,,
mag_throwing,ITEM,Diskobolus,60 g,250 ml
manual_throw,ITEM,The Complete Guide to Pitching,400 g,500 ml
howto_traps,ITEM,How to Trap Anything,454 g,500 ml
mag_traps,ITEM,Trapper's Life,80 g,250 ml
manual_traps,ITEM,The Modern Trapper,422 g,500 ml
manual_traps_mil,ITEM,FM 20-32 Mine/Countermine Operations,422 g,500 ml
manual_traps_mil_basic,ITEM,"Booby Traps, IEDs, Mines and You: A Primer",211 g,250 ml
textbook_traps,ITEM,The Compleat Trapper,1100 g,2 L
trappers_companion,ITEM,The Trapper's Companion,1920 g,2 L
mag_unarmed,ITEM,Boxing Monthly,90 g,250 ml
manual_brawl,ITEM,101 Wrestling Moves,227 g,500 ml
child_book,ITEM,children's book,52 g,250 ml
fairy_tales,ITEM,book of fairy tales,410 g,750 ml
book_fict_soft_ya_adrk,ITEM,The Adorkable Girl,,
book_fict_soft_ya_bjak,ITEM,Becoming Jackson,,
book_fict_soft_ya_burn,ITEM,Nothing Burned,,
book_fict_soft_ya_hilo,ITEM,High and Low,,
book_fict_soft_ya_myeyes,ITEM,Fire When You See My Eyes,,
book_fict_soft_ya_pbbr,ITEM,Peanut Butter Bruised,,
book_fict_soft_ya_rwya,ITEM,Ready When You Are,,
book_fict_soft_ya_sboy,ITEM,Study of a Boy,,
book_fict_soft_ya_sumv,ITEM,Summer Variables,,
book_fict_hard_ya_dark,ITEM,In a Dark Place,,
book_fict_hard_ya_btwo,ITEM,Betrayal Takes Two,,
novel_coa,ITEM,coming of age novel,187 g,500 ml
novel_coa2,ITEM,Pantheon: The Story of an Iranian Youth,,
wine_mycus,ITEM,wine_mycus,50 g,250 ml
wine_marloss,ITEM,wine_marloss,50 g,250 ml
wine_riesling,ITEM,wine_riesling,50 g,250 ml
wine_chardonnay,ITEM,wine_chardonnay,50 g,250 ml
wine_cabernet,ITEM,wine_cabernet,50 g,250 ml
wine_noir,ITEM,wine_noir,50 g,250 ml
wine_marsala,ITEM,wine_marsala,50 g,250 ml
wine_vermouth,ITEM,wine_vermouth,50 g,250 ml
wine_barley,ITEM,wine_barley,249 g,250 ml
whiskey,ITEM,whiskey,36 g,250 ml
vodka,ITEM,vodka,36 g,250 ml
gin,ITEM,gin,36 g,250 ml
rum,ITEM,rum,36 g,250 ml
tequila,ITEM,tequila,36 g,250 ml
triple_sec,ITEM,triple_sec,36 g,250 ml
sake_filtered,ITEM,sake_filtered,36 g,250 ml
sake_unfiltered,ITEM,sake_unfiltered,36 g,250 ml
bum_wine,ITEM,bum_wine,36 g,250 ml
mixed_alcohol_strong,ITEM,mixed_alcohol_strong,36 g,250 ml
mixed_alcohol_weak,ITEM,mixed_alcohol_weak,248 g,250 ml
fruit_wine,ITEM,fruit_wine,36 g,250 ml
brandy,ITEM,brandy,36 g,250 ml
drink_queenmary,ITEM,drink_queenmary,251 g,250 ml
irish_coffee,ITEM,irish_coffee,252 g,250 ml
drink_karsk,ITEM,drink_karsk,250 g,250 ml
drink_gunfire,ITEM,drink_gunfire,252 g,250 ml
long_island,ITEM,long_island,250 g,250 ml
drink_screwdriver,ITEM,drink_screwdriver,252 g,250 ml
drink_wild_apple,ITEM,drink_wild_apple,252 g,250 ml
drink_rumcola,ITEM,drink_rumcola,252 g,250 ml
drink_grog,ITEM,drink_grog,249 g,250 ml
drink_gintonic,ITEM,drink_gintonic,252 g,250 ml
drink_pinacolada,ITEM,drink_pinacolada,252 g,250 ml
drink_tequilasunrise,ITEM,drink_tequilasunrise,252 g,250 ml
beer,ITEM,beer,250 g,250 ml
mead,ITEM,mead,36 g,250 ml
hopped_mead,ITEM,hopped_mead,,
plain_mead,ITEM,plain_mead,,
spiced_mead,ITEM,spiced_mead,,
dandelion_wine,ITEM,dandelion_wine,35 g,250 ml
burdock_wine,ITEM,burdock_wine,36 g,250 ml
pine_wine,ITEM,pine_wine,35 g,250 ml
hb_beer,ITEM,hb_beer,249 g,250 ml
moonshine,ITEM,moonshine,35 g,250 ml
european_pilsner,ITEM,european_pilsner,249 g,250 ml
pale_ale,ITEM,pale_ale,249 g,250 ml
india_pale_ale,ITEM,india_pale_ale,249 g,250 ml
stout,ITEM,stout,250 g,250 ml
belgian_ale,ITEM,belgian_ale,249 g,250 ml
imperial_stout,ITEM,imperial_stout,249 g,250 ml
drink_strawberry_surprise,ITEM,drink_strawberry_surprise,43 g,250 ml
drink_boozeberry,ITEM,drink_boozeberry,43 g,250 ml
single_malt_whiskey,ITEM,single_malt_whiskey,36 g,250 ml
single_pot_whiskey,ITEM,single_pot_whiskey,,
cheap_whiskey,ITEM,cheap_whiskey,,
canadian_whiskey,ITEM,canadian_whiskey,,
sherry,ITEM,sherry,36 g,250 ml
bristol_sherry,ITEM,bristol_sherry,,
madeira,ITEM,madeira,,
drink_hobo,ITEM,drink_hobo,50 g,250 ml
drink_kalimotxo,ITEM,drink_kalimotxo,250 g,500 ml
drink_beeknees,ITEM,drink_beeknees,500 g,500 ml
drink_wsour,ITEM,drink_wsour,249 g,250 ml
honey_gold,ITEM,honey_gold,252 g,500 ml
honey_ant,ITEM,honey ball,130 g,12 ml
eggnog_spiked,ITEM,eggnog_spiked,130 g,250 ml
drink_martini,ITEM,drink_martini,49 g,500 ml
drink_bloody_mary,ITEM,drink_bloody_mary,252 g,250 ml
drink_bloody_mary_blood,ITEM,drink_bloody_mary_blood,252 g,250 ml
drink_hard_seltzer,ITEM,drink_hard_seltzer,250 g,250 ml
hb_seltzer,ITEM,hb_seltzer,250 g,250 ml
alien_meadow_bush_2_fruit,ITEM,handful of alien berries,156 g,250 ml
alien_meadow_tree_3_fruit,ITEM,alien fruit,4518 g,7150 ml
pumpkin_muffins,ITEM,pumpkin muffin,30 g,1 ml
hazelnut_cake,ITEM,hazelnut cake,30 g,1 ml
baklava,ITEM,baklava,50 g,100 ml
religieuse_au_chocolat,ITEM,religieuse au chocolat,50 g,100 ml
gateau_st_honore,ITEM,gateau st. honore,224 g,300 ml
donut_holes,ITEM,donut hole,14 g,30 ml
sourdough_young_uncovered_active,ITEM,sourdough_young_uncovered_active,100 g,100 ml
sourdough_split_uncovered_active,ITEM,sourdough_split_uncovered_active,100 g,100 ml
sourdough_starter_uncovered,ITEM,sourdough_starter_uncovered,100 g,100 ml
sourdough_bread,ITEM,sourdough_bread,56 g,75 ml
flatbread,ITEM,flatbread,15 g,60 ml
frybread,ITEM,frybread,15 g,60 ml
bread,ITEM,bread,58 g,200 ml
bread_garlic,ITEM,bread_garlic,15 g,60 ml
toast,ITEM,toast,,
buttered_toast,ITEM,buttered_toast,,
jam_toast,ITEM,jam_toast,,
peanut_butter_toast,ITEM,peanut_butter_toast,,
toad_in_a_hole,ITEM,toad_in_a_hole,,
PBJ_Toast,ITEM,PBJ_Toast,,
cornbread,ITEM,cornbread,15 g,60 ml
johnnycake,ITEM,johnnycake,49 g,41 ml
tortilla_corn,ITEM,corn tortilla,24 g,20 ml
tortilla_flour,ITEM,flour tortilla,18 g,20 ml
hardtack_cracker,ITEM,hardtack_cracker,420 g,420 ml
hardtack,ITEM,hardtack,70 g,70 ml
soggy_hardtack,ITEM,soggy_hardtack,75 g,70 ml
biscuit,ITEM,biscuit,30 g,25 ml
wastebread,ITEM,wastebread,15 g,60 ml
brown_bread,ITEM,brown_bread,45 g,48 ml
hallula,ITEM,hallula,45 g,48 ml
brew_mycus_wine,ITEM,brew_mycus_wine,48 g,50 ml
brew_marloss_wine,ITEM,brew_marloss_wine,48 g,50 ml
brew_whiskey,ITEM,brew_whiskey,34 g,36 ml
wash_whiskey,ITEM,wash_whiskey,34 g,36 ml
brew_gin,ITEM,brew_gin,34 g,36 ml
gin_mash,ITEM,gin_mash,34 g,36 ml
brew_sake,ITEM,brew_sake,34 g,36 ml
brew_soy_sauce,ITEM,brew_soy_sauce,24 g,25 ml
soy_sauce_unstrained,ITEM,soy_sauce_unstrained,24 g,25 ml
brew_vodka,ITEM,brew_vodka,34 g,36 ml
wash_vodka,ITEM,wash_vodka,34 g,36 ml
brew_rum,ITEM,brew_rum,34 g,36 ml
wash_rum,ITEM,wash_rum,34 g,36 ml
brew_fruit_wine,ITEM,brew_fruit_wine,34 g,36 ml
brew_mead,ITEM,brew_mead,34 g,36 ml
brew_hopped_mead,ITEM,brew_hopped_mead,,
brew_spiced_mead,ITEM,brew_spiced_mead,,
brew_dandelion_wine,ITEM,brew_dandelion_wine,34 g,36 ml
brew_burdock_wine,ITEM,brew_burdock_wine,34 g,36 ml
brew_pine_wine,ITEM,brew_pine_wine,34 g,36 ml
brew_hb_beer,ITEM,brew_hb_beer,240 g,250 ml
brew_hb_seltzer,ITEM,brew_hb_seltzer,240 g,250 ml
brew_moonshine,ITEM,brew_moonshine,34 g,36 ml
wash_moonshine,ITEM,wash_moonshine,34 g,36 ml
brew_milk_curdled,ITEM,brew_milk_curdled,257 g,250 ml
brew_vinegar,ITEM,brew_vinegar,16 g,16 ml
young_yeast,ITEM,young_yeast,16 g,16 ml
malting_grain_active,ITEM,malting_grain_active,336 g,1 L
malted_grain,ITEM,malted_grain,336 g,1 L
soaking_dandelion_active,ITEM,soaking_dandelion_active,274 g,250 ml
soaked_dandelion,ITEM,soaked_dandelion,308 g,250 ml
fermenting_yogurt_active,ITEM,fermenting_yogurt_active,236 g,250 ml
brew_rootbeer,ITEM,brew_rootbeer,37 g,36 ml
froglegs,ITEM,froglegs,100 g,250 ml
froglegs_cooked,ITEM,froglegs_cooked,,
froglegs_smoked,ITEM,froglegs_smoked,,
fish,ITEM,fillet of fish,148 g,250 ml
fish_scrap,ITEM,scrap of fish,,
fish_scrap_cooked,ITEM,cooked scrap of fish,,
fish_cooked,ITEM,fish_cooked,,
lobster,ITEM,chunk of lobster meat,148 g,250 ml
lobster_cooked,ITEM,lobster_cooked,,
mollusk,ITEM,fillet of mollusk,148 g,250 ml
mollusk_cooked,ITEM,mollusk_cooked,,
gastropod_purged,ITEM,gastropod_purged,15 g,15 ml
gastropod_cooked,ITEM,gastropod_cooked,,
hstomach,ITEM,human stomach,,
hstomach_large,ITEM,large human stomach,,
human_fat,ITEM,chunk of human fat,,
human_tallow,ITEM,human_tallow,,
human_flesh,ITEM,human_flesh,,
human_cooked,ITEM,human_cooked,,
pepperhuman,ITEM,pepperhuman,,
meat,ITEM,chunk of meat,275 g,250 ml
animal_blood,ITEM,animal_blood,262 g,250 ml
porkbelly,ITEM,chunk of porkbelly,296 g,250 ml
raw_cured_fatty_meat,ITEM,slab of raw cured porkbelly,250 g,250ml
bacon_uncut,ITEM,large slab of uncut bacon,,250ml
raw_curing_fatty_meat_active,ITEM,slab of raw curing porkbelly,275 g,250ml
meat_scrap,ITEM,scrap of meat,,
human_meat_scrap,ITEM,scrap of human flesh,,
demihuman_meat_scrap,ITEM,scrap of demihuman flesh,,
mutant_meat,ITEM,chunk of mutant meat,,
mutant_blood,ITEM,mutant_blood,262 g,250 ml
mutant_meat_scrap,ITEM,scrap of mutant meat,,
mutant_human_flesh,ITEM,mutant_human_flesh,,
mutant_human_blood,ITEM,mutant_human_blood,262 g,250 ml
mutant_human_cooked,ITEM,mutant_human_cooked,,
peppermutant_human,ITEM,peppermutant_human,,
meat_mutant_tainted,ITEM,chunk of tainted mutant meat,,
meat_mutant_tainted_cooked,ITEM,meat_mutant_tainted_cooked,,
meat_mutant_tainted_smoked,ITEM,meat_mutant_tainted_smoked,,
ruined_chunks,ITEM,ruined_chunks,250 g,166 ml
meat_cooked,ITEM,meat_cooked,296 g,250 ml
peppermeat,ITEM,peppermeat,275 g,250 ml
meat_fatty_cooked,ITEM,meat_fatty_cooked,296 g,250 ml
pepperfat,ITEM,pepperfat,275 g,250 ml
meat_scrap_cooked,ITEM,cooked scrap of meat,,
pepperscrap,ITEM,cooked pepper scrap of meat,,
mutant_meat_cooked,ITEM,mutant_meat_cooked,,
peppermutant,ITEM,peppermutant,,
mutant_meat_scrap_cooked,ITEM,cooked scrap of mutant meat,,
pepperscrap_mutant,ITEM,cooked pepper scrap of mutant meat,,
cooked_marrow,ITEM,cooked_marrow,60 g,50 ml
pepperbone,ITEM,pepperbone,55 g,50 ml
offal,ITEM,offal,,
offal_cooked,ITEM,offal_cooked,,
tainted_innards,ITEM,tainted_innards,,
tainted_innards_human,ITEM,tainted_innards_human,,
mutant_bug_organs,ITEM,mutant_bug_organs,,
mutant_bug_organs_cooked,ITEM,mutant_bug_organs_cooked,,
offal_pickled,ITEM,offal_pickled,,250 ml
offal_canned,ITEM,offal_canned,,250 ml
stomach,ITEM,stomach,72 g,250 ml
stomach_large,ITEM,large stomach,,
jerky,ITEM,jerky,85 g,250 ml
salted_fish,ITEM,salted_fish,,50 ml
salted_mollusk,ITEM,salted mollusk,,
meat_smoked,ITEM,meat_smoked,,
fish_smoked,ITEM,fish_smoked,,
lobster_smoked,ITEM,smoked lobster,,
mollusk_smoked,ITEM,smoked mollusk,,
lung,ITEM,piece of raw lung,45 g,50 ml
human_lung,ITEM,piece of raw human lung,,
demihuman_lung,ITEM,piece of raw demihuman lung,,
lung_cooked,ITEM,cooked piece of lung,,
mutant_lung,ITEM,piece of raw mutant lung,,
mutant_lung_cooked,ITEM,cooked piece of mutant lung,,
heart,ITEM,piece of raw heart,55 g,50 ml
human_heart,ITEM,piece of raw human heart,,
demihuman_heart,ITEM,piece of raw demihuman heart,,
heart_cooked,ITEM,cooked piece of heart,,
mutant_heart,ITEM,piece of raw mutant heart,,
mutant_human_heart,ITEM,piece of raw mutant humanoid heart,,
mutant_heart_cooked,ITEM,cooked piece of mutant heart,,
mutant_bug_lungs,ITEM,piece of raw mutant lung,,
liver,ITEM,piece of raw liver,,
human_liver,ITEM,piece of raw human liver,,
demihuman_liver,ITEM,piece of raw demihuman liver,,
liver_cooked,ITEM,cooked piece of liver,,
mutant_liver,ITEM,piece of raw mutant liver,,
mutant_liver_cooked,ITEM,cooked piece of mutant liver,,
bone_marrow,ITEM,portion of raw bone marrow,60 g,50 ml
human_marrow,ITEM,portion of raw human bone marrow,,
demihuman_marrow,ITEM,portion of raw demihuman bone marrow,,
mutant_marrow,ITEM,portion of raw mutant bone marrow,,
mutant_human_marrow,ITEM,portion of raw mutant human bone marrow,,
brain,ITEM,piece of raw brain,,
human_brain,ITEM,piece of raw human brain,,
demihuman_brain,ITEM,piece of raw demihuman brain,,
brain_cooked,ITEM,cooked piece of brain,,
mutant_brain,ITEM,piece of raw mutant brain,,
mutant_brain_cooked,ITEM,cooked piece of mutant brain,,
kidney,ITEM,piece of raw kidney,,
human_kidney,ITEM,piece of raw human kidney,,
demihuman_kidney,ITEM,piece of raw demihuman kidney,,
kidney_cooked,ITEM,cooked piece of kidney,,
mutant_kidney,ITEM,piece of raw mutant kidney,,
mutant_kidney_cooked,ITEM,cooked piece of mutant kidney,,
sweetbread,ITEM,piece of raw sweetbread,,
human_sweetbread,ITEM,piece of raw human sweetbread,,
demihuman_sweetbread,ITEM,piece of raw demihuman sweetbread,,
sweetbread_cooked,ITEM,cooked piece of sweetbread,,
blood,ITEM,blood,262 g,250 ml
fat,ITEM,chunk of fat,22 g,25 ml
tallow,ITEM,tallow,,
mutant_fat,ITEM,chunk of mutant fat,,
mutant_tallow,ITEM,mutant_tallow,,
mutant_human_fat,ITEM,chunk of mutant humanoid fat,,
mutant_human_tallow,ITEM,mutant_human_tallow,,
meat_tainted,ITEM,chunk of tainted meat,238 g,250 ml
meat_tainted_human,ITEM,chunk of tainted human meat,,
arm_zed,ITEM,tainted limb,3767 g,4500 ml
leg_zed,ITEM,tainted limb,11071 g,12 L
blood_tainted,ITEM,blood_tainted,262 g,250 ml
blood_tainted_human,ITEM,blood_tainted_human,262 g,250 ml
tainted_marrow,ITEM,portion of tainted bone marrow,60 g,50 ml
tainted_marrow_human,ITEM,portion of tainted human bone marrow,,
fat_tainted,ITEM,chunk of tainted fat,192 g,250 ml
fat_tainted_human,ITEM,chunk of tainted human fat,,
tallow_tainted,ITEM,tallow_tainted,128 g,62 ml
stomach_boiled,ITEM,large boiled stomach,,
hstomach_boiled,ITEM,boiled large human stomach,,
small_stomach_boiled,ITEM,boiled stomach,72 g,250 ml
small_hstomach_boiled,ITEM,boiled human stomach,,
raw_leather,ITEM,raw_leather,100 g,125 ml
raw_tainted_leather,ITEM,raw_tainted_leather,,
raw_tainted_leather_scraps,ITEM,raw_tainted_leather_scraps,1 g,5 ml
raw_hleather,ITEM,raw_hleather,,
raw_demihumanleather,ITEM,raw_demihumanleather,,
raw_fur,ITEM,raw_fur,114 g,170 ml
raw_tainted_fur,ITEM,raw_tainted_fur,,
raw_hfur,ITEM,raw_hfur,,
flesh_golem_heart,ITEM,seeping heart,2035 g,500 ml
jabberwock_heart,ITEM,putrid heart,4535 g,1 L
jabberwock_heart_desiccated,ITEM,desiccated putrid heart,1360 g,250 ml
nether_huntsman_organ,ITEM,reverberating organ,800 g,1 L
nether_grub,ITEM,alien grub,54 g,50 ml
meat_frond,ITEM,meat_frond,,
leech_flower,ITEM,leech flower,10 g,250 ml
meat_bark,ITEM,leech bark,,
demihuman_stomach,ITEM,demihuman stomach,,
demihuman_stomach_large,ITEM,large demihuman stomach,,
demihuman_fat,ITEM,chunk of demihuman fat,,
demihuman_tallow,ITEM,demihuman_tallow,,
demihuman_flesh,ITEM,demihuman_flesh,,
demihuman_blood,ITEM,demihuman_blood,262 g,250 ml
demihuman_cooked,ITEM,demihuman_cooked,,
demihuman_stomach_boiled,ITEM,boiled demihuman stomach,,
small_demihuman_stomach_boiled,ITEM,boiled demihuman stomach,,
meat_fried,ITEM,meat_fried,298 g,
meat_mi-go,ITEM,chunk of mi-go meat,238 g,250 ml
blood_mi-go,ITEM,blood_mi-go,,
bone_mi-go,ITEM,mi-go bone,350 g,250 ml
poultry,ITEM,chunk of poultry meat,104 g,100 ml
poultry_scrap,ITEM,scrap of poultry meat,,
poultry_cooked,ITEM,poultry_cooked,94 g,100 ml
poultry_pepper,ITEM,poultry_pepper,104 g,100 ml
poultry_scrap_cooked,ITEM,cooked scrap of poultry,,
poultry_scrap_pepper,ITEM,cooked pepper scrap of poultry,,
poultry_smoked,ITEM,poultry_smoked,65 g,
mutflesh,ITEM,chunk of mutagenic flesh,,
hot_corn_casserole,ITEM,hot_corn_casserole,178 g,250 ml
cheesy_spinach_casserole,ITEM,cheesy_spinach_casserole,178 g,250 ml
tuna_noodle_casserole,ITEM,tuna_noodle_casserole,178 g,250 ml
lazy_lobster_casserole,ITEM,lazy_lobster_casserole,178 g,250 ml
eggplant_parmigiana,ITEM,eggplant_parmigiana,178 g,250 ml
cereal,ITEM,cereal,110 g,100 ml
cereal2,ITEM,cereal2,,
cereal3,ITEM,cereal3,,
cereal_fp1,ITEM,cereal_fp1,,
cereal_fp2,ITEM,cereal_fp2,,
cereal_fp4,ITEM,cereal_fp4,,
milk,ITEM,milk,258 g,250 ml
milk_choc,ITEM,milk_choc,,
milk_reconstituted,ITEM,milk_reconstituted,,
milk_raw,ITEM,milk_raw,,
milk_UHT,ITEM,milk_UHT,,
milk_evap,ITEM,milk_evap,312 g,500 ml
buttermilk,ITEM,buttermilk,,
yoghurt,ITEM,yoghurt,257 g,250 ml
butter,ITEM,butter,14180 mg,15 ml
raw_butter,ITEM,raw_butter,14 g,15 ml
ghee,ITEM,ghee,13500 mg,
pudding,ITEM,pudding,232 g,250 ml
milk_curdled,ITEM,milk_curdled,236 g,250 ml
cheese_hard,ITEM,cheese_hard,34 g,
cheese,ITEM,cheese,30 g,31 ml
cottage_cheese,ITEM,cottage_cheese,34 g,250 ml
cottage_cheese_with_fruit,ITEM,cottage_cheese_with_fruit,,
cottage_cheese_with_savory_veg,ITEM,cottage_cheese_with_savory_veg,,
mozzarella_cheese,ITEM,mozzarella_cheese,30 g,250 ml
fried_mozzarella_sticks,ITEM,fried_mozzarella_sticks,30 g,62 ml
cheese_powder,ITEM,cheese_powder,23 g,25 ml
cheese_rehydrated,ITEM,cheese_rehydrated,64 g,62 ml
quesadilla_cheese,ITEM,quesadilla,58 g,125 ml
milk_powder,ITEM,milk_powder,30 g,62 ml
con_milk,ITEM,con_milk,32 g,500 ml
milk_cream_whipped,ITEM,milk_cream_whipped,120 g,
milk_cream,ITEM,milk_cream,254 g,250 ml
tiramisu,ITEM,tiramisu,236 g,250 ml
mascarpone,ITEM,mascarpone,64 g,250 ml
pecorino_cheese,ITEM,pecorino_cheese,64 g,62 ml
apple_cider,ITEM,apple_cider,263 g,250 ml
almond_milk,ITEM,almond_milk,258 g,250 ml
hazelnut_milk,ITEM,hazelnut_milk,258 g,250 ml
walnut_milk,ITEM,walnut_milk,258 g,250 ml
soy_milk,ITEM,soy_milk,258 g,250 ml
oat_milk,ITEM,oat_milk,258 g,250 ml
atomic_coffee,ITEM,atomic_coffee,,
tea_wild_sarsaparilla,ITEM,tea_wild_sarsaparilla,,
bee_balm_tea,ITEM,bee_balm_tea,,
can_coconut,ITEM,can_coconut,250 g,250 ml
chai_tea,ITEM,chai_tea,259 g,250 ml
chamomile_tea,ITEM,chamomile_tea,,
choc_drink,ITEM,choc_drink,257 g,250 ml
coffee,ITEM,coffee,250 g,250 ml
coffee_substitute,ITEM,coffee_substitute,250 g,250 ml
milk_coffee_substitute,ITEM,milk_coffee_substitute,,
milk_coffee_substitute_sweetened,ITEM,milk_coffee_substitute_sweetened,,
sweet_milk,ITEM,sweet_milk,,
sweet_milk_fortified,ITEM,sweet_milk_fortified,,
chicory_coffee,ITEM,chicory_coffee,252 g,250 ml
cola,ITEM,cola,248 g,250 ml
colamdew,ITEM,colamdew,250 g,250 ml
creamsoda,ITEM,creamsoda,247 g,250 ml
cranberry_juice,ITEM,cranberry_juice,250 g,250 ml
crispycran,ITEM,crispycran,250 g,250 ml
dandelion_tea,ITEM,dandelion_tea,252 g,250 ml
dandelionburdock_tea,ITEM,dandelionburdock_tea,252 g,250 ml
eggnog,ITEM,eggnog,134 g,250 ml
energy_drink,ITEM,energy_drink,253 g,250 ml
energy_drink_atomic,ITEM,energy_drink_atomic,,
herbal_tea,ITEM,herbal_tea,250 g,250 ml
hot_chocolate,ITEM,hot_chocolate,257 g,250 ml
horchata,ITEM,horchata,237 g,250 ml
juice_pasteurized,ITEM,pasteurized fruit juice,,
juice,ITEM,juice,250 g,250 ml
pineapple_juice,ITEM,pineapple_juice,,
drink_pinitacolada,ITEM,drink_pinitacolada,251 g,250 ml
drink_virgin_mary,ITEM,drink_virgin_mary,258 g,250 ml
drink_shirleytemple,ITEM,drink_shirleytemple,251 g,250 ml
drink_royrogers,ITEM,drink_royrogers,251 g,250 ml
kompot,ITEM,kompot,250 g,250 ml
lemonade,ITEM,lemonade,260 g,250 ml
orangeade,ITEM,orangeade,,
grapeade,ITEM,grapeade,,
lemonlime,ITEM,lemonlime,258 g,250 ml
lotus_tea,ITEM,lotus_tea,,
mex_chocolate,ITEM,mex_chocolate,263 g,250 ml
milk_coffee,ITEM,milk_coffee,255 g,500 ml
milk_tea,ITEM,milk_tea,255 g,500 ml
oj,ITEM,oj,249 g,250 ml
oj_fresh,ITEM,oj_fresh,,
orangesoda,ITEM,orangesoda,227 g,250 ml
pine_tea,ITEM,pine_tea,262 g,250 ml
purple_drink,ITEM,purple_drink,260 g,250 ml
mycus_juice,ITEM,mycus_juice,263 g,250 ml
rootbeer,ITEM,rootbeer,260 g,250 ml
rootbeer_brewed,ITEM,rootbeer_brewed,260 g,250 ml
tonic_water,ITEM,tonic_water,250 g,250 ml
spezi,ITEM,spezi,250 g,250 ml
sports_drink,ITEM,sports_drink,257 g,250 ml
spurge_tea,ITEM,spurge_tea,,
rehydration_drink,ITEM,rehydration_drink,257 g,250 ml
sweet_water,ITEM,sweet_water,300 g,250 ml
tea,ITEM,tea,250 g,250 ml
tea_willowbark,ITEM,tea_willowbark,,
tea_bark,ITEM,tea_bark,500 g,500 ml
V8,ITEM,V8,240 g,250 ml
water,ITEM,water,,
water_murky,ITEM,water_murky,,
water_clean,ITEM,water_clean,250 g,250 ml
water_spring,ITEM,water_spring,,
water_mineral,ITEM,water_mineral,,
tea_green,ITEM,tea_green,,
tea_fruit,ITEM,tea_fruit,,
coffee_sweetened,ITEM,coffee_sweetened,,
tea_sweetened,ITEM,tea_sweetened,,
milk_tea_sweetened,ITEM,milk_tea_sweetened,,
coffee_substitute_sweetened,ITEM,coffee_substitute_sweetened,,
milk_coffee_sweetened,ITEM,milk_coffee_sweetened,,
tomato_juice,ITEM,tomato_juice,243 g,250 ml
ayran,ITEM,ayran,240 g,236 ml
zerocola,ITEM,zerocola,248 g,250 ml
zeroorange,ITEM,zeroorange,248 g,250 ml
zerotropical,ITEM,zerotropical,248 g,250 ml
zeromdew,ITEM,zeromdew,250 g,250 ml
foodplace_zero_drink,ITEM,foodplace_zero_drink,248 g,250 ml
sparkling,ITEM,sparkling,248 g,250 ml
sparkling_peach,ITEM,sparkling_peach,248 g,250 ml
sparkling_pomegranate,ITEM,sparkling_pomegranate,248 g,250 ml
water_purifying_active,ITEM,water_purifying_active,250 g,250 ml
brew_kvass,ITEM,brew_kvass,250 g,250 ml
kvass,ITEM,kvass,250 g,250 ml
sauce_red,ITEM,sauce_red,68 g,500 ml
maple_sap,ITEM,maple_sap,255 g,250 ml
mayonnaise,ITEM,mayonnaise,17 g,250 ml
ketchup,ITEM,ketchup,15 g,250 ml
barbecue_sauce,ITEM,barbecue_sauce,17 g,250 ml
honey_mustard,ITEM,honey_mustard,17 g,250 ml
mustard,ITEM,mustard,5 g,250 ml
honey_bottled,ITEM,honey_bottled,22 g,250 ml
vinegar,ITEM,vinegar,15 g,250 ml
cooking_oil,ITEM,cooking_oil,20 g,25 ml
molasses,ITEM,molasses,89 g,250 ml
grenadine_syrup,ITEM,grenadine_syrup,33 g,250 ml
horseradish,ITEM,horseradish,6 g,250 ml
coffee_syrup,ITEM,coffee_syrup,110 g,250 ml
coconut_water,ITEM,coconut_water,240 g,250 ml
salca,ITEM,salca,275 g,250 ml
pekmez,ITEM,pekmez,87 g,595 ml
egg_chicken,ITEM,chicken egg,50 g,50 ml
egg_bird_unfert,ITEM,unfertilized bird egg,,
egg_grouse,ITEM,ruffed grouse egg,,
egg_pigeon,ITEM,feral pigeon egg,,
egg_crow,ITEM,American crow egg,,
egg_raven,ITEM,raven egg,,
egg_bluejay,ITEM,blue jay egg,,
egg_cardinal,ITEM,cardinal egg,,
egg_robin,ITEM,American robin egg,,
egg_sparrow,ITEM,sparrow egg,,
egg_chickadee,ITEM,black-capped chickadee egg,,
egg_waxwing,ITEM,cedar waxwing egg,,
egg_duck,ITEM,mallard egg,,
egg_duck_domestic,ITEM,domestic duck egg,,
egg_goose_canadian,ITEM,Canada goose egg,,
egg_turkey,ITEM,wild turkey egg,,
egg_turkey_domestic,ITEM,domestic turkey egg,,
egg_pheasant,ITEM,ring-necked pheasant egg,,
egg_guinea_fowl,ITEM,domestic guineafowl egg,,
egg_wormsnake,ITEM,worm snake egg,,
egg_turtle_painted,ITEM,painted turtle egg,,
egg_turtle_snapping_common,ITEM,common snapping turtle egg,,
egg_skink_fivelined,ITEM,five-lined skink egg,,
ant_egg,ITEM,ant egg,,
ant_egg_acid,ITEM,acid ant egg,,
egg_roach,ITEM,roach egg,,
egg_roach_plague,ITEM,plague vector egg,,
egg_locust,ITEM,locust egg,,
egg_dragonfly,ITEM,dragonfly egg,,
egg_firefly,ITEM,firefly egg,,
egg_centipede,ITEM,centipede egg,,
egg_wasp,ITEM,wasp egg,,
egg_stag_beetle,ITEM,stag beetle egg,,
egg_antlion,ITEM,antlion egg,,
egg_strider,ITEM,water strider egg,,
egg_grasshopper,ITEM,grasshopper egg,,
egg_lady_bug,ITEM,ladybug egg,,
egg_mole_cricket,ITEM,mole cricket egg,,
egg_mantis,ITEM,praying mantis egg case,,
egg_fly,ITEM,fly egg,,
egg_moth_fly,ITEM,moth fly egg,,
egg_silverfish,ITEM,silverfish egg,,
egg_centipede_house,ITEM,house centipede egg,,
egg_mosquito,ITEM,mosquito egg,,
egg_spider_cellar,ITEM,cellar spider egg,,
egg_spider_jumping,ITEM,jumping spider egg,,
egg_spider_trapdoor,ITEM,trapdoor spider egg,,
egg_spider_web,ITEM,web spider egg,,
egg_spider_widow,ITEM,black widow egg,,
egg_spider_wolf,ITEM,wolf spider egg,,
egg_worm,ITEM,earthworm egg,,
egg_slug,ITEM,slug egg,,
egg_snail,ITEM,snail egg,,
razorclaw_roe,ITEM,razorclaw_roe,236 g,250 ml
egg_fish,ITEM,egg_fish,24 g,25 ml
egg_brown_trout,ITEM,egg_brown_trout,,
egg_brook_trout,ITEM,egg_brook_trout,,
egg_lake_trout,ITEM,egg_lake_trout,,
egg_rainbow_trout,ITEM,egg_rainbow_trout,,
egg_salmon,ITEM,egg_salmon,,
egg_cod,ITEM,egg_cod,,
egg_haddock,ITEM,egg_haddock,,
egg_bluefin_tuna,ITEM,egg_bluefin_tuna,,
egg_halibut,ITEM,egg_halibut,,
egg_pollock,ITEM,egg_pollock,,
egg_flounder,ITEM,egg_flounder,,
egg_mackerel,ITEM,egg_mackerel,,
egg_bluefish,ITEM,egg_bluefish,,
egg_blackfish,ITEM,egg_blackfish,,
egg_porgy,ITEM,egg_porgy,,
egg_kokanee_salmon,ITEM,egg_kokanee_salmon,,
egg_whitefish,ITEM,egg_whitefish,,
egg_whitefish_round,ITEM,egg_whitefish_round,,
egg_lbass,ITEM,egg_lbass,,
egg_sbass,ITEM,egg_sbass,,
egg_pbass,ITEM,egg_pbass,,
egg_perch,ITEM,egg_perch,,
egg_walleye,ITEM,egg_walleye,,
egg_sunfish,ITEM,egg_sunfish,,
egg_pumpkinseed,ITEM,egg_pumpkinseed,,
egg_bluegill,ITEM,egg_bluegill,,
egg_redbreast,ITEM,egg_redbreast,,
egg_green_sunfish,ITEM,egg_green_sunfish,,
egg_rock_bass,ITEM,egg_rock_bass,,
egg_calico_bass,ITEM,egg_calico_bass,,
egg_warmouth,ITEM,egg_warmouth,,
egg_bullhead,ITEM,egg_bullhead,,
egg_bullhead_yellow,ITEM,egg_bullhead_yellow,,
egg_channel_catfish,ITEM,egg_channel_catfish,,
egg_white_catfish,ITEM,egg_white_catfish,,
egg_pike,ITEM,egg_pike,,
egg_pickerel,ITEM,egg_pickerel,,
egg_pickerel_american,ITEM,egg_pickerel_american,,
egg_muskellunge,ITEM,egg_muskellunge,,
egg_white_sucker,ITEM,egg_white_sucker,,
egg_carp,ITEM,egg_carp,,
egg_grass_carp,ITEM,egg_grass_carp,,
egg_goldfish,ITEM,egg_goldfish,,
egg_bowfin,ITEM,egg_bowfin,,
egg_gar_longnose,ITEM,egg_gar_longnose,,
egg_burbot,ITEM,egg_burbot,,
egg_sturgeon_lake,ITEM,egg_sturgeon_lake,,
egg_sturgeon_shortnose,ITEM,egg_sturgeon_shortnose,,
egg_fallfish,ITEM,egg_fallfish,,
egg_mutant_salmon,ITEM,egg_mutant_salmon,,
powder_eggs,ITEM,powder_eggs,7 g,15 ml
rehydrated_eggs,ITEM,rehydrated_eggs,,
scrambled_eggs,ITEM,scrambled_eggs,,125 ml
seasoned_scrambled_eggs,ITEM,seasoned_scrambled_eggs,,
boiled_egg,ITEM,boiled egg,,
egg_salad,ITEM,egg_salad,,
fried_eggs,ITEM,fried_eggs,,
seasoned_fried_eggs,ITEM,seasoned_fried_eggs,,
deluxe_fried_eggs,ITEM,deluxe_fried_eggs,,
fried_egg_sandwich,ITEM,fried egg sandwich,,
deluxe_fried_egg_sandwich,ITEM,deluxe fried egg sandwich,,
omelet,ITEM,omelet,,
vegetable_omelet,ITEM,vegetable omelet,,
supreme_omelet,ITEM,supreme omelet,,
caviar_egg_sandwich,ITEM,caviar and egg sandwich,165 g,649 ml
pickled_egg,ITEM,pickled egg,,
curing_roe_active,ITEM,curing_roe_active,96 g,500ml
cured_roe,ITEM,cured_roe,48 g,62 ml
egg_goose,ITEM,domestic goose egg,,
egg_hummingbird,ITEM,ruby-throated hummingbird egg,,1 ml
egg_woodpecker,ITEM,downy woodpecker egg,,
egg_coot,ITEM,American coot egg,,
egg_cormorant,ITEM,double-crested cormorant egg,,
egg_moorhen,ITEM,common gallinule egg,,
egg_grebe,ITEM,horned grebe egg,,
egg_water_beetle,ITEM,water beetle egg,,
egg_water_bug,ITEM,water scorpion egg,,
egg_butterfly,ITEM,butterfly egg,,
egg_moth,ITEM,moth egg,,
egg_cicada,ITEM,cicada egg,,
menemen,ITEM,menemen,,
egg_leo_frog,ITEM,cluster of frog's eggs,,
egg_bullfrog_frog,ITEM,cluster of frog's eggs,,
egg_fowler_toad,ITEM,cluster of frog's eggs,,
egg_freedom_toad,ITEM,cluster of frog's eggs,,
egg_peeper_frog,ITEM,cluster of frog's eggs,,
egg_gray_frog,ITEM,cluster of frog's eggs,,
egg_mink_frog,ITEM,cluster of frog's eggs,,
egg_pickerel_frog,ITEM,cluster of frog's eggs,,
egg_green_frog,ITEM,cluster of frog's eggs,,
egg_wood_frog,ITEM,cluster of frog's eggs,,
egg_spade_frog,ITEM,cluster of frog's eggs,,
egg_proxy_bigfrog,ITEM,cluster of giant frog's eggs,160 g,1 L
egg_pattern_bigfrog,ITEM,cluster of giant frog's eggs,,
egg_strange_bigfrog,ITEM,cluster of giant frog's eggs,,
egg_foul_bigfrog,ITEM,cluster of giant frog's eggs,,
egg_odd_bigfrog,ITEM,cluster of giant frog's eggs,,
egg_vocal_bigfrog,ITEM,cluster of giant frog's eggs,,
egg_shift_bigfrog,ITEM,cluster of giant frog's eggs,,
milkshake,ITEM,milkshake,137 g,125 ml
milkshake_fastfood,ITEM,milkshake_fastfood,,
milkshake_choc,ITEM,milkshake_choc,,
milkshake_deluxe,ITEM,milkshake_deluxe,,
milkshake_deluxe_choc,ITEM,milkshake_deluxe_choc,,
frozen_lemonade,ITEM,frozen_lemonade,,
snowcone,ITEM,snow cone,240 g,250 ml
snowcone_alcoholic,ITEM,snow cone,240 g,250 ml
icecream,ITEM,serving of ice cream,70 g,250 ml
icecream_artificial,ITEM,serving of dairy dessert,,
icecream_choc,ITEM,serving of chocolate ice cream,,
sundae_cup,ITEM,sundae cup,25 g,88 ml
icecream_candy,ITEM,serving of candy ice cream,,
icecream_fruit,ITEM,serving of fruity ice cream,,
icecream_custard,ITEM,serving of frozen custard,,
icecream_yogurt,ITEM,serving of frozen yogurt,80 g,
icecream_sorbet,ITEM,serving of sorbet,106 g,
icecream_gelato,ITEM,serving of gelato,90 g,
fruit_leather,ITEM,fruit_leather,34 g,50 ml
can_peach,ITEM,can_peach,251 g,250 ml
can_pineapple,ITEM,can_pineapple,246 g,250 ml
lemonade_powder,ITEM,lemonade_powder,19 g,25 ml
orangeade_powder,ITEM,orangeade_powder,,
grapeade_powder,ITEM,grapeade_powder,,
jam_fruit,ITEM,jam_fruit,15 g,125 ml
dry_fruit,ITEM,dry_fruit,30 g,100 ml
rehydrated_fruit,ITEM,rehydrated_fruit,150 g,250 ml
apple_sugar,ITEM,apple_sugar,42 g,62 ml
apple_canned,ITEM,apple_canned,136 g,125 ml
pumpkin_yeast_bread,ITEM,pumpkin_yeast_bread,15 g,60 ml
hardtack_pudding,ITEM,hardtack pudding,115 g,250 ml
jerusalem_artichoke_fruitmash,ITEM,jerusalem_artichoke_fruitmash,80 g,80 ml
brandied_fruit,ITEM,brandied_fruit,180 g,250 ml
cooked_elderberries,ITEM,cooked_elderberries,,
irradiated_rose_hips,MIGRATION,irradiated_rose_hips,,
irradiated_elderberries,MIGRATION,irradiated_elderberries,,
irradiated_mulberries,MIGRATION,irradiated_mulberries,,
irradiated_huckleberries,MIGRATION,irradiated_huckleberries,,
irradiated_raspberries,MIGRATION,irradiated_raspberries,,
irradiated_cranberries,MIGRATION,irradiated_cranberries,,
irradiated_strawberries,MIGRATION,irradiated_strawberries,,
irradiated_blueberries,MIGRATION,irradiated_blueberries,,
irradiated_apple,MIGRATION,irradiated_apple,,
irradiated_banana,MIGRATION,irradiated_banana,,
irradiated_orange,MIGRATION,irradiated_orange,,
irradiated_lemon,MIGRATION,irradiated_lemon,,
irradiated_grapefruit,MIGRATION,irradiated_grapefruit,,
irradiated_pear,MIGRATION,irradiated_pear,,
irradiated_guayaba,MIGRATION,irradiated_guayaba,,
irradiated_maracuya,MIGRATION,irradiated_maracuya,,
irradiated_lulo,MIGRATION,irradiated_lulo,,
irradiated_cherries,MIGRATION,irradiated_cherries,,
irradiated_plums,MIGRATION,irradiated_plums,,
irradiated_grapes,MIGRATION,irradiated_grapes,,
irradiated_pineapple,MIGRATION,irradiated_pineapple,,
irradiated_peach,MIGRATION,irradiated_peach,,
irradiated_watermelon,MIGRATION,irradiated_watermelon,,
irradiated_melon,MIGRATION,irradiated_melon,,
irradiated_blackberries,MIGRATION,irradiated_blackberries,,
irradiated_mango,MIGRATION,irradiated_mango,,
irradiated_pomegranate,MIGRATION,irradiated_pomegranate,,
irradiated_papaya,MIGRATION,irradiated_papaya,,
irradiated_kiwi,MIGRATION,irradiated_kiwi,,
irradiated_apricot,MIGRATION,irradiated_apricot,,
irradiated_lettuce,MIGRATION,irradiated_lettuce,,
irradiated_cabbage,MIGRATION,irradiated_cabbage,,
irradiated_tomato,MIGRATION,irradiated_tomato,,
irradiated_broccoli,MIGRATION,irradiated_broccoli,,
irradiated_zucchini,MIGRATION,irradiated_zucchini,,
irradiated_onion,MIGRATION,irradiated_onion,,
irradiated_carrot,MIGRATION,irradiated_carrot,,
irradiated_corn,MIGRATION,irradiated_corn,,
irradiated_pumpkin,MIGRATION,irradiated_pumpkin,,
irradiated_potato,MIGRATION,irradiated_potato,,
irradiated_plantain,MIGRATION,irradiated_plantain,,
irradiated_cucumber,MIGRATION,irradiated_cucumber,,
irradiated_celery,MIGRATION,irradiated_celery,,
irradiated_rhubarb,MIGRATION,irradiated_rhubarb,,
irradiated_eggplant,MIGRATION,irradiated_eggplant,,
toastem,ITEM,toaster pastry,50 g,125 ml
toasterpastryfrozen,ITEM,uncooked toaster pastry,,
toasterpastry,ITEM,toasted pastry,,
buttercream,ITEM,buttercream icing,32 g,125 ml
pretzels,ITEM,pretzels,62 g,83 ml
chocpretzels,ITEM,chocpretzels,96 g,100 ml
chocolate,ITEM,chocolate bar,43 g,83 ml
marshmallow,ITEM,marshmallow,53 g,50 ml
smores,ITEM,smores,180 g,250 ml
candy,ITEM,candy,33 g,30 ml
candy2,ITEM,candy2,33 g,30 ml
candy3,ITEM,candy3,33 g,30 ml
candy4,ITEM,candy4,33 g,33 ml
candy5,ITEM,candy5,33 g,30 ml
candy3gator,ITEM,candy3gator,,
cow_candy,ITEM,cow_candy,,
licorice,ITEM,licorice,78 g,10 ml
powder_candy,ITEM,powder_candy,46 g,50 ml
candy_bracelet,ITEM,candy bracelet,,
maple_candy,ITEM,maple_candy,18 g,50 ml
grahmcrackers,ITEM,graham cracker,31 g,93 ml
grahmcrackers_roe,ITEM,grahmcrackers_roe,,
cookies,ITEM,cookie,11 g,58 ml
cookies_egg,ITEM,cookie egg,,
syrup,ITEM,syrup,21 g,250 ml
beet_syrup,ITEM,beet_syrup,15 g,250 ml
syrup_simple,ITEM,syrup_simple,21 g,250 ml
syrup_corn,ITEM,syrup_corn,21 g,250 ml
jihelucake,ITEM,cake,38 g,166 ml
cake2,ITEM,cake,,
cake3,ITEM,cake,,
debug_calories,ITEM,unholy debug angel cake,,
choco_coffee_beans,ITEM,choco_coffee_beans,30 g,8 ml
fries,ITEM,fries,71 g,250 ml
poutine,ITEM,poutine,131 g,250 ml
mintpatties,ITEM,peppermint patty,43 g,83 ml
neccowafers,ITEM,neccowafers,60 g,13 ml
candycigarette,ITEM,candy cigarette,18 g,30 ml
sugar_fried,ITEM,sugar_fried,30 g,30 ml
caramel_apple,ITEM,caramel apple,192 g,175 ml
chips,ITEM,chips,100 g,200 ml
nachos,ITEM,nachos,60 g,83 ml
nachosc,ITEM,nachosc,150 g,250 ml
nachosm,ITEM,nachosm,150 g,250 ml
nachosmc,ITEM,nachosmc,250 g,250 ml
nachosv,ITEM,nachosv,250 g,250 ml
nachosvc,ITEM,nachosvc,250 g,166 ml
porkstick,ITEM,pork stick,56 g,62 ml
junk_burrito,ITEM,microwave burrito,142 g,250 ml
frozen_dinner,ITEM,frozen_dinner,453 g,500 ml
cooked_dinner,ITEM,cooked_dinner,450 g,500 ml
fchicken,ITEM,fchicken,168 g,250 ml
chilidogs,ITEM,chili dog,318 g,200 ml
corndogs_frozen,ITEM,uncooked corn dog,78 g,125 ml
corndogs_cooked,ITEM,cooked corn dog,,
corndogs_homemade,ITEM,homemade corn dog,,250 ml
choc_pancakes,ITEM,chocolate pancake,88 g,80 ml
choc_waffles,ITEM,chocolate waffle,70 g,250 ml
can_cheese,ITEM,cheese spread,30 g,31 ml
cheese_fries,ITEM,cheese_fries,101 g,250 ml
onion_rings,ITEM,onion_rings,166 g,250 ml
hotdogs_frozen,ITEM,uncooked hot dog,43 g,75 ml
hotdogs_campfire,ITEM,campfire hot dog,,187 ml
hotdogs_cooked,ITEM,cooked hot dog,383 g,250 ml
hotdogs_newyork,ITEM,new york wiener,568 g,375 ml
maltballs,ITEM,maltballs,40 g,50 ml
candy_coated_peanuts,ITEM,candy_coated_peanuts,30 g,125 ml
freeze_dried_meal,ITEM,freeze-dried breakfast meal,175 g,250ml
freeze_dried_stroganoff,ITEM,freeze-dried beef meal,195 g,250ml
freeze_dried_veggypasta,ITEM,freeze-dried vegetarian meal,180 g,250ml
freeze_dried_meal_hydrated,ITEM,rehydrated freeze-dried meal,475 g,500ml
freeze_dried_stroganoff_hydrated,ITEM,rehydrated beef meal,495 g,500ml
freeze_dried_veggypasta_hydrated,ITEM,rehydrated vegetarian meal,500 g,500ml
chocolate_military,ITEM,military chocolate bar,115 g,500 ml
gelatin_dessert_powder,ITEM,gelatin_dessert_powder,175 g,250ml
gelatin_dessert_base,ITEM,unflavored gelatin dessert,232 g,250 ml
gelatin_dessert_processed,ITEM,processed gelatin dessert,,
gelatin_dessert_homemade,ITEM,homemade gelatin dessert,,
gelatin_dessert_fruit,ITEM,fruit filled gelatin dessert,,
gelatin_dessert_vegan,ITEM,vegan gelatin dessert,,
gelatin_dessert_vegan_fruit,ITEM,fruit filled vegan gelatin dessert,,
pasta_carbonara,ITEM,pasta_carbonara,209 g,250 ml
amatriciana_pasta,ITEM,amatriciana_pasta,209 g,250 ml
crepe_plain,ITEM,plain crepe,80 g,85 ml
crepe,ITEM,crepe,80 g,85 ml
marshmallow_fluff,ITEM,marshmallow_fluff,11 g,500 ml
sausage_raw,ITEM,raw sausage,148 g,250 ml
sausage,ITEM,smoked sausage,,
sausage_cooked,ITEM,cooked sausage,,
confit_meat,ITEM,confit_meat,351 g,250 ml
sweet_sausage,ITEM,sweet sausage,148 g,250 ml
blutwurst_sausage,ITEM,blutwurst,100 g,150 ml
bratwurst_sausage,ITEM,bratwurst,100 g,150 ml
royal_beef,ITEM,royal_beef,446 g,500 ml
bacon,ITEM,bacon,85 g,50 ml
sausage_wasteland,ITEM,wasteland sausage,,
sausage_wasteland_raw,ITEM,raw wasteland sausage,,
cracklins,ITEM,cracklins,42 g,25 ml
human_cracklins,ITEM,human_cracklins,,
mutant_cracklins,ITEM,mutant_cracklins,,
mutant_human_cracklins,ITEM,mutant_human_cracklins,,
demihuman_cracklins,ITEM,demihuman_cracklins,,
glazed_tenderloin,ITEM,glazed_tenderloin,205 g,250 ml
lobster_platter,ITEM,lobster_platter,205 g,250 ml
currywurst,ITEM,currywurst,85 g,125 ml
meat_aspic,ITEM,meat_aspic,154 g,250 ml
dry_fish,ITEM,dry_fish,85 g,125 ml
rehydrated_fish,ITEM,rehydrated_fish,,
dry_lobster,ITEM,dry_lobster,85 g,125 ml
rehydrated_lobster,ITEM,rehydrated_lobster,,
dry_mollusk,ITEM,dry_mollusk,85 g,125 ml
rehydrated_mollusk,ITEM,rehydrated_mollusk,,
fish_pickled,ITEM,fish_pickled,,
fish_canned,ITEM,fish_canned,,
lobster_canned,ITEM,lobster_canned,,
fried_froglegs,ITEM,fried_froglegs,120 g,250 ml
fish_fried,ITEM,fish_fried,201 g,250 ml
crab_cakes,ITEM,crab cake,150 g,175 ml
lobster_cakes,ITEM,lobster cake,150 g,175 ml
stuffed_clams,ITEM,stuffed_clams,150 g,35 ml
lunchmeat,ITEM,lunchmeat,56 g,75 ml
bologna,ITEM,bologna,56 g,75 ml
lutefisk,ITEM,lutefisk,175 g,250 ml
can_spam,ITEM,can_spam,56 g,83 ml
debug_nutrition,ITEM,debug_nutrition,,
can_sardine,ITEM,can_sardine,200 g,250 ml
sausagegravy,ITEM,sausagegravy,60 g,250 ml
pemmican,ITEM,pemmican,106 g,120 ml
pemmican_veggy,ITEM,pemmican_veggy,106 g,120 ml
pemmican_meat,ITEM,pemmican_meat,100 g,110 ml
macaroni_helper,ITEM,macaroni_helper,170 g,250 ml
ravioli,ITEM,ravioli,170 g,250 ml
chili,ITEM,chili,253 g,250 ml
pork_beans,ITEM,pork_beans,267 g,250 ml
can_tuna,ITEM,can_tuna,154 g,250 ml
can_salmon,ITEM,can_salmon,200 g,250 ml
can_chicken,ITEM,can_chicken,217 g,250 ml
can_herring,ITEM,can_herring,232 g,250 ml
can_clams,ITEM,can_clams,169 g,250 ml
can_chowder,ITEM,can_chowder,253 g,250 ml
deluxe_beans,ITEM,deluxe_beans,293 g,500 ml
deluxe_rice,ITEM,deluxe_rice,187 g,500 ml
deluxe_beansnrice,ITEM,deluxe_beansnrice,312 g,187 ml
pie_meat,ITEM,meat pie,189 g,250 ml
pizza_meat,ITEM,meat pizza,230 g,250 ml
pizza_supreme,ITEM,supreme pizza,300 g,
deluxe_eggs,ITEM,deluxe_eggs,198 g,83 ml
meat_canned,ITEM,meat_canned,,
meat_salted,ITEM,meat_salted,,
spaghetti_bolognese,ITEM,spaghetti_bolognese,150 g,218 ml
lasagne,ITEM,lasagne,255 g,250 ml
fried_spam,ITEM,fried_spam,,
cheeseburger,ITEM,cheeseburger,333 g,300 ml
deluxe_cheeseburger,ITEM,deluxe cheeseburger,380 g,350 ml
hamburger,ITEM,hamburger,300 g,300 ml
sloppyjoe,ITEM,sloppy joe,313 g,300 ml
taco,ITEM,taco,102 g,250 ml
ndn_taco,ITEM,Indian taco,265 g,250 ml
meat_pickled,ITEM,meat_pickled,,
dry_meat,ITEM,dry_meat,85 g,125 ml
dry_froglegs,ITEM,dry_froglegs,13 g,25 ml
dry_poultry,ITEM,dry_poultry,,
rehydrated_froglegs,ITEM,rehydrated frog leg,,
rehydrated_poultry,ITEM,rehydrated_poultry,,
rehydrated_meat,ITEM,rehydrated_meat,,
haggis,ITEM,haggis,156 g,250 ml
sushi_fishroll,ITEM,sushi_fishroll,159 g,250 ml
sushi_meatroll,ITEM,sushi_meatroll,273 g,500 ml
sashimi,ITEM,sashimi,,
dry_meat_tainted,ITEM,dry_meat_tainted,85 g,125 ml
pelmeni,ITEM,pelmeni,151 g,250 ml
homemade_burrito,ITEM,homemade burrito,142 g,83 ml
meatball_raw,ITEM,raw meatball,85g,85 ml
meatball,ITEM,meatball,,
paella_valenciana,ITEM,paella_valenciana,110 g,110 ml
escargot,ITEM,escargot,20 g,20 ml
kiymali_pide,ITEM,kiymali_pide,160 g,300 ml
lahmacun,ITEM,lahmacun,50 g,120 ml
iskender,ITEM,iskender,250 g,450 ml
manti,ITEM,manti,160 g,300 ml
sarma,ITEM,sarma,250 g,240 ml
chicken_fried,ITEM,chicken_fried,181 g,250 ml
chicken_fried_buttermilk,ITEM,chicken_fried_buttermilk,181 g,250 ml
chicken_tandoori,ITEM,tandoori chicken,200 g,250 ml
chicken_rice_hianese,ITEM,chicken_rice_hianese,195 g,250 ml
chicken_parm,ITEM,chicken_parm,250 g,250 ml
scrapple,ITEM,scrapple,58 g,56 ml
meat_dolmas,ITEM,meat_dolmas,110 g,104 ml
melatonin_tablet,ITEM,melatonin tablet,1 g,8 ml
adderall,ITEM,adderall,1 g,1 ml
adrenaline_injector,ITEM,epinephrine autoinjector,12 g,10ml
antibiotics,ITEM,antibiotics,611 mg,1 ml
antifungal,ITEM,antifungal,1 g,2 ml
antiparasitic,ITEM,antiparasitic,1 g,2 ml
aspirin,ITEM,aspirin,1 g,1 ml
ibuprofen,ITEM,ibuprofen,1 g,1 ml
naproxen,ITEM,naproxen,1 g,1 ml
acetaminophen,ITEM,acetaminophen,1 g,1 ml
metaprolol,ITEM,metaprolol,1 g,1 ml
bfipowder,ITEM,bfipowder,6 g,6 ml
caff_gum,ITEM,caffeinated chewing gum,2100 mg,2 ml
caffeine,ITEM,caffeine pill,100 mg,1 ml
chaw,ITEM,chaw,4 g,4 ml
chem_hydrogen_peroxide,ITEM,chem_hydrogen_peroxide,28 g,250 ml
skunk_spray_neutralizing_solution,ITEM,skunk_spray_neutralizing_solution,28 g,250 ml
cig,ITEM,cigarette,1 g,4 ml
cigar,ITEM,cigar,9 g,50 ml
debug_chloroform_rag,ITEM,debug chloroform soaked rag,125 g,250 ml
codeine,ITEM,codeine,1 g,1 ml
coke,ITEM,coke,100 mg,1 ml
cola_meth,ITEM,cola_meth,61 g,250 ml
myopia_contacts_weekly,ITEM,myopia_contacts_weekly,2600 mg,22 ml
myopia_transition_contacts_weekly,ITEM,myopia_transition_contacts_weekly,,
myopia_contacts_daily,ITEM,myopia_contacts_daily,,
myopia_transition_contacts_daily,ITEM,myopia_transition_contacts_daily,,
hyperopia_contacts_weekly,ITEM,hyperopia_contacts_weekly,,
hyperopia_transition_contacts_weekly,ITEM,hyperopia_transition_contacts_weekly,,
hyperopia_contacts_daily,ITEM,hyperopia_contacts_daily,,
hyperopia_transition_contacts_daily,ITEM,hyperopia_transition_contacts_daily,,
bifocal_contacts_weekly,ITEM,bifocal_contacts_weekly,,
bifocal_transition_contacts_weekly,ITEM,bifocal_transition_contacts_weekly,,
bifocal_contacts_daily,ITEM,bifocal_contacts_daily,,
bifocal_transition_contacts_daily,ITEM,bifocal_transition_contacts_daily,,
plano_transition_contacts_weekly,ITEM,plano_transition_contacts_weekly,,
plano_transition_contacts_daily,ITEM,plano_transition_contacts_daily,,
crack,ITEM,crack,80 mg,1 ml
dayquil,ITEM,dayquil,48 g,250 ml
disinfectant,ITEM,disinfectant,27 g,250 ml
disinfectant_makeshift,ITEM,disinfectant_makeshift,,
diazepam,ITEM,diazepam,1 g,2 ml
hi_q_shatter,ITEM,hi_q_shatter,500 mg,1 ml
hi_q_wax,ITEM,hi_q_wax,500 mg,1 ml
hi_q_distillate,ITEM,hi_q_distillate,250 mg,1 ml
ecig,ITEM,electronic cigarette,1 g,6 ml
eyedrops,ITEM,eyedrops,3 g,1 ml
steroid_eyedrops,ITEM,steroid_eyedrops,3 g,1 ml
flu_shot,ITEM,flu shot,12 g,10ml
handrolled_cig,ITEM,hand-rolled cigarette,1 g,4 ml
heroin,ITEM,heroin,20 mg,1 ml
iodine,ITEM,potassium iodide tablet,1 g,1 ml
joint,ITEM,joint,1 g,2 ml
lsd,ITEM,pink tab,10 mg,1 ml
meth,ITEM,meth,50 mg,1 ml
pure_meth,ITEM,pure_meth,50 mg,1 ml
morphine,ITEM,morphine,20 mg,2 ml
wintergreen_oil,ITEM,wintergreen_oil,40 g,250 ml
mugwort_oil,ITEM,mugwort_oil,40 g,250 ml
nic_gum,ITEM,nicotine gum,3 g,2 ml
nyquil,ITEM,nyquil,48 g,250 ml
antihistamine,ITEM,antihistamine,1 g,1 ml
oxycodone,ITEM,oxycodone,1 g,1 ml
pills_sleep,ITEM,sleeping pill,1 g,1 ml
poppy_pain,ITEM,poppy_pain,1 g,2 ml
poppy_sleep,ITEM,poppy_sleep,1 g,2 ml
poppysyrup,ITEM,poppysyrup,48 g,250 ml
prophylactic_antivenom,ITEM,prophylactic_antivenom,40 g,75 ml
prozac,ITEM,prozac,1 g,1 ml
prussian_blue,ITEM,Prussian blue tablet,1 g,1 ml
quikclot,ITEM,quikclot,5 g,5 ml
saline,ITEM,saline,51 g,250 ml
thorazine,ITEM,thorazine,1 g,1 ml
thyme_oil,ITEM,thyme_oil,40 g,250 ml
tobacco,ITEM,tobacco,1 g,4 ml
tramadol,ITEM,tramadol,1 g,1 ml
vitamins,ITEM,vitamins,1 g,5 ml
calcium_tablet,ITEM,calcium tablet,1 g,5 ml
bonemeal_tablet,ITEM,bone meal tablet,2 g,12 ml
flavored_bonemeal_tablet,ITEM,flavored bone meal tablet,2 g,11 ml
vitc_tablet,ITEM,vitamin C supplement,1000 mg,5 ml
vitc_fragment,ITEM,vitamin C supplement fragment,165 mg,1 ml
gummy_vitamins,ITEM,gummy_vitamins,,10 ml
homeopathic_pills,ITEM,homeopathic pill,1 g,1 ml
inj_iron,ITEM,inj_iron,40 g,25 ml
weed,ITEM,weed,1 g,2 ml
xanax,ITEM,xanax,1 g,1 ml
weak_antibiotic,ITEM,weak_antibiotic,611 mg,1 ml
pepto,ITEM,pepto,1 g,250 ml
tums,ITEM,antacid tablet,2 g,10 ml
panacea,ITEM,Panaceus,1 g,2 ml
cattail_jelly,ITEM,cattail_jelly,50 g,250 ml
strong_antibiotic,ITEM,strong_antibiotic,611 mg,1 ml
cocaine_topical,ITEM,cocaine_topical,5 g,250 ml
nic_pouch,ITEM,nicotine pouch,400 mg,1 ml
birth_control,ITEM,birth control pill,80 mg,1 ml
estrogen,ITEM,estrogen pill,80 mg,1 ml
sunscreen,ITEM,sunscreen,30 g,30 ml
mre_chilibeans,ITEM,chili & beans entree,,
mre_bbqbeef,ITEM,BBQ beef entree,,
mre_chickennoodle,ITEM,chicken noodle entree,,
mre_spaghetti,ITEM,spaghetti entree,,
mre_chicken,ITEM,chicken chunks entree,,
mre_beeftaco,ITEM,beef taco entree,,
mre_beef,ITEM,beef brisket entree,,
mre_meatball,ITEM,meatballs & marinara entree,,
mre_beefstew,ITEM,beef stew entree,,
mre_chilimac,ITEM,chili & macaroni entree,,
mre_veggy,ITEM,vegetarian taco entree,,
mre_macaronimarinara,ITEM,macaroni & marinara entree,,
mre_sfettuccine,ITEM,spinach fettuccine entree,,
mre_ratatouille,ITEM,ratatouille entree,,
mre_cheesetort,ITEM,cheese tortellini entree,,
mre_mushroomfettuccine,ITEM,mushroom fettuccine entree,,
mre_mexicanchickenstew,ITEM,Mexican chicken stew entree,,
mre_chickenburritobowl,ITEM,chicken burrito bowl entree,,
mre_maplesausage,ITEM,maple sausage entree,,
mre_ravioli,ITEM,ravioli entree,,
mre_pepperjackbeef,ITEM,pepper jack beef entree,,
mre_hashbrownbacon,ITEM,hash browns & bacon entree,,
mre_lemontuna,ITEM,lemon pepper tuna entree,,
mre_lobstermedley,ITEM,lobster seafood medley entree,,
mre_asianbeef,ITEM,Asian beef & vegetables entree,,
mre_chickenpesto,ITEM,chicken pesto & pasta entree,,
mre_southwestbeef,ITEM,southwest beef & beans entree,,
mre_hotdog,ITEM,frankfurters & beans entree,,
mre_cheesepizza,ITEM,cheese pizza entree,,
mre_pizza,ITEM,pepperoni pizza entree,,
mre_potato,ITEM,mre_potato,,
mre_fried_rice,ITEM,fried rice (small portion),,
mre_zapplesauce,ITEM,mre_zapplesauce,,
mre_blackbeans,ITEM,mre_blackbeans,,
mre_carrot_cake,ITEM,carrot pound cake,,
mre_poppyseed_cake,ITEM,lemon poppy seed pound cake,,
mre_chocolate_pudding,ITEM,mre_chocolate_pudding,75 g,
mre_chocolate_cake,ITEM,MRE toaster pastry,,
mushroom_cooked,ITEM,cooked mushroom,,
mushroom_ketchup,ITEM,mushroom_ketchup,16 g,750 ml
mushroom_morel,ITEM,morel mushroom,78 g,250 ml
morel_cooked,ITEM,cooked morel mushroom,,
morel_fried,ITEM,fried morel mushroom,,125 ml
dry_mushroom,ITEM,dried mushroom,7 g,25 ml
mushroom,ITEM,mushroom,69 g,250 ml
iv_mutagen,ITEM,iv_mutagen,,
iv_mutagen_alpha,ITEM,iv_mutagen_alpha,,
iv_mutagen_beast,ITEM,iv_mutagen_beast,,
iv_mutagen_bird,ITEM,iv_mutagen_bird,,
iv_mutagen_cattle,ITEM,iv_mutagen_cattle,,
iv_mutagen_cephalopod,ITEM,iv_mutagen_cephalopod,,
iv_mutagen_chimera,ITEM,iv_mutagen_chimera,,
iv_mutagen_elfa,ITEM,iv_mutagen_elfa,,
iv_mutagen_feline,ITEM,iv_mutagen_feline,,
iv_mutagen_fish,ITEM,iv_mutagen_fish,,
iv_mutagen_insect,ITEM,iv_mutagen_insect,,
iv_mutagen_lizard,ITEM,iv_mutagen_lizard,,
iv_mutagen_lupine,ITEM,iv_mutagen_lupine,,
iv_mutagen_medical,ITEM,iv_mutagen_medical,,
iv_mutagen_plant,ITEM,iv_mutagen_plant,,
iv_mutagen_raptor,ITEM,iv_mutagen_raptor,,
iv_mutagen_rat,ITEM,iv_mutagen_rat,,
iv_mutagen_chiropteran,ITEM,iv_mutagen_chiropteran,,
iv_mutagen_slime,ITEM,iv_mutagen_slime,,
iv_mutagen_spider,ITEM,iv_mutagen_spider,,
iv_mutagen_snail,ITEM,iv_mutagen_snail,,
iv_mutagen_batrachian,ITEM,iv_mutagen_batrachian,,
iv_mutagen_troglobite,ITEM,iv_mutagen_troglobite,,
iv_mutagen_ursine,ITEM,iv_mutagen_ursine,,
iv_mutagen_mouse,ITEM,iv_mutagen_mouse,,
iv_mutagen_rabbit,ITEM,iv_mutagen_rabbit,,
iv_mutagen_crustacean,ITEM,iv_mutagen_crustacean,,
mutagen,ITEM,mutagen,,
mutagen_jabberblood,ITEM,mutagen_jabberblood,50 g,
mutagen_alpha,ITEM,mutagen_alpha,,
mutagen_beast,ITEM,mutagen_beast,,
mutagen_bird,ITEM,mutagen_bird,,
mutagen_cattle,ITEM,mutagen_cattle,,
mutagen_cephalopod,ITEM,mutagen_cephalopod,,
mutagen_chimera,ITEM,mutagen_chimera,,
mutagen_elfa,ITEM,mutagen_elfa,,
mutagen_feline,ITEM,mutagen_feline,,
mutagen_fish,ITEM,mutagen_fish,,
mutagen_insect,ITEM,mutagen_insect,,
mutagen_lizard,ITEM,mutagen_lizard,,
mutagen_lupine,ITEM,mutagen_lupine,,
mutagen_medical,ITEM,mutagen_medical,,
mutagen_plant,ITEM,mutagen_plant,,
mutagen_raptor,ITEM,mutagen_raptor,,
mutagen_rat,ITEM,mutagen_rat,,
mutagen_chiropteran,ITEM,mutagen_chiropteran,,
mutagen_slime,ITEM,mutagen_slime,,
mutagen_spider,ITEM,mutagen_spider,,
mutagen_batrachian,ITEM,mutagen_batrachian,,
mutagen_interstice,ITEM,mutagen_interstice,,
mutagen_snail,ITEM,mutagen_snail,,
mutagen_troglobite,ITEM,mutagen_troglobite,,
mutagen_ursine,ITEM,mutagen_ursine,,
mutagen_mouse,ITEM,mutagen_mouse,,
mutagen_rabbit,ITEM,mutagen_rabbit,,
mutagen_crustacean,ITEM,mutagen_crustacean,,
purifier,ITEM,purifier,,
iv_purifier,ITEM,iv_purifier,,
mutagen_chelator,ITEM,mutagen_chelator,10 g,10 ml
purifier_smart_shot,ITEM,purifier smart shot,12 g,10ml
fetus,ITEM,misshapen fetus,760 g,250 ml
arm,ITEM,mutated arm,3767 g,4500 ml
leg,ITEM,mutated leg,11071 g,12 L
pine_nuts,ITEM,pine_nuts,15 g,31 ml
juniper,ITEM,juniper,122 g,250 ml
pistachio_shelled,ITEM,pistachio_shelled,30 g,62 ml
pistachio_roasted,ITEM,pistachio_roasted,,
almond_shelled,ITEM,almond_shelled,30 g,62 ml
almond_pulp,ITEM,almond_pulp,30 g,125 ml
almond_roasted,ITEM,almond_roasted,,
cashews,ITEM,cashews,30 g,62 ml
pecan_shelled,ITEM,pecan_shelled,30 g,62 ml
pecan_roasted,ITEM,pecan_roasted,,
peanut_shelled,ITEM,peanut_shelled,30 g,62 ml
beech_nuts,ITEM,beech_nuts,30 g,62 ml
walnut_shelled,ITEM,walnut_shelled,30 g,62 ml
walnut_pulp,ITEM,walnut_pulp,30 g,125 ml
butternut_shelled,ITEM,butternut_shelled,30 g,62 ml
walnut_roasted,ITEM,walnut_roasted,,
butternut_roasted,ITEM,butternut_roasted,,
chestnut_shelled,ITEM,chestnut_shelled,30 g,62 ml
chestnut_roasted,ITEM,chestnut_roasted,,
hazelnut_shelled,ITEM,hazelnut_shelled,30 g,62 ml
edamame_roasted,ITEM,edamame_roasted,30 g,62 ml
soy_nuts,ITEM,soy_nuts,30 g,62 ml
hazelnut_roasted,ITEM,hazelnut_roasted,,
hazelnut_pulp,ITEM,hazelnut_pulp,30 g,125 ml
hickory_nut_shelled,ITEM,hickory_nut_shelled,30 g,62 ml
hickory_nut_roasted,ITEM,hickory_nut_roasted,,
hickory_nut_ambrosia,ITEM,hickory_nut_ambrosia,64 g,250 ml
peanutbutter,ITEM,peanutbutter,32 g,250 ml
spread_peanutbutter,ITEM,peanut butter spread,32 g,31 ml
acorns,ITEM,acorns,30 g,62 ml
acorns_cooked,ITEM,acorns_cooked,22 g,46 ml
acorn_roasted,ITEM,acorn_roasted,22 g,46 ml
acorns_blanched,ITEM,acorns_blanched,,
acorns_blanching_active,ITEM,acorns_blanching_active,512 g,500 ml
vegan_butter,ITEM,vegan_butter,14180 mg,15 ml
foie_gras,ITEM,foie_gras,75 g,83 ml
liver_onion,ITEM,liver_onion,206 g,250 ml
fried_livers,ITEM,fried_livers,58 g,83 ml
fried_heart,ITEM,fried_heart,91 g,83 ml
stuffed_heart,ITEM,stuffed_heart,89 g,81 ml
humble_pie,ITEM,humble pie,249 g,250 ml
stewed_tripe,ITEM,stewed_tripe,70 g,250 ml
fried_tripe,ITEM,fried_tripe,70 g,250 ml
leverpostej,ITEM,leverpostej,112 g,125 ml
fried_brain,ITEM,fried_brain,250 g,83 ml
deviled_kidney,ITEM,deviled_kidney,180 g,83 ml
grilled_sweetbread,ITEM,grilled_sweetbread,,
canned_liver,ITEM,canned_liver,,
canned_heart,ITEM,canned_heart,,
lung_provence,ITEM,lung_provence,180 g,41 ml
tÖttchen,ITEM,tÖttchen,180 g,41 ml
scrambledeggsandbrain,ITEM,scrambledeggsandbrain,180 g,41 ml
sausage_casings,ITEM,sausage casing,,8 ml
sausage_casings_artificial,ITEM,artificial sausage casing,,8 ml
homemade_hotdogs,ITEM,homemade hot dog,,
dry_bottle_gourd,ITEM,dried bottle gourd,,1250 ml
gum,ITEM,gum,3 g,2 ml
slime_scrap,ITEM,slime glob,238 g,250 ml
honeycomb,ITEM,honey comb,150 g,250 ml
wax,ITEM,chunk of beeswax,235 g,250 ml
royal_jelly,ITEM,royal_jelly,150 g,250 ml
honeydew,ITEM,honeydew,22 g,16 ml
marloss_berry,ITEM,Marloss berry,177 g,62 ml
marloss_gel,ITEM,marloss_gel,177 g,10 ml
mycus_fruit,ITEM,Mycus fruit,354 g,62 ml
yeast,ITEM,yeast,11 g,10 ml
yogurt_starter_culture,ITEM,yogurt_starter_culture,11 g,62 ml
koji,ITEM,koji,11 g,10 ml
gelatin_powder,ITEM,gelatin_powder,11 g,10 ml
gelatin_fresh,ITEM,gelatin_fresh,25 g,250 ml
meal_chitin_piece,ITEM,meal_chitin_piece,62 g,112 ml
napkin,ITEM,napkin,1360 mg,3 ml
cardboard,ITEM,piece of cardboard,10 g,25 ml
can_beans,ITEM,can_beans,256 g,250 ml
dry_beans,ITEM,dry_beans,56 g,41 ml
beans_cooked,ITEM,beans_cooked,270 g,250 ml
tofu,ITEM,tofu,85 g,85 ml
tofu_fried,ITEM,tofu_fried,85 g,85 ml
dry_tofu,ITEM,dry_tofu,65 g,85 ml
soybean,ITEM,soybean,16 g,25 ml
dry_soybean,ITEM,dry_soybean,16 g,25 ml
raw_edamame,ITEM,raw_edamame,24 g,35 ml
blood_rice_pudding,ITEM,blood_rice_pudding,60 g,83 ml
foodplace_food,ITEM,foodplace_food,500 g,125 ml
foodplace_snack_bar,ITEM,foodplace_snack_bar,12g,12 ml
lentils_cooked,ITEM,lentils_cooked,198 g,125 ml
coffee_raw,ITEM,coffee_raw,15 g,15 ml
coffee_raw_kentucky,ITEM,coffee_raw_kentucky,,
honey_glassed,ITEM,honey_glassed,51 g,50 ml
can_tomato,ITEM,can_tomato,120 g,125 ml
human_brain_embalmed,ITEM,embalmed human brain,56 g,250 ml
cattlefodder,ITEM,cattlefodder,275 g,250 ml
cattlefodder_medium,ITEM,cattle fodder bundle,1925 g,1750 ml
cattlefodder_large,ITEM,large cattle fodder bundle,9900 g,9000 ml
birdfood,ITEM,birdfood,60 g,250 ml
dogfood_raw,ITEM,dogfood_raw,430 g,500 ml
dogfood,ITEM,dogfood,554 g,500 ml
dogfood_dry,ITEM,dogfood_dry,100 g,250 ml
catfood_raw,ITEM,catfood_raw,223 g,250 ml
catfood,ITEM,catfood,223 g,250 ml
catfood_dry,ITEM,catfood_dry,100 g,250 ml
grass,ITEM,grass,100 g,250 ml
small_plant,ITEM,small plant,100 g,250 ml
underbrush,ITEM,underbrush,100 g,250 ml
nectar,ITEM,nectar,100 g,250 ml
tea_bag,ITEM,black tea bag,5 g,10 ml
tea_green_bag,ITEM,green tea bag,,
tea_fruit_bag,ITEM,fruit tea bag,,
herbal_tea_bag,ITEM,herbal tea bag,,
tea_bag_dandelion,ITEM,dandelion tea bag,,
tea_bag_chamomile,ITEM,chamomile tea bag,,
instant_coffee,ITEM,instant_coffee,5 g,5 ml
cocoa_powder,ITEM,cocoa_powder,30 g,62 ml
cocoa_powder_milk,ITEM,cocoa_powder_milk,30 g,62 ml
acid_soaked_hide,ITEM,acid_soaked_hide,500 g,10L
gelatin_extracted,ITEM,gelatin_extracted,500 g,10L
camp_meal_small,ITEM,prepared meal (small),250 g,250 ml
camp_meal_medium,ITEM,prepared meal (medium),600 g,600 ml
camp_meal_large,ITEM,prepared meal (large),1200 g,1200 ml
press_cake,ITEM,press cake,250 g,250 ml
earthworm,ITEM,earthworm,2 g,5 ml
earthworm_handful,ITEM,handful of earthworms,20 g,20 ml
earthworm_dried,ITEM,earthworm_dried,3 g,3 ml
earthworm_fried,ITEM,earthworm_fried,,
earthworm_boiled,ITEM,earthworm_boiled,,
snail_garden,ITEM,snail,15 g,15 ml
paste_seed,ITEM,paste_seed,100 g,100 ml
paste_nut,ITEM,paste_nut,100 g,100 ml
swarm_bees,ITEM,swarm of bees,,500 ml
gravy_mix,ITEM,gravy_mix,5 g,5 ml
vegan_gravy_mix,ITEM,vegan_gravy_mix,5 g,5 ml
gravy_prepared,ITEM,gravy_prepared,15 g,60 ml
protein_drink,ITEM,protein_drink,278 g,250 ml
protein_powder,ITEM,protein_powder,28 g,27 ml
protein_bar_evac,ITEM,protein ration,180 g,170 ml
protein_shake,ITEM,protein_shake,,500 ml
protein_shake_fortified,ITEM,protein_shake_fortified,,
milk_fortified,ITEM,milk_fortified,286 g,250 ml
protein_smoothie,ITEM,protein_smoothie,,500 ml
protein_bar_zero,ITEM,protein bar,48 g,44 ml
protein_bar_peanut,ITEM,protein_bar_peanut,,
protein_bar_milk,ITEM,protein_bar_milk,,
apple,ITEM,apple,182 g,232 ml
crabapple,ITEM,crabapple,50 g,64 ml
banana,ITEM,banana,118 g,125 ml
orange,ITEM,orange,131 g,156 ml
lemon,ITEM,lemon,108 g,115 ml
blueberries,ITEM,handful of blueberries,148 g,250 ml
hobbleberries,ITEM,handful of hobbleberries,,
autumn_olive,ITEM,handful of autumn olives,,
strawberries,ITEM,handful of strawberries,144 g,250 ml
cranberries,ITEM,handful of cranberries,100 g,250 ml
raspberries,ITEM,handful of raspberries,123 g,250 ml
huckleberries,ITEM,handful of huckleberries,148 g,250 ml
m_stellatum_berries,ITEM,m_stellatum_berries,9 g,20 ml
mayapple,ITEM,mayapple,15 g,20 ml
wintergreen_berry,ITEM,wintergreen_berry,15 g,40 ml
mulberries,ITEM,handful of mulberries,140 g,250 ml
elderberries,ITEM,handful of elderberries,145 g,250 ml
nannyberries,ITEM,handful of nannyberries,,
tupelo_fruit,ITEM,handful of tupelo fruits,,
chokeberries,ITEM,handful of chokeberries,,
rose_hips,ITEM,handful of rose hips,128 g,250 ml
rose_hips_cut,ITEM,rose_hips_cut,64 g,125 ml
juice_pulp,ITEM,juice_pulp,20 g,100 ml
pear,ITEM,pear,178 g,250 ml
guayaba,ITEM,guava,55 g,125 ml
maracuya,ITEM,handful of passionfruit,236 g,250 ml
lulo,ITEM,lulo,120 g,250 ml
grapefruit,ITEM,grapefruit,246 g,455 ml
cherries,ITEM,handful of cherries,138 g,250 ml
plums,ITEM,plum,66 g,82 ml
grapes,ITEM,handful of grapes,151 g,250 ml
pineapple,ITEM,pineapple,905 g,2400 ml
pineapple_chunks,ITEM,handful of pineapple chunks,165 g,250 ml
coconut,ITEM,coconut,680 g,1850 ml
coconut_flesh,ITEM,handful of coconut flesh,80 g,250 ml
peach,ITEM,peach,150 g,180 ml
watermelon,ITEM,watermelon,4518 g,7150 ml
watermelon_wedge,ITEM,watermelon wedge,286 g,445 ml
melon,ITEM,cantaloupe melon,552 g,1100 ml
melon_chunks,ITEM,handful of cantaloupe melon chunks,138 g,250 ml
blackberries,ITEM,handful of blackberries,144 g,250 ml
mango,ITEM,mango,207 g,500 ml
pomegranate,ITEM,pomegranate,282 g,550 ml
papaya,ITEM,papaya,304 g,594 ml
kiwi,ITEM,kiwi,69 g,70 ml
apricot,ITEM,handful of apricots,140 g,250 ml
cholla_bud,ITEM,cholla bud,92 g,175 ml
cactus_pad,ITEM,handful of nopales,86 g,250 ml
corn,ITEM,corn cob,140 g,195 ml
corn_kernels,ITEM,corn_kernels,60 g,83 ml
empty_corn_cob,ITEM,empty corn cob,80 g,111 ml
popcorn_cob,ITEM,popcorn cob,,
popcorn_raw,ITEM,popcorn_raw,,
kernels,ITEM,kernels,45 g,83 ml
popcorn,ITEM,popcorn,11 g,62 ml
popcorn2,ITEM,popcorn2,,
popcorn3,ITEM,popcorn3,,
wheat_stalks,ITEM,wheat_stalks,302 g,1 L
dry_wheat_stalks,ITEM,dry_wheat_stalks,273 g,900 ml
threshed_wheat,ITEM,threshed_wheat,205 g,252 ml
chaff,ITEM,chaff,2 g,2 ml
wheat,ITEM,wheat,203 g,250 ml
barley_stalks,ITEM,barley_stalks,,
dry_barley_stalks,ITEM,dry_barley_stalks,,
threshed_barley,ITEM,threshed_barley,,
barley,ITEM,barley,211 g,250 ml
oat_stalks,ITEM,oat_stalks,,
dry_oat_stalks,ITEM,dry_oat_stalks,,
threshed_oats,ITEM,threshed_oats,,
oats,ITEM,oats,203 g,250 ml
wild_rice_stalks,ITEM,wild_rice_stalks,,
dry_wild_rice_stalks,ITEM,dry_wild_rice_stalks,,
wild_rice,ITEM,wild_rice,,
buckwheat,ITEM,buckwheat,180 g,250 ml
canola_stalks,ITEM,canola_stalks,171 g,315 ml
dry_canola_stalks,ITEM,dry_canola_stalks,149 g,315 ml
threshed_canola,ITEM,threshed_canola,134 g,252 ml
seed_canola,ITEM,seed_canola,132 g,250 ml
dry_lentil_stalks,ITEM,dry_lentil_stalks,149 g,315 ml
threshed_lentils,ITEM,threshed_lentils,134 g,252 ml
dry_lentils,ITEM,dry_lentils,132 g,125 ml
buckwheat_stalks,ITEM,buckwheat_stalks,287 g,315 ml
dry_buckwheat_stalks,ITEM,dry_buckwheat_stalks,258 g,315 ml
threshed_buckwheat,ITEM,threshed_buckwheat,190 g,290 ml
bee_balm,ITEM,bee_balm,10 g,20 ml
groundnut,ITEM,handful of ground nuts,40 g,40 ml
wild_sarsaparilla_root,ITEM,wild sarsaparilla root,40 g,80 ml
jerusalem_artichoke,ITEM,Jerusalem artichoke,40 g,80 ml
wild_garlic,ITEM,wild_garlic,30 g,70 ml
broccoli,ITEM,broccoli,151 g,180 ml
cabbage_head,ITEM,cabbage_head,910 g,1632 ml
cabbage,ITEM,handful of shredded cabbage,70 g,250 ml
grape_leaves,ITEM,grape_leaves,14 g,250 ml
radish_taproot,ITEM,handful of radish taproots,100 g,325 ml
spinach,ITEM,handful of spinach,30 g,250 ml
carrot,ITEM,carrot,72 g,146 ml
cattail_rhizome,ITEM,cattail rhizome,209 g,250 ml
lotus_rhizome,ITEM,lotus root,200 g,500 ml
cattail_stalk,ITEM,cattail stalk,100 g,250 ml
plant_stalk,ITEM,plant stalk,,
celery,ITEM,celery,40 g,146 ml
cotton_boll,ITEM,cotton boll,26 g,62 ml
chili_pepper,ITEM,chili pepper,45 g,70 ml
chili_pepper_cut,ITEM,cut chili pepper,,
cucumber,ITEM,salad cucumber,301 g,275 ml
cucumber_cut,ITEM,cut salad cucumber,300 g,274 ml
gherkin,ITEM,gherkin cucumber,65 g,60 ml
gherkin_cut,ITEM,cut gherkin cucumber,,
dahlia_root,ITEM,dahlia root,190 g,250 ml
salsify_raw,ITEM,salsify root,133 g,250 ml
chicory_raw,ITEM,chicory root,60 g,135 ml
carrot_wild,ITEM,wild root,,256 ml
dogbane,ITEM,dogbane,40 g,250 ml
garlic,ITEM,garlic bulb,18 g,45 ml
garlic_clove,ITEM,garlic clove,3 g,6 ml
hops,ITEM,hops flower,92 g,62 ml
horseradish_root,ITEM,horseradish root,250 g,400 ml
lettuce_head,ITEM,lettuce_head,504 g,1850 ml
lettuce,ITEM,handful of shredded lettuce,72 g,250 ml
mugwort,ITEM,mugwort,40 g,250 ml
onion,ITEM,onion,110 g,135 ml
plant_sac,ITEM,fungal fluid sac,270 g,250 ml
potato,ITEM,raw potato,213 g,232 ml
plantain,ITEM,cooking banana,179 g,190 ml
pumpkin,ITEM,pumpkin,2264 g,2062 ml
pumpkin_cut,ITEM,pumpkin_cut,283 g,500 ml
horseradish_greens,ITEM,horseradish_greens,70 g,140 ml
raw_dandelion,ITEM,raw_dandelion,68 g,107 ml
raw_burdock,ITEM,raw_burdock,72 g,117 ml
raw_bamboo,ITEM,handful of bamboo shoots,151 g,250 ml
rhubarb,ITEM,rhubarb,51 g,186 ml
sugar_beet,ITEM,sugar beet,82 g,75 ml
tea_raw,ITEM,tea_raw,3 g,9 ml
wintergreen_leaves,ITEM,pile of wintergreen leaves,5 g,50 ml
tea_green_raw,ITEM,tea_green_raw,,
tomato,ITEM,tomato,123 g,150 ml
tomato_cut,ITEM,cut tomato,,
veggy,ITEM,veggy,119 g,250 ml
veggy_tainted,ITEM,alien fungus chunk,,
veggy_wild,ITEM,veggy_wild,,
zucchini,ITEM,zucchini,196 g,180 ml
zucchini_cut,ITEM,cut zucchini,,
raw_beans,ITEM,handful of raw beans,184 g,250 ml
fiddlehead_raw,ITEM,fiddlehead_raw,50 g,62 ml
young_leaves,ITEM,handful of young leaves,20 g,45 ml
chicory_leaves,ITEM,handful of chicory greens,29 g,250 ml
japanese_knotweed_stem,ITEM,japanese_knotweed_stem,60 g,62 ml
bell_pepper,ITEM,bell pepper,119 g,221 ml
bell_pepper_cut,ITEM,cut bell pepper,,
flour_wheat_free,ITEM,flour_wheat_free,12400 mg,25 ml
raw_bottle_gourd,ITEM,raw bottle gourd,800 g,4500 ml
eggplant,ITEM,eggplant,548 g,501 ml
eggplant_cut,ITEM,cut eggplant,274 g,250 ml
seaweed,ITEM,seaweed,30 g,30 ml
seaweed_pile,ITEM,seaweed_pile,600 g,600 ml
sea_lettuce,ITEM,sea_lettuce,100 g,250 ml
kelp_sugar,ITEM,kelp_sugar,100 g,250 ml
bladderwrack,ITEM,bladderwrack,100 g,250 ml
sandwich_cheese_grilled,ITEM,grilled cheese sandwich,156 g,500 ml
sandwich_egg_salad,ITEM,egg salad sandwich,156 g,500 ml
sandwich_deluxe,ITEM,deluxe sandwich,292 g,125 ml
sandwich_reuben,ITEM,reuben sandwich,292 g,125 ml
sandwich_cucumber,ITEM,cucumber sandwich,120 g,500 ml
sandwich_cheese,ITEM,cheese sandwich,106 g,500 ml
sandwich_jam,ITEM,jam sandwich,140 g,500 ml
sandwich_jam_cheese,ITEM,jam and cheese sandwich,140 g,500 ml
sandwich_jam_butter,ITEM,jam and butter sandwich,154 g,500 ml
sandwich_fairy,ITEM,sandwich_fairy,56 g,120 ml
sandwich_honey,ITEM,honey sandwich,142 g,500 ml
sandwich_sauce,ITEM,boring sandwich,,
sandwich_veggy,ITEM,vegetable sandwich,189 g,500 ml
sandwich_veggy_cheese,ITEM,vegetable sandwich with cheese,189 g,500 ml
sandwich_t,ITEM,meat sandwich,203 g,150 ml
sandwich_pb,ITEM,peanut butter sandwich,204 g,500 ml
sandwich_pbj,ITEM,PB&J sandwich,204 g,500 ml
sandwich_pbh,ITEM,PB&H sandwich,207 g,500 ml
sandwich_pbm,ITEM,PB&M sandwich,205 g,500 ml
fish_sandwich,ITEM,fish sandwich,201 g,500 ml
fish_bagel,ITEM,fish and spinach bagel,251 g,500 ml
lobster_roll,ITEM,lobster roll,,
blt,ITEM,BLT,220 g,125 ml
chicken_sandwich,ITEM,chicken sandwich,187 g,500 ml
sandwich_pbf,ITEM,fluffernutter sandwich,204 g,500 ml
seed_hops,ITEM,seed_hops,19 g,31 ml
seed_blackberries,ITEM,seed_blackberries,,
seed_blueberries,ITEM,seed_blueberries,,
seed_cranberries,ITEM,seed_cranberries,,
seed_huckleberries,ITEM,seed_huckleberries,,
seed_mulberries,ITEM,seed_mulberries,,
seed_elderberries,ITEM,seed_elderberries,,
seed_raspberries,ITEM,seed_raspberries,,
seed_strawberries,ITEM,seed_strawberries,,
seed_grapes,ITEM,seed_grapes,,
seed_rose,ITEM,seed_rose,,
seed_tobacco,ITEM,seed_tobacco,,
seed_barley,ITEM,seed_barley,,
seed_sugar_beet,ITEM,seed_sugar_beet,5 g,1 ml
seed_lettuce,ITEM,seed_lettuce,,
seed_cabbage,ITEM,seed_cabbage,,
seed_radish,ITEM,seed_radish,,
seed_tomato,ITEM,seed_tomato,,
seed_cotton_boll,ITEM,seed_cotton_boll,5 g,6 ml
seed_broccoli,ITEM,seed_broccoli,,
seed_zucchini,ITEM,seed_zucchini,,
seed_onion,ITEM,seed_onion,,
seed_garlic,ITEM,seed_garlic,,
seed_cattail,ITEM,seed_cattail,,
seed_lotus,ITEM,seed_lotus,30 g,94 ml
seed_lotus_boiled,ITEM,seed_lotus_boiled,30 g,100 ml
seed_dahlia,ITEM,seed_dahlia,,
seed_salsify_raw,ITEM,seed_salsify_raw,,2 ml
seed_chicory,ITEM,seed_chicory,,2 ml
seed_wildcarrot,ITEM,seed_wildcarrot,,
seed_flower,ITEM,seed_flower,,
seed_cactus,ITEM,seed_cactus,,
seed_carrot,ITEM,seed_carrot,,
seed_corn,ITEM,seed_corn,,
seed_chili_pepper,ITEM,seed_chili_pepper,,
seed_cucumber,ITEM,seed_cucumber,,
seed_gherkin,ITEM,seed_gherkin,,
seed_potato_raw,ITEM,seed_potato_raw,53 g,94 ml
seed_poppy_bud,ITEM,seed_poppy_bud,30 g,54 ml
seed_weed,ITEM,seed_weed,17 g,42 ml
fungal_seeds,ITEM,fungal_seeds,,31 ml
marloss_seed,ITEM,Marloss seed,177 g,10 ml
seed_beans,ITEM,seed_beans,,250 ml
soybean_seed,ITEM,soybean_seed,,
seed_lentils,ITEM,seed_lentils,,
seed_thyme,ITEM,seed_thyme,,2 ml
seed_watermelon,ITEM,seed_watermelon,,
seed_melon,ITEM,seed_melon,,
seed_pumpkin,ITEM,seed_pumpkin,17 g,42 ml
seed_sunflower,ITEM,seed_sunflower,25 g,63 ml
seed_dogbane,ITEM,seed_dogbane,,2 ml
seed_bee_balm,ITEM,seed_bee_balm,,2 ml
seed_mugwort,ITEM,seed_mugwort,,2 ml
seed_spinach,ITEM,seed_spinach,,2 ml
seed_buckwheat,ITEM,seed_buckwheat,,
seed_wild_herbs,ITEM,seed_wild_herbs,,2 ml
seed_veggy_wild,ITEM,seed_veggy_wild,,2 ml
seed_raw_dandelion,ITEM,seed_raw_dandelion,,2 ml
seed_raw_burdock,ITEM,seed_raw_burdock,,2 ml
seed_japanese_knotweed,ITEM,seed_japanese_knotweed,,2 ml
seed_wild_rice,ITEM,seed_wild_rice,5 g,25 ml
seed_jerusalem_artichoke,ITEM,seed_jerusalem_artichoke,,2 ml
seed_maianthemum_stellatum,ITEM,seed_maianthemum_stellatum,,2 ml
seed_wild_sarsaparilla,ITEM,seed_wild_sarsaparilla,,2 ml
seed_mayapple,ITEM,seed_mayapple,,
seed_wintergreen,ITEM,seed_wintergreen,,
seed_groundnut,ITEM,seed_groundnut,,2 ml
seed_wild_garlic,ITEM,seed_wild_garlic,,2 ml
seed_raw_bamboo,ITEM,seed_raw_bamboo,,2 ml
seed_rhubarb,ITEM,seed_rhubarb,,2 ml
seed_mushroom,ITEM,seed_mushroom,,
seed_mushroom_morel,ITEM,seed_mushroom_morel,,
datura_seed,ITEM,datura_seed,2 g,
seed_celery,ITEM,seed_celery,,
seed_oats,ITEM,seed_oats,,
seed_garlic_clove,ITEM,seed_garlic_clove,,
seed_wheat,ITEM,seed_wheat,,
fried_seeds,ITEM,fried_seeds,32 g,62 ml
coffee_pod,ITEM,Kentucky coffee pod,26 g,62 ml
coffee_bean,ITEM,coffee_bean,15 g,30 ml
roasted_coffee_bean,ITEM,roasted_coffee_bean,,
seed_chamomile,ITEM,seed_chamomile,,
seed_spurge,ITEM,seed_spurge,,
seed_popcorn,ITEM,seed_popcorn,,
seed_horseradish,ITEM,seed_horseradish,,
seed_mustard,ITEM,seed_mustard,2 g,2 ml
seed_bell_pepper,ITEM,seed_bell_pepper,,
seed_bottle_gourd,ITEM,seed_bottle_gourd,,
seed_eggplant,ITEM,seed_eggplant,,
serum_regen,ITEM,serum_regen,7 g,10 ml
broth,ITEM,broth,253 g,500 ml
broth_meat,ITEM,broth_meat,253 g,500 ml
broth_bone,ITEM,broth_bone,253 g,500 ml
soup_veggy,ITEM,soup_veggy,254 g,500 ml
soup_three_sisters,ITEM,soup_three_sisters,207 g,500 ml
soup_meat,ITEM,soup_meat,253 g,500 ml
soup_fish,ITEM,soup_fish,265 g,500 ml
curry_veggy,ITEM,curry_veggy,263 g,500 ml
curry_meat,ITEM,curry_meat,262 g,250 ml
soup_woods,ITEM,soup_woods,250 g,500 ml
soup_woods_egg,ITEM,soup_woods_egg,250 g,500 ml
hellfire_stew,ITEM,hellfire_stew,60 g,250 ml
soup_chicken,ITEM,soup_chicken,261 g,500 ml
soup_mushroom,ITEM,soup_mushroom,266 g,500 ml
soup_blood,ITEM,soup_blood,266 g,500 ml
soup_tomato,ITEM,soup_tomato,242 g,250 ml
soup_dumplings,ITEM,soup_dumplings,263 g,500 ml
soup_cullenskink,ITEM,soup_cullenskink,261 g,500 ml
soup_lobsterstew,ITEM,soup_lobsterstew,261 g,500 ml
soup_instant_chicken_noodle_prepared,ITEM,soup_instant_chicken_noodle_prepared,170 g,170 ml
soup_instant_chicken_noodle_powder,ITEM,soup_instant_chicken_noodle_powder,13 g,13 ml
soup_instant_vegetable_prepared,ITEM,soup_instant_vegetable_prepared,170 g,170 ml
soup_instant_vegetable_powder,ITEM,soup_instant_vegetable_powder,13 g,13 ml
coqauvin,ITEM,coqauvin,263 g,500 ml
chilly-p,ITEM,chilly-p,,
garlic_powder,ITEM,garlic_powder,1 g,
hot_sauce,ITEM,hot_sauce,5 g,250 ml
cinnamon,ITEM,cinnamon,,
curry_powder,ITEM,curry_powder,,
pepper,ITEM,pepper,,
spicebush_berries,ITEM,spicebush_berries,,
spicebush_berries_smoked,ITEM,spicebush_berries_smoked,,
salt,ITEM,salt,,
seasoning_italian,ITEM,seasoning_italian,,
seasoning_salt,ITEM,seasoning_salt,,
sugar,ITEM,sugar,5 g,6 ml
sprinkles,ITEM,sprinkles,4 g,4 ml
wild_herbs,ITEM,wild_herbs,7 g,2 ml
soysauce,ITEM,soysauce,24 g,250 ml
thyme,ITEM,thyme,40 g,250 ml
mustard_powder,ITEM,mustard_powder,,
artificial_sweetener,ITEM,artificial_sweetener,,
cooked_cattail_stalk,ITEM,cooked cattail stalk,,
cooked_burdock_stalk,ITEM,cooked plant stalk,,
roasted_cattail_rhizome,ITEM,roasted cattail rhizome,160 g,220 ml
starch,ITEM,starch,180 g,250 ml
garlic_roasted,ITEM,garlic_roasted,18 g,150 ml
chili_pepper_roasted,ITEM,roasted chili pepper,53 g,83 ml
dandelion_cooked,ITEM,dandelion_cooked,,
dandelion_fried,ITEM,dandelion_fried,50 g,100 ml
burdock_cooked,ITEM,burdock_cooked,,
burdock_fried,ITEM,burdock_fried,116 g,500 ml
dandelionburdock_fried,ITEM,dandelionburdock_fried,116 g,500 ml
bamboo_cooked,ITEM,bamboo_cooked,,
bamboo_fried,ITEM,bamboo_fried,116 g,170 ml
veggy_cooked,ITEM,veggy_cooked,,
veggy_wild_cooked,ITEM,veggy_wild_cooked,,
veggy_aspic,ITEM,veggy_aspic,120 g,250 ml
buckwheat_cooked,ITEM,buckwheat_cooked,,
can_corn,ITEM,can_corn,178 g,250 ml
corn_on_cob,ITEM,corn_on_cob,130 g,195 ml
pan_roasted_corn,ITEM,pan_roasted_corn,178 g,250 ml
hominy,ITEM,hominy,178 g,250 ml
cornmeal,ITEM,cornmeal,12500 mg,24 ml
deluxe_veggy_beans,ITEM,deluxe_veggy_beans,350 g,500 ml
dry_rice,ITEM,dry_rice,66 g,83 ml
dry_wild_rice,ITEM,dry_wild_rice,66 g,83 ml
rice_cooked,ITEM,rice_cooked,200g,250 ml
wild_rice_cooked,ITEM,wild_rice_cooked,200g,250 ml
deluxe_veggy_rice,ITEM,deluxe_veggy_rice,300 g,500 ml
beansnrice,ITEM,beansnrice,440 g,500 ml
succotash,ITEM,succotash,440 g,500 ml
succotash_deluxe,ITEM,succotash_deluxe,440 g,500 ml
tofu_rice,ITEM,tofu_rice,135 g,250 ml
tofu_stirfry,ITEM,tofu_stirfry,135 g,250 ml
deluxe_veggy_beansnrice,ITEM,deluxe_veggy_beansnrice,540 g,750 ml
potato_baked,ITEM,baked potato,170 g,250 ml
potato_boiled,ITEM,boiled potato,150 g,250 ml
lotus_rhizome_boiled,ITEM,boiled lotus root,200 g,400 ml
plantain_cooked,ITEM,roasted cooking banana,118 g,500 ml
carrot_roasted,ITEM,roasted carrot,,
carrot_glazed,ITEM,glazed carrot,,
cooked_pumpkin,ITEM,cooked_pumpkin,275 g,250 ml
pie_veggy,ITEM,vegetable pie,240 g,250 ml
samosa_veggy,ITEM,vegetable samosa,100 g,150 ml
pizza_veggy,ITEM,vegetable pizza,230 g,250 ml
sauce_pesto,ITEM,sauce_pesto,65 g,250 ml
veggy_canned,ITEM,veggy_canned,259 g,250 ml
veggy_salted,ITEM,salted veggy chunk,192 g,250 ml
spaghetti_pesto,ITEM,spaghetti_pesto,80 g,250 ml
pickle,ITEM,pickle,54 g,50 ml
sauerkraut_onions,ITEM,sauerkraut_onions,424 g,250 ml
veggy_pickled,ITEM,veggy_pickled,,
veggy_pickled_fried,ITEM,fried pickled veggy,,
dry_veggy,ITEM,dry_veggy,,125 ml
dry_chili,ITEM,dehydrated chili pepper,40 g,55 ml
dry_garlic,ITEM,dehydrated garlic clove,2 g,17 ml
dry_corn,ITEM,dry_corn,45 g,83 ml
rehydrated_veggy,ITEM,rehydrated_veggy,,
rehydrated_chili,ITEM,rehydrated chili pepper,48 g,70 ml
rehydrated_garlic,ITEM,rehydrated garlic clove,2 g,21 ml
rehydrated_corn_kernels,ITEM,rehydrated_corn_kernels,,
veggy_salad,ITEM,veggy_salad,227 g,250 ml
dried_salad,ITEM,dried_salad,150 g,125 ml
insta_salad,ITEM,insta_salad,,
dahlia_baked,ITEM,baked dahlia root,,
salsify_baked,ITEM,roasted salsify,,
sushi_rice,ITEM,sushi_rice,55 g,62 ml
onigiri,ITEM,onigiri,99 g,125 ml
sushi_veggyroll,ITEM,sushi_veggyroll,275 g,250 ml
dry_veggy_tainted,ITEM,dehydrated alien fungus chunk,,
sauerkraut,ITEM,sauerkraut,255 g,250 ml
nopalitos,ITEM,nopalito,100 g,166 ml
fiddlehead_boiled,ITEM,fiddlehead_boiled,50 g,120 ml
fiddlehead_sauteed,ITEM,fiddlehead_sauteed,100 g,240 ml
jerusalem_artichoke_sauteed,ITEM,sauteed Jerusalem artichoke,,
jerusalem_artichoke_boiled,ITEM,boiled Jerusalem artichoke,,
cooked_bell_pepper,ITEM,cooked bell pepper,,
groundnut_prepared,ITEM,groundnut_prepared,,
groundnut_boiled,ITEM,groundnut_boiled,,
salsa,ITEM,salsa,67 g,62 ml
melitzanosalata,ITEM,melitzanosalata,260 g,250 ml
onion_sauteed,ITEM,onion_sauteed,129 g,200 ml
kombu,ITEM,kombu,10 g,25 ml
mashed_potato,ITEM,mashed_potato,,
vegetarian_dolmas,ITEM,vegetarian_dolmas,110 g,104 ml
grain_boiled,ITEM,grain_boiled,260 g,250 ml
spaghetti_raw,ITEM,spaghetti_raw,60 g,62 ml
lasagne_raw,ITEM,lasagne_raw,60 g,130 ml
spaghetti_cooked,ITEM,spaghetti_cooked,148 g,250 ml
macaroni_raw,ITEM,macaroni_raw,60 g,62 ml
macaroni_cooked,ITEM,macaroni_cooked,209 g,250 ml
flour,ITEM,flour,12500 mg,24 ml
bread_flour,ITEM,bread_flour,60 g,120 ml
oatmeal,ITEM,oatmeal,35 g,75 ml
oatmeal_cooked,ITEM,oatmeal_cooked,256 g,250 ml
oatmeal_deluxe,ITEM,oatmeal_deluxe,306 g,250 ml
grits,ITEM,grits,256 g,250 ml
oat_pulp,ITEM,oat_pulp,30 g,125 ml
cheese_grits,ITEM,cheese_grits,275 g,250 ml
pancakes,ITEM,pancake,70 g,78 ml
fruit_pancakes,ITEM,fruit pancake,80 g,92 ml
blood_pancakes,ITEM,blodplättar,80 g,
frenchtoast,ITEM,frenchtoast,42 g,125 ml
waffles,ITEM,waffle,75 g,250 ml
fruit_waffles,ITEM,fruit waffle,156 g,375 ml
crackers,ITEM,cracker,56 g,125 ml
snack_bread,ITEM,wheat snack bread,,
oyster_crackers,ITEM,oyster cracker,25 g,31 ml
pie,ITEM,fruit pie,125 g,250 ml
pizza_cheese,ITEM,cheese pizza,170 g,250 ml
granola,ITEM,granola,32 g,62 ml
pie_maple,ITEM,maple pie,74 g,125 ml
noodles_fast,ITEM,noodles_fast,81 g,160 ml
cloutie_dumpling,ITEM,cloutie_dumpling,91 g,250 ml
brioche,ITEM,brioche,77 g,125 ml
sponge_cake,ITEM,sponge cake,68 g,187 ml
space_cake,ITEM,space cake,,
brownie,ITEM,brownie,45 g,
brownie_weed,ITEM,'special' brownie,,
9mm_ammo_box_20,ITEM,9mm ammo box,6 g,70 ml
9mm_ammo_box_50,ITEM,9mm ammo box,15 g,160 ml
9mm_ammo_box_100,ITEM,9mm ammo box,29 g,300 ml
9mm_ammo_box_250,ITEM,9mm ammo box,73 g,680 ml
22lr_ammo_tray,ITEM,.22 LR ammo tray,5 g,46 ml
22lr_ammo_box_100,ITEM,.22 LR ammo box,11 g,117 ml
22lr_ammo_box_500,ITEM,.22 LR ammo box,57 g,540 ml
22lr_ammo_box_1000,ITEM,.22 LR ammo box,126 g,1150 ml
223_ammo_box_20,ITEM,.223/5.56 ammo box,11 g,125 ml
223_ammo_box_50,ITEM,.223/5.56 ammo box,26 g,290 ml
223_ammo_box_200,ITEM,.223/5.56 ammo box,104 g,1073 ml
45_ammo_box_20,ITEM,.45 ACP ammo box,9 g,113 ml
45_ammo_box_50,ITEM,.45 ACP ammo box,24 g,260 ml
45_ammo_box_200,ITEM,.45 ACP ammo box,94 g,970 ml
45_ammo_box_500,ITEM,.45 ACP ammo box,236 g,2240 ml
380_ammo_box_20,ITEM,.380 ACP ammo box,5 g,54 ml
380_ammo_box_500,ITEM,.380 ACP ammo box,112 g,1060 ml
40_ammo_box_20,ITEM,.40 S&W ammo box,7 g,80 ml
40_ammo_box_50,ITEM,.40 S&W ammo box,17 g,173 ml
40_ammo_box_500,ITEM,.40 S&W ammo box,167 g,1590 ml
762_ammo_box_20,ITEM,7.62x39 ammo box,14 g,170 ml
762_ammo_box_50,ITEM,7.62x39 ammo box,36 g,370 ml
762_ammo_box_500,ITEM,7.62x39mm ammo box,359 g,3400 ml
357_ammo_box_20,ITEM,.357 Magnum ammo box,7 g,81 ml
357_ammo_box_50,ITEM,.357 Magnum ammo box,18 g,175 ml
357_ammo_box_200,ITEM,.357 Magnum ammo box,73 g,640 ml
12_ammo_box_5,ITEM,12 gauge ammo box,12 g,148 ml
12_ammo_box_10,ITEM,12 gauge ammo box,28 g,307 ml
12_ammo_box_25,ITEM,12 gauge ammo box,70 g,578 ml
12_ammo_box_100,ITEM,12 gauge ammo box,228 g,2400 ml
308_ammo_box_20,ITEM,.308/7.62x51 ammo box,20 g,230 ml
308_ammo_box_100,ITEM,.308/7.62x51 ammo box,100 g,950 ml
38_ammo_box_20,ITEM,.38 Special ammo box,7 g,85 ml
38_ammo_box_50,ITEM,.38 Special ammo box,18 g,200 ml
38_ammo_box_200,ITEM,.38 Special ammo box,71 g,734 ml
38_ammo_box_500,ITEM,.38 Special ammo box,178 g,1550 ml
44_ammo_box_20,ITEM,.44 Magnum ammo box,11 g,130 ml
44_ammo_box_100,ITEM,.44 Magnum ammo box,55 g,570 ml
44_ammo_box_200,ITEM,.44 Magnum ammo box,110 g,1050 ml
3006_ammo_box_20,ITEM,.30-06 Springfield ammo box,24 g,288 ml
3006_ammo_box_100,ITEM,.30-06 Springfield ammo box,121 g,1250 ml
3006_ammo_box_200,ITEM,.30-06 Springfield ammo box,242 g,2300 ml
45colt_ammo_box_20,ITEM,.45 Colt ammo box,12 g,140 ml
45colt_ammo_box_50,ITEM,.45 Colt ammo box,30 g,310 ml
410_ammo_box_5,ITEM,.410 bore ammo box,5 g,65 ml
410_ammo_box_25,ITEM,.410 bore ammo box,27 g,280 ml
10mm_ammo_box_20,ITEM,10mm Auto ammo box,7 g,87 ml
10mm_ammo_box_50,ITEM,10mm Auto ammo box,19 g,206 ml
10mm_ammo_box_500,ITEM,10mm Auto ammo box,185 g,1750 ml
300_ammo_box_20,ITEM,.300 Winchester Magnum ammo box,43 g,316 ml
303_ammo_box_20,ITEM,.303 British ammo box,36 g,402 ml
30carbine_ammo_box_50,ITEM,.30 Carbine ammo box,20 g,208 ml
32_ammo_box_50,ITEM,.32 ACP ammo box,9 g,109 ml
338_ammo_box_20,ITEM,.338 Lapua Magnum ammo box,41 g,458 ml
357sig_ammo_box_50,ITEM,.357 SIG ammo box,17 g,185 ml
38super_ammo_box_50,ITEM,.38 Super ammo box,15 g,165 ml
450_ammo_box_20,ITEM,.450 Bushmaster ammo box,18 g,203 ml
454_ammo_box_20,ITEM,.454 Casull ammo box,13 g,157 ml
4570_ammo_box_20,ITEM,.45-70 ammo box,21 g,234 ml
57_ammo_box_50,ITEM,5.7x28mm ammo box,13 g,143 ml
460_ammo_box_20,ITEM,.460 S&W Magnum ammo box,17 g,189 ml
3030_ammo_box_20,ITEM,.30-30 Winchester ammo box,10 g,164 ml
3030_ammo_box_200,ITEM,.30-30 Winchester ammo box,100 g,1640 ml
2lcanteen,ITEM,2.5 L canteen,155 g,2625 ml
30gal_barrel,ITEM,30 gallon plastic barrel,6800 g,165640 ml
30gal_drum,ITEM,steel drum (100 L),7600 g,105 L
55gal_drum,ITEM,steel drum (200 L),20 kg,210 L
bag_durasack,ITEM,reusable plastic sack,750 g,1250 ml
bag_durasack_cement,ITEM,"durable plastic sack, cement",,
bag_canvas,ITEM,canvas sack,415 g,1 L
bag_canvas_small,ITEM,canvas bag,20 g,60 ml
bag_plastic,ITEM,plastic bag,5 g,10 ml
bag_plastic_small,ITEM,small plastic bag,1 g,5 ml
blister_pack,ITEM,blister pack,200 g,200 ml
bag_garbage,ITEM,garbage bag,40 g,42 ml
nylon_bag,ITEM,nylon bag,280 g,2 L
bag_garbage_reinforced,ITEM,reinforced garbage bag,400 g,500 ml
bag_paper_powder,ITEM,small powder paper bag,5 g,20 ml
bag_paper_powder_bulk,ITEM,large powder paper bag,20 g,60 ml
bag_paper_powder_50lb,ITEM,50lb powder paper bag,40 g,1000 ml
bag_zipper,ITEM,zipper bag,2 g,20 ml
bag_zipper_gallon,ITEM,gallon-sized zipper bag,20 g,75 ml
dry_bag_large,ITEM,large dry bag,1500 g,7500 ml
bag_body_bag,ITEM,body bag,1061 g,15 L
heavy_punching_bag_sack,ITEM,heavy punching bag sack,2400g,12260 ml
bag_iv,ITEM,IV bag,10 g,50 ml
bottle_glass,ITEM,glass bottle,511 g,1082 ml
bottle_glass_330ml,ITEM,small glass bottle,,
bottle_plastic,ITEM,plastic bottle,13 g,510 ml
bottle_plastic_glue,ITEM,plastic glue bottle,,
bottle_plastic_355ml,ITEM,small plastic bottle,,
condiment_bottle_sealed,ITEM,condiment bottle,19 g,525 ml
bottle_plastic_small,ITEM,very small plastic bottle,7 g,255 ml
bottle_plastic_small_glue,ITEM,small plastic glue bottle,,
bottle_plastic_tiny,ITEM,tiny plastic bottle,2 g,35 ml
bottle_plastic_tiny_glue,ITEM,tiny plastic glue bottle,,
small_squeeze_tube,ITEM,small glue squeeze tube,2 g,11 ml
bottle_plastic_pill_prescription,ITEM,plastic prescription bottle,7 g,251 ml
bottle_plastic_pill_painkiller,ITEM,plastic painkiller bottle,,
bottle_plastic_pill_supplement,ITEM,plastic supplement bottle,,
bottle_plastic_seasoning,ITEM,plastic seasoning bottle,13 g,510 ml
bottle_plastic_seasoning_small,ITEM,small plastic seasoning bottle,7 g,255 ml
bottle_glass_seasoning,ITEM,glass seasoning bottle,450 g,510 ml
bottle_glass_seasoning_small,ITEM,small glass seasoning bottle,150 g,251 ml
bottle_twoliter,ITEM,large plastic bottle,53 g,2040 ml
bottle_twoliter_glue,ITEM,large plastic glue bottle,,
bowl_clay,ITEM,clay bowl,60 g,295 ml
bowl_wood,ITEM,wooden bowl,48 g,300 ml
bowl_wood_large,ITEM,large wooden bowl,88 g,550 ml
bowl_coconut,ITEM,coconut bowl,55 g,300 ml
bowl_skull,ITEM,skull bowl,112 g,520 ml
box_cigarette,ITEM,cigarette pack,15 g,95 ml
case_cigar,ITEM,cigar case,95 g,323 ml
box_snack,ITEM,snack cardboard box,12 g,550 ml
box_small,ITEM,small cardboard box,50 g,2250 ml
box_small_folded,ITEM,small folded cardboard box,50 g,900 ml
box_medium,ITEM,cardboard box,400 g,51000 ml
box_medium_folded,ITEM,folded cardboard box,400 g,6000 ml
box_large,ITEM,large cardboard box,2 kg,329000 ml
box_large_folded,ITEM,large folded cardboard box,2 kg,18000 ml
box_large_reinforced,ITEM,reinforced large cardboard box,4 kg,334000 ml
box_oversize,ITEM,oversize cardboard box,2000 g,205000 ml
box_oversize_folded,ITEM,oversize folded cardboard box,2000 g,22000 ml
box_oversize_reinforced,ITEM,reinforced oversize cardboard box,4002 g,205000 ml
box_longarm,ITEM,longarm cardboard box,600 g,40 L
box_pistol,ITEM,handgun case,2300 g,15750 ml
box_compact_wood,ITEM,tiny wooden box,200 g,6000 ml
box_small_wood,ITEM,small wooden box,650 g,3200 ml
box_medium_wood,ITEM,wooden box,5200 g,58800 ml
box_large_wood,ITEM,large wooden box,41600 g,394400 ml
box_oversize_wood,ITEM,oversize wooden box,34400 g,255600 ml
box_small_metal,ITEM,small metal box,750 g,2196 ml
box_medium_metal,ITEM,metal box,6000 g,50750 ml
box_large_metal,ITEM,large metal box,48 kg,330000 ml
box_oversize_metal,ITEM,oversize metal box,48 kg,206000 ml
bucket,ITEM,bucket,725 g,5500 ml
bucket_5gal,ITEM,large plastic bucket,815 g,26300 ml
bucket_wood,ITEM,wooden bucket,1250 g,7500 ml
camelbak,ITEM,hydration pack,185 g,250 ml
can_drink,ITEM,aluminum can,11 g,416 ml
can_aluminum_250ml,ITEM,small aluminum can,,
carton_sealed,ITEM,half gallon carton,28 g,2003 ml
carton_milk,ITEM,half gallon paper carton,,
carton_946ml,ITEM,quart carton,14 g,974 ml
carton_284ml,ITEM,half pint carton,,
carton_egg,ITEM,egg carton,28 g,620 ml
carton_egg_6,ITEM,small egg carton,,
plastic_bag_vac,ITEM,vacuum-packed bag,2 g,10 ml
can_food,ITEM,small tin can,40 g,262 ml
can_medium,ITEM,medium tin can,70 g,525 ml
canteen,ITEM,plastic canteen,155 g,1575 ml
thermos,ITEM,thermos,530 g,1250 ml
clay_canister,ITEM,clay canister,536 g,590 ml
clay_cup,ITEM,clay cup,318 g,475 ml
clay_hydria,ITEM,clay hydria,1955 g,17700 ml
clay_watercont,ITEM,large clay pot,4887 g,44250 ml
clay_watercont_no_lid,ITEM,large clay pot (no lid),,
cup_plastic,ITEM,plastic cup,6 g,262 ml
cup_plastic_yoghurt,ITEM,plastic cup,,
cup_foil,ITEM,foil cup,24 g,5 ml
flask_glass,ITEM,glass flask,48 g,360 ml
test_tube,ITEM,test tube,11 g,20 ml
beaker,ITEM,beaker,150 g,251 ml
gradcylinder,ITEM,graduated cylinder,150 g,177 ml
test_tube_micro,ITEM,microcentrifuge tube,1 g,2ml
petri_dish,ITEM,Petri dish,25 g,145 ml
flask_hip,ITEM,hip flask,270 g,650 ml
jar_3l_glass_sealed,ITEM,3 L glass jar,953 g,3530 ml
jar_glass_sealed,ITEM,0.5 L glass jar,277 g,690 ml
jerrycan,ITEM,plastic jerrycan,1587 g,10500 ml
jerrycan_big,ITEM,steel jerrycan,4300 g,26750 ml
jug_clay,ITEM,clay jug,400 g,1180 ml
jug_plastic,ITEM,gallon jug,160 g,4402 ml
jug_plastic_glue,ITEM,gallon glue jug,,
jug_plastic_1892ml,ITEM,half gallon jug,,
fuel_tin,ITEM,gallon can,363 g,4290 ml
keg,ITEM,aluminum keg,5040 g,50050 ml
keg_steel,ITEM,steel keg,12600 g,52500 ml
large_stomach_sealed,ITEM,large sealed stomach,783 g,500 ml
metal_tank,ITEM,metal tank (60 L),5668 g,60050 ml
metal_tank_little,ITEM,metal tank (2 L),992 g,2430 ml
canteen_wood,ITEM,wooden canteen,232 g,1750 ml
stomach_sealed,ITEM,sealed stomach,453 g,250 ml
waterproof_smart_phone_case,ITEM,waterproof smartphone case,50 g,150 ml
waterproof_camera_case,ITEM,waterproof camera case,50 g,275 ml
waterskin,ITEM,small waterskin,453 g,250 ml
waterskin2,ITEM,waterskin,783 g,500 ml
waterskin3,ITEM,large waterskin,990 g,750 ml
wooden_barrel,ITEM,wooden barrel,42408 g,110 L
wooden_barrel_rotten,ITEM,rotten barrel,42408 g,110 L
wrapper,ITEM,paper wrapper,3 g,50 ml
wrapper_foil,ITEM,foil wrapper,8 g,12 ml
wrapper_foil_roll,ITEM,aluminum foil roll,52 g,96 ml
wrapper_bar,ITEM,wrapper,1 g,5 ml
wrapper_pr,ITEM,wrapper,,
styrofoam_cup,ITEM,styrofoam cup,50 g,501 ml
plastic_bucket,ITEM,plastic tub,260 g,4500 ml
condom,ITEM,condom,5 g,15 ml
condom_sealed,ITEM,sealed condom,5 g,15 ml
balloon,ITEM,balloon,,
can_food_big,ITEM,large tin can,350 g,3003 ml
survival_kit_box,ITEM,survival kit box,800 g,2300 ml
large_survival_kit_box,ITEM,survival kit box,850 g,8900 ml
box_tea,ITEM,small cardboard box of tea bags,10 g,105 ml
stand_flyer,ITEM,flier stand,326 g,5962 ml
1st_aid_box,ITEM,first aid kit box,200 g,2900 ml
ifak_pouch,ITEM,IFAK pouch,329 g,1250 ml
rc_car_box,ITEM,radio car box,400 g,3200 ml
stirling_kit_box,ITEM,STEM kit box,400 g,3200 ml
maker_kit_box,ITEM,maker kit box,400 g,3200 ml
robot_kit_box,ITEM,robot kit box,400 g,3200 ml
mre_bag_small,ITEM,small MRE bag,70 g,100 ml
mre_bag,ITEM,MRE bag,180 g,250 ml
mre_package,ITEM,MRE package,320 g,450 ml
mre_bag_dessert,ITEM,MRE dessert bag,35 g,50 ml
mre_bag_spread,ITEM,MRE spread bag,10 g,12 ml
mre_bag_jam,ITEM,MRE jam bag,10 g,12 ml
ipok,ITEM,individual patrol officer kit,50 g,50 ml
aquarium_medium,ITEM,50 gallon aquarium,45 kg,222 L
aquarium_medium_drying_active,ITEM,50 gallon aquarium (drying),45 kg,222 L
aquarium_small,ITEM,30 gallon aquarium,22 kg,133 L
aquarium_small_drying_active,ITEM,30 gallon aquarium (drying),22 kg,133 L
aquarium_large,ITEM,100 gallon aquarium,80 kg,400 L
aquarium_large_drying_active,ITEM,100 gallon aquarium (drying),80 kg,400 L
pressurized_canister,ITEM,pressurized canister,25 g,350 ml
small_propane_tank,ITEM,small propane tank,591 g,5030 ml
medium_propane_tank,ITEM,medium propane tank,6720 g,23250 ml
large_propane_tank,ITEM,large propane tank,22727 g,80 L
xl_propane_tank,ITEM,extra large propane tank,96 kg,390 L
small_biogas_tank,ITEM,small biogas tank,,
medium_biogas_tank,ITEM,medium biogas tank,,
large_biogas_tank,ITEM,large biogas tank,,
xl_biogas_tank,ITEM,extra large biogas tank,,
shot_glass,ITEM,shot glass,100 g,116 ml
30gal_drum_aluminum,ITEM,aluminum tank (100 L),2565 g,130 L
55gal_drum_aluminum,ITEM,aluminum tank (200 L),10 kg,230 L
squeeze_tube,ITEM,10.1 ounce squeeze tube,8150 mg,221 ml
squeeze_tube_small,ITEM,2.8 ounce squeeze tube,3500 mg,95 ml
bottle_gourd,ITEM,bottle gourd,300 g,2500 ml
paint_can_steel,ITEM,metal paint can,400 g,4325 ml
paint_can_plastic,ITEM,plastic paint can,50 g,4325 ml
lunchbox,ITEM,lunchbox,282 g,2050 ml
pencil_case,ITEM,pencil case,200 g,1730 ml
cardboard_roll,ITEM,cardboard roll,1 g,6 ml
tankard_wooden,ITEM,wooden tankard,181 g,724 ml
tankard_metal,ITEM,steel tankard,181 g,724 ml
pillbox,ITEM,pillbox,40 g,200 ml
pillbox_large,ITEM,large pillbox,120 g,500 ml
nic_pouch_can,ITEM,nicotine pouch can,17 g,90 ml
bag_chips_small,ITEM,small chips bag,,
bag_chips_medium,ITEM,chips bag,,
bag_chips_large,ITEM,large chips bag,,
six_pack_rings,ITEM,six_pack_rings,1 g,1 ml
box_retool_huge,ITEM,marksmen's conversion kit,600 g,11360 ml
box_retool_large,ITEM,large rifle conversion kit,500 g,8960 ml
box_retool,ITEM,standard rifle conversion kit,400 g,6880 ml
box_retool_sbr,ITEM,SBR conversion kit,350 g,5920 ml
box_retool_sbr_micro,ITEM,micro-carbine conversion kit,280 g,4320 ml
cheese_wheel_wax,ITEM,wax coating,215 g,2100 ml
shrink_wrap,ITEM,shrink wrapping,50 g,50 ml
trashcan,ITEM,trash can,1021 g,56228 ml
trashcan_large,ITEM,industrial trash can,15 kg,400 L
saline_bag_250_empty,ITEM,small liquid bag,5 g,35 ml
saline_bag_500_empty,ITEM,medium liquid bag,10 g,70 ml
saline_bag_1000_empty,ITEM,large liquid bag,20 g,140 ml
saline_bag_2000_empty,ITEM,huge liquid bag,40 g,280 ml
outfit_storage,ITEM,set of clothes,1 kg,1 L
box_paper_small,ITEM,small paper box,20 g,210 ml
wrapping_vacuumed,ITEM,vacuum-sealed package,6 g,25 ml
basket_laundry,ITEM,laundry basket,680 g,52500 ml
wicker_basket_large,ITEM,large wicker basket,400 g,52500 ml
bag_paper_charcoal,ITEM,paper sack,300 g,600 ml
blister_pack_small,ITEM,drug blister pack,5 g,7 ml
primer_tray,ITEM,primer tray,2 g,26 ml
box_small_plastic,ITEM,secured plastic box,815 g,11100 ml
30gal_barrel_mutagen,ITEM,30 gallon barrel,,
ammunition_can_30,ITEM,small ammo can,1680 g,5058 ml
ammunition_can_50,ITEM,ammo can,2360 g,8666 ml
ammunition_can_fat_50,ITEM,big ammo can,2990 g,12627 ml
ammunition_can_pa120,ITEM,heavy-duty ammo can,6350 g,18572 ml
ammunition_can_pa124,ITEM,heavy-duty ammo can,4082 g,23670 ml
ammunition_tube_mortar,ITEM,mortar container,272 g,1795 ml
ammunition_box_grenade,ITEM,grenade container,411 g,590 ml
ammunition_can_carlgustav,ITEM,double 84mm HEDP container,1400 g,23000 ml
ammunition_box_carlgustav,ITEM,84mm HE crate,1400 g,70760 ml
ammunition_crate_40x46_72,ITEM,wooden crate,,
ammo_box_army_3_clips,ITEM,cardboard ammo box,28 g,235 ml
55gal_drum_rubber,ITEM,collapsible drum,16 kg,23 L
432gal_drum_rubber,ITEM,big collapsible drum,125 kg,180 L
corpse,ITEM,corpse,,0 ml
rmi2_corpse,ITEM,desiccated corpse,32 kg,27 L
corpse_generic_human,ITEM,corpse,,
corpse_generic_male,ITEM,corpse,,
corpse_generic_female,ITEM,corpse,52 kg,40 L
corpse_generic_boy,ITEM,corpse,,
corpse_generic_girl,ITEM,corpse,,
corpse_child_calm,ITEM,corpse,,
corpse_child_gunned,ITEM,corpse,,
corpse_oldwoman_jewelry,ITEM,corpse,52 kg,40 L
corpse_bloody,ITEM,corpse,,
corpse_painful,ITEM,corpse,,
corpse_scorched,ITEM,corpse,,
corpse_stabbed,ITEM,corpse,,
corpse_gunned,ITEM,corpse,52 kg,40 L
corpse_halved_upper,ITEM,corpse,40 kg,30 L
corpse_half_beheaded,ITEM,corpse,78 kg,57 L
corpse_generic_gunned,ITEM,corpse,52 kg,40 L
corpse_generic_infected,ITEM,corpse,,
corpse_void_mummified,ITEM,mummified corpse,32 kg,30 L
broken_exodii_worker,ITEM,broken Exodii worker,221 kg,119 L
broken_exodii_quad,ITEM,broken Exodii quadruped,498 kg,410 L
broken_exodii_turret,ITEM,broken Exodii turret,206 kg,105 L
broken_exodii_sniper_drone,ITEM,broken Exodii balloon-drone,150 kg,70 L
broken_yrax_trifacet,ITEM,broken_yrax_trifacet,221 kg,119 L
broken_yrax_triakis,ITEM,broken_yrax_triakis,221 kg,119 L
broken_golden_monolith,ITEM,golden monolith,8282 kg,930 L
broken_yrax_delta,ITEM,inert delta,374 g,500 ml
broken_yrax_quadraphract_leg,ITEM,inert quadraphract leg,8282 kg,930 L
broken_yrax_quadraphract,ITEM,inert quadraphract,8282 kg,930 L
bot_EMP_hack,ITEM,inactive EMP hack,2 kg,750 ml
bot_c4_hack,ITEM,inactive C-4 hack,3750 g,250 ml
bot_flashbang_hack,ITEM,inactive flashbang hack,1750 g,750 ml
bot_gasbomb_hack,ITEM,inactive tear gas hack,3 kg,750 ml
bot_grenade_hack,ITEM,inactive grenade hack,2 kg,250 ml
bot_antimateriel,ITEM,inactive M2HB autonomous CROWS II,172 kg,30 L
bot_manhack,ITEM,inactive manhack,1500 g,750 ml
bot_rifleturret,ITEM,inactive autonomous M249 CROWS II,172 kg,30 L
bot_crows_m240,ITEM,inactive autonomous M240 CROWS II,172 kg,30 L
bot_turret_riot,ITEM,inactive riot control turret,125 kg,60 L
bot_turret,ITEM,inactive turret,40750 g,30 L
bot_secubot,ITEM,inactive TALON UGV,40750 g,30 L
bot_talon_m202a1,ITEM,inactive M202A1 TALON UGV,40750 g,30 L
bot_secubot_liberty,ITEM,inactive TALON UGV Liberty Edition,40750 g,30 L
bot_nursebot,ITEM,inactive nurse bot,81500 g,62500 ml
bot_grocerybot,ITEM,inactive grocery bot,81500 g,62500 ml
bot_grocerybot_busted,ITEM,inactive busted grocery bot,81500 g,62500 ml
bot_broken_cyborg,ITEM,inactive broken cyborg,81500 g,62500 ml
bot_prototype_cyborg,ITEM,inactive prototype cyborg,81500 g,62500 ml
bot_hazmatbot,ITEM,inactive cleaner bot,81500 g,62500 ml
bot_molebot,ITEM,inactive demining bot,81500 g,62500 ml
bot_skitterbot,ITEM,inactive skitterbot,32700 g,105 L
bot_robofac_skittergun,ITEM,inactive exterminatron,36 kg,125 L
bot_robofac_hound,ITEM,inactive Hub 01 HOUND,32700 g,105 L
bot_science_bot,ITEM,inactive lab defense bot,100 kg,65 L
bot_turret_searchlight,ITEM,inactive milspec searchlight,120 kg,92500 ml
bot_dispatch,ITEM,inactive dispatch,250 kg,95 L
bot_dispatch_military,ITEM,inactive military dispatch,300 kg,95 L
bot_turret_speaker,ITEM,inactive loudspeaker,100 kg,50500 ml
bot_tazer_hack,ITEM,inactive taser hack,1600 g,750 ml
bot_yrax_trifacet,ITEM,inactive trifacet,30 kg,50 L
bot_yrax_triakis,ITEM,bot_yrax_triakis,221 kg,119 L
bot_golden_monolith,ITEM,inactive golden monolith,8282 kg,930 L
bot_yrax_delta,ITEM,inactive delta,374 g,500 ml
bot_lab_security_drone_GR,ITEM,inactive security drone,5400 g,750 ml
bot_lab_security_drone_GM,ITEM,inactive security drone,5400 g,750 ml
bot_lab_security_drone_YM,ITEM,inactive security drone,5400 g,750 ml
bot_lab_security_drone_BM,ITEM,inactive security drone,5400 g,750 ml
bot_lab_security_drone_BM2,ITEM,inactive security drone,5400 g,750 ml
bot_lab_security_drone_BS,ITEM,inactive security drone,5400 g,750 ml
bot_robofac_camspy,ITEM,inactive camspy,40750 g,30 L
corpse_yugg_rubber,ITEM,rubber yugg corpse,500 kg,600 L
corpse_yugg_mutflesh,ITEM,massive fleshy tube,500 kg,600 L
corpse_yugg_jade,ITEM,jade yugg statue,900 kg,600 L
broken_flailer_radiosphere,ITEM,torn flailer,60 g,150 ml
bigmirror,ITEM,standing mirror,12977 g,5450 ml
piano,ITEM,piano,300 kg,1000 L
chair_wood,ITEM,wooden chair,12 kg,30 L
armchair,ITEM,armchair,27 kg,570 L
stool_wood,ITEM,wooden stool,3 kg,17 L
stool_log,ITEM,log stool,11 kg,20 L
barstool,ITEM,bar stool,7500 g,30 L
chair_plywood,ITEM,plywood chair,5 kg,30 L
chair_wood_black,ITEM,black wooden chair,,
chair_wood_white,ITEM,white wooden chair,,
beanbag,ITEM,bean bag,4 kg,250 L
foot_locker_aluminum,ITEM,aluminum foot locker,3721 g,69 L
foot_locker,ITEM,steel foot locker,6487 g,
ammolink223,ITEM,.223 ammo belt linkage,,
ammolink308,ITEM,.308 ammo belt linkage,,
ammolink40mm,ITEM,40mm grenade belt linkage,10 g,10ml
ammolink50,ITEM,.50 ammo belt linkage,,
soap_holder,ITEM,soap dish,65 g,221 ml
razor_shaving,ITEM,shaving razor,110 g,
toothbrush_plain,ITEM,toothbrush,18 g,38 ml
tampon,ITEM,tampon,10 g,50 ml
menstrual_pad,ITEM,menstrual pad,10 g,50 ml
menstrual_cup,ITEM,menstrual cup,10 g,50 ml
hairbrush,ITEM,hairbrush,91 g,400 ml
curler_hair,ITEM,hair curler,20 g,25 ml
string_floss,ITEM,dental floss,28 g,
comb_pocket,ITEM,comb,9 g,30 ml
plunger_toilet,ITEM,toilet plunger,590 g,2100 ml
plunger_futuristic,ITEM,professional plunger,680 g,2400 ml
toilet_paper,ITEM,toilet paper,227 g,250 ml
hair_dryer,ITEM,hair dryer,680 g,500 ml
curling_iron,ITEM,curling iron,590 g,250 ml
brush_toilet,ITEM,toilet brush,160 g,500 ml
comb_lice,ITEM,lice comb,9 g,20 ml
bath_toy,ITEM,bath toy,55 mg,53 ml
toothbrush_electric,ITEM,electric toothbrush,140 g,107 ml
bottle_bathroom,ITEM,plastic soap bottle,130 g,502 ml
dentures,ITEM,set of dentures,124 mg,5 ml
pillowcase,ITEM,pillowcase,45 g,90 ml
hammock,ITEM,hammock,1 kg,2 L
hammock_net,ITEM,net hammock,750 g,1500 ml
sheet,ITEM,sheet,282 g,564 ml
blanket,ITEM,blanket,848 g,15500 ml
blanket_weighted,ITEM,weighted blanket,5670 g,18000 ml
down_blanket,ITEM,down-filled blanket,3500 g,15 L
fur_blanket,ITEM,fur blanket,3500 g,31 L
quilt,ITEM,quilt,1814 g,5 L
quilt_patchwork,ITEM,patchwork quilt,,
emer_blanket,ITEM,emergency blanket,50 g,200 ml
sleeping_bag,ITEM,sleeping bag,500 g,1 L
sleeping_bag_improvised,ITEM,improvised sleeping bag,4700 g,30 L
grass_sheet,ITEM,grass sheet,500 g,700 ml
grass_blanket,ITEM,grass blanket,1020 g,1400 ml
223_casing,ITEM,.223 casing,5 g,5ml
unprimed_223_casing,ITEM,primerless .223 casing,5 g,5ml
22_casing,ITEM,.22 LR casing,2 g,3 ml
22_casing_new,ITEM,unused .22 casing,1 g,3 ml
22_casing_new_short,ITEM,unused .22 short casing,1 g,2 ml
3006_casing,ITEM,.30-06 casing,7 g,10ml
unprimed_3006_casing,ITEM,primerless .30-06 casing,7 g,10ml
3030_casing,ITEM,.30-30 Winchester casing,7 g,10ml
unprimed_3030_casing,ITEM,primerless .30-30 Winchester casing,7 g,10ml
123ln_casing,ITEM,12.3ln casing,7 g,10ml
unprimed_123ln_casing,ITEM,primerless 12.3ln casing,7 g,10ml
33_naval_casing,ITEM,3.3 naval casing,80 g,100 ml
caotel_cell_spent,ITEM,spent Caotel cell,20 g,190 ml
270win_casing,ITEM,.270 Winchester casing,7 g,10ml
unprimed_270win_casing,ITEM,primerless .270 Winchester casing,7 g,10ml
303_casing,ITEM,.303 British casing,7 g,10ml
unprimed_303_casing,ITEM,primerless .303 British casing,7 g,10ml
300_casing,ITEM,.300 Winchester Magnum casing,7 g,10ml
unprimed_300_casing,ITEM,primerless .300 Winchester Magnum casing,7 g,10ml
308_casing,ITEM,.308 Winchester casing,6 g,9ml
unprimed_308_casing,ITEM,primerless .308 Winchester casing,6 g,9ml
762_51_casing,ITEM,7.62x51mm NATO casing,6 g,9ml
unprimed_762_51_casing,ITEM,primerless 7.62x51mm NATO casing,6 g,9ml
32_casing,ITEM,.32 ACP casing,2 g,3ml
unprimed_32_casing,ITEM,primerless .32 ACP casing,2 g,3ml
38_casing,ITEM,.38 Special casing,3 g,4ml
unprimed_38_casing,ITEM,primerless .38 Special casing,3 g,4ml
38super_casing,ITEM,.38 Super casing,3 g,4ml
unprimed_38super_casing,ITEM,primerless .38 Super casing,3 g,4ml
40_casing,ITEM,.40 S&W casing,3 g,5ml
unprimed_40_casing,ITEM,primerless .40 S&W casing,3 g,5ml
10mm_casing,ITEM,10mm Auto casing,3 g,5ml
unprimed_10mm_casing,ITEM,primerless 10mm Auto casing,3 g,5ml
40x46mm_m212_casing,ITEM,40x46mm M212 casing,50 g,55ml
40x46mm_m118_casing,ITEM,40x46mm M118 casing,50 g,58ml
40x46mm_m199_casing,ITEM,40x46mm M199 casing,50 g,59ml
40x46mm_m195_casing,ITEM,40x46mm M195 casing,50 g,45ml
40x46mm_hornets_nest_22lr_casing,ITEM,40x46mm .22 LR hornet's nest casing,50 g,59ml
40x46mm_hornets_nest_410_casing,ITEM,40x46mm .410 hornet's nest casing,50 g,59ml
40x53mm_m169_casing,ITEM,40x53mm M169 casing,50 g,64ml
44_casing,ITEM,.44 Magnum casing,4 g,6ml
unprimed_44_casing,ITEM,primerless .44 Magnum casing,4 g,6ml
454_casing,ITEM,.454 Casull casing,7 g,10ml
unprimed_454_casing,ITEM,primerless .454 Casull casing,7 g,10ml
460sw_casing,ITEM,.460 S&W Magnum casing,7 g,10ml
unprimed_460sw_casing,ITEM,primerless .460 S&W Magnum casing,7 g,10ml
45_casing,ITEM,.45 ACP casing,4 g,6ml
unprimed_45_casing,ITEM,primerless .45 ACP casing,4 g,6ml
45colt_casing,ITEM,.45 Colt casing,4 g,6ml
unprimed_45colt_casing,ITEM,primerless .45 Colt casing,4 g,6ml
4570_casing,ITEM,.45-70 casing,4 g,10ml
unprimed_4570_casing,ITEM,primerless .45-70 casing,4 g,10ml
50beowulf_casing,ITEM,.50 Beowulf casing,4 g,10ml
unprimed_50beowulf_casing,ITEM,primerless .50 Beowulf casing,4 g,10ml
450_casing,ITEM,.450 Bushmaster casing,4 g,10ml
unprimed_450_casing,ITEM,primerless .450 Bushmaster casing,4 g,10ml
500_casing,ITEM,.500 S&W Magnum casing,7 g,10ml
unprimed_500_casing,ITEM,primerless .500 S&W Magnum casing,7 g,10ml
50_casing,ITEM,.50 BMG casing,18 g,12ml
unprimed_50_casing,ITEM,primerless .50 BMG casing,18 g,12ml
338lapua_casing,ITEM,.338 Lapua casing,18 g,12ml
unprimed_338lapua_casing,ITEM,primerless .338 Lapua casing,18 g,12ml
77arisaka_casing,ITEM,7.7x58mm Arisaka casing,5 g,7ml
unprimed_77arisaka_casing,ITEM,primerless 7.7mm Arisaka casing,5 g,7ml
545_casing,ITEM,5.45x39mm casing,4 g,7ml
unprimed_545_casing,ITEM,primerless 5.45x39mm casing,4 g,7ml
57mm_casing,ITEM,5.7x28mm casing,2 g,3ml
unprimed_57mm_casing,ITEM,primerless 5.7x28mm casing,2 g,3ml
458wm_casing,ITEM,.458 Winchester Magnum casing,13 g,8ml
unprimed_458wm_casing,ITEM,primerless .458 Winchester Magnum casing,13 g,8ml
762R_casing,ITEM,7.62x54mmR casing,7 g,10ml
unprimed_762R_casing,ITEM,primerless 7.62x54mmR casing,7 g,10ml
762_casing,ITEM,7.62x39mm casing,6 g,9ml
unprimed_762_casing,ITEM,primerless 7.62x39mm casing,6 g,9ml
762_25_casing,ITEM,7.62x25mm Tokarev casing,4 g,7ml
unprimed_762_25_casing,ITEM,primerless 7.62x25mm Tokarev casing,4 g,7ml
9mm_casing,ITEM,9x19mm casing,3 g,5ml
unprimed_9mm_casing,ITEM,primerless 9x19mm casing,3 g,5ml
357sig_casing,ITEM,.357 SIG casing,3 g,5ml
unprimed_357sig_casing,ITEM,primerless .357 SIG casing,3 g,5ml
357mag_casing,ITEM,.357 Magnum casing,3 g,5ml
unprimed_357mag_casing,ITEM,primerless .357 Magnum casing,3 g,5ml
9x18mm_casing,ITEM,9x18mm Makarov casing,3 g,5ml
unprimed_9x18mm_casing,ITEM,primerless 9x18mm Makarov casing,3 g,5ml
380_casing,ITEM,.380 ACP casing,3 g,5ml
unprimed_380_casing,ITEM,primerless .380 ACP casing,3 g,5ml
atgm_spent,ITEM,152mm ATGM tube,9500 g,7500 ml
shot_hull,ITEM,12 gauge hull,8 g,12ml
unprimed_shot_hull,ITEM,primerless 12 gauge hull,8 g,12ml
410shot_hull,ITEM,.410 hull,8 g,12ml
unprimed_410shot_hull,ITEM,primerless .410 hull,8 g,12ml
300blk_casing,ITEM,.300 AAC Blackout casing,6 g,9ml
unprimed_300blk_casing,ITEM,primerless .300 AAC Blackout casing,6 g,9ml
30carbine_casing,ITEM,.30 Carbine casing,6 g,8ml
unprimed_30carbine_casing,ITEM,primerless .30 Carbine casing,6 g,8ml
273x110casing,ITEM,27.3x110 Diyua casing,19 g,13ml
273x44casing,ITEM,27.3x44 Diyua casing,10 g,10ml
50ae_casing,ITEM,.50 AE casing,6 g,8ml
unprimed_50ae_casing,ITEM,primerless .50 AE casing,6 g,8ml
FMCNote,ITEM,FMCNote,1 g,1 ml
RobofacCoin,ITEM,Hub 01 Gold Coin,28 g,2ml
FlatCoin,ITEM,FlatCoin,18 g,1 ml
signed_chit,ITEM,chit,1 g,1 ml
icon,ITEM,icon,1 g,2 ml
coin_penny,ITEM,penny,3 g,1 ml
coin_nickel,ITEM,nickel,5 g,1 ml
coin_dime,ITEM,dime,2 g,1 ml
coin_quarter,ITEM,quarter,6 g,1 ml
coin_half_dollar,ITEM,half-dollar coin,11 g,1 ml
coin_dollar,ITEM,dollar coin,8 g,1 ml
coin_silver,ITEM,Silver Eagle coin,10 g,1 ml
coin_gold,ITEM,American Buffalo coin,31 g,1 ml
coin_wrapper,ITEM,coin wrapper,1 g,1 ml
money_one,ITEM,one-dollar bill,1 g,1 ml
money_two,ITEM,two-dollar bill,,
money_five,ITEM,five-dollar bill,,
money_ten,ITEM,ten-dollar bill,,
money_twenty,ITEM,twenty-dollar bill,,
money_fifty,ITEM,fifty-dollar bill,,
money_hundred,ITEM,hundred-dollar bill,,
money_strap_one,ITEM,one-dollar currency strap,100 g,113 ml
money_strap_two,ITEM,two-dollar currency strap,,
money_strap_five,ITEM,five-dollar currency strap,,
money_strap_ten,ITEM,ten-dollar currency strap,,
money_strap_twenty,ITEM,twenty-dollar currency strap,,
money_strap_fifty,ITEM,fifty-dollar currency strap,,
money_strap_hundred,ITEM,hundred-dollar currency strap,,
money_strap_FMCNote,ITEM,merch currency strap,100 g,113 ml
money_bundle_one,ITEM,one-dollar currency bundle,1 kg,1129 ml
money_bundle_two,ITEM,two-dollar currency bundle,,
money_bundle_five,ITEM,five-dollar currency bundle,,
money_bundle_ten,ITEM,ten-dollar currency bundle,,
money_bundle_twenty,ITEM,twenty-dollar currency bundle,,
money_bundle_fifty,ITEM,fifty-dollar currency bundle,,
money_bundle_hundred,ITEM,hundred-dollar currency bundle,,
money_bundle_FMCNote,ITEM,merch currency bundle,1 kg,1129 ml
tacoma_drink_token,ITEM,Tacoma drink token,2 g,6 ml
ceramic_plate,ITEM,ceramic plate,,125 ml
ceramic_bowl,ITEM,ceramic bowl,,625 ml
ceramic_cup,ITEM,ceramic cup,254 g,380 ml
ceramic_mug,ITEM,coffee mug,318 g,475 ml
tin_plate,ITEM,tin plate,,
tin_cup,ITEM,tin cup,,
bowl_pewter,ITEM,pewter bowl,,
glass_plate,ITEM,glass plate,,
glass,ITEM,drinking glass,,620 ml
wine_glass,ITEM,wine glass,130 g,420 ml
glass_bowl,ITEM,glass bowl,,620 ml
plastic_plate,ITEM,plastic plate,,
tumbler_plastic,ITEM,plastic tumbler,,
bowl_plastic,ITEM,plastic tupperware,57 g,1463 ml
plastic_bowl_kids,ITEM,kiddie bowl,,
sippy_cup,ITEM,sippy cup,,
fork,ITEM,fork,43 g,45 ml
plastic_fork,ITEM,plastic fork,4 g,15 ml
spoon,ITEM,spoon,43 g,70 ml
plastic_spoon,ITEM,plastic spoon,4 g,22 ml
plastic_spoon_kids,ITEM,kiddie spoon,,
knife_butter,ITEM,butter knife,71 g,75 ml
plastic_knife,ITEM,plastic knife,4 g,10 ml
plastic_straw,ITEM,plastic straw,,
corkscrew,ITEM,corkscrew,130 g,800 ml
peeler,ITEM,vegetable peeler,82 g,138 ml
bottle_opener,ITEM,bottle opener,64 g,93 ml
spork,ITEM,spork,,
foon,ITEM,foon,,
chopsticks,ITEM,chopsticks,11 g,40 ml
ladle,ITEM,ladle,,
whisk,ITEM,whisk,90 g,220 ml
potato_masher,ITEM,potato masher,,
garlic_press,ITEM,garlic press,238 g,224 ml
can_opener,ITEM,can opener,204 g,364 ml
carving_fork,ITEM,carving fork,90 g,180 ml
spatula,ITEM,spatula,50 g,195 ml
rolling_pin,ITEM,rolling pin,318 g,1450 ml
pot,ITEM,pot,1 kg,3700 ml
iron_pot,ITEM,cast-iron pot,2490 g,3980 ml
pot_copper,ITEM,copper pot,750 g,3500 ml
casserole,ITEM,casserole pot,1400 g,3140 ml
stock_pot,ITEM,stock pot,2500 g,12700 ml
pot_canning,ITEM,canning pot,4082 g,25400 ml
pot_canning_clay,ITEM,clay canning pot,8440 g,30 L
pan,ITEM,cast-iron frying pan,2427 g,2940 ml
steel_pan,ITEM,steel frying pan,660 g,3 L
copper_pan,ITEM,copper frying pan,628 g,3 L
pot_makeshift,ITEM,makeshift pot,6 kg,1050 ml
pot_makeshift_copper,ITEM,makeshift copper pot,300 g,1100 ml
kettle,ITEM,kettle,508 g,3205 ml
coffeepot,ITEM,coffee pot,676 g,3100 ml
colander_steel,ITEM,mesh colander,318 g,500 ml
splatter_guard,ITEM,splatter guard,357 g,500 ml
cutting_board,ITEM,cutting board,455 g,2625 ml
mess_tray,ITEM,meal tray,300 g,250 ml
pizza_cutter,ITEM,pizza cutter,186 g,350 ml
icecream_scoop,ITEM,icecream scoop,,
cheese_grater,ITEM,cheese grater,,
dutch_oven,ITEM,cast-iron dutch oven,6210 g,12152 ml
improvised_oven,ITEM,improvised oven,2490 g,12800 ml
clay_dutch_oven,ITEM,clay pot oven,11388 g,30 L
aluminum_pan,ITEM,aluminum frying pan,400 g,3 L
pot_aluminum,ITEM,aluminum pot,231 g,2100 ml
envelope,ITEM,envelope,6750 mg,80 ml
letter,ITEM,letter,3 g,6 ml
postcard,ITEM,postcard,6 g,6 ml
gift_card,ITEM,gift card,5 g,5 ml
greeting_card,ITEM,greeting card,30 g,72 ml
cable_xlr,ITEM,XLR cable,45 g,325 ml
cable_speaker,ITEM,speaker cable,90 g,400 ml
cable_instrument,ITEM,instrument cable,,
headphones_circumaural,ITEM,headphones_circumaural,100 g,400 ml
microphone_xlr_generic,ITEM,XLR microphone,265 g,550 ml
mic_stand_tall,ITEM,microphone stand,1542 g,2200 ml
guitar_stand,ITEM,guitar stand,500 g,800 ml
plectrum,ITEM,plectrum,2 g,2 ml
mixer_music,ITEM,mixer,40 kg,8 L
drivebelt,ITEM,drive belt,850 g,500 ml
drivebelt_makeshift,ITEM,makeshift drive belt,1250 g,750 ml
five-point_harness,ITEM,5-point harness,2204 g,750 ml
filter_air,ITEM,air filter,360 g,500 ml
filter_air_makeshift,ITEM,makeshift air filter,480 g,750 ml
filter_liquid,ITEM,automotive filter,644 g,1225 ml
filter_liquid_makeshift,ITEM,makeshift automotive filter,690 g,750 ml
glowplug,ITEM,glow plug,260 g,250 ml
pump_complex,ITEM,high-pressure pump,2800 g,1250 ml
well_pump,ITEM,mechanical pump,2400 g,1 L
compressor,ITEM,compressor,7 kg,3 L
nitrogen_membrane_filter,ITEM,nitrogen membrane filter,2 kg,500 ml
magnet,ITEM,magnet,180 g,25 ml
hd_pipe,ITEM,heavy duty pipe,4 kg,500 ml
hd_pipe_fittings,ITEM,set of heavy duty pipe fittings,2 kg,1500 ml
hd_valve,ITEM,heavy duty valve,5 kg,2 L
pressure_gauge,ITEM,pressure gauge,2 kg,1 L
pyrometer,ITEM,pyrometer,500 g,250 ml
hd_compressor,ITEM,industrial compressor,30 kg,6 L
large_pressure_vessel,ITEM,large pressure vessel,300 kg,200 L
small_pressure_vessel,ITEM,small pressure vessel,30 kg,10 L
pipe_fittings,ITEM,set of pipe fittings,500 g,1 L
simple_crank,ITEM,simple crank mechanism,750 g,1 L
tire_repair_kit,ITEM,tire repair kit,100 g,150 ml
clothes_hanger,ITEM,clothes hanger,100 g,150 ml
storage_line,ITEM,storage line,127 g,500 ml
cordage_6,ITEM,short cordage piece,,
cordage_36,ITEM,long cordage piece,,
string_6,ITEM,short string,5 g,10ml
string_36,ITEM,long string,,
cordage_6_leather,ITEM,short leather lace,,
cordage_36_leather,ITEM,long leather lace,,
rope_6,ITEM,short rope,,
rope_30,ITEM,long rope,,
vine_6,ITEM,short vine,,
vine_30,ITEM,long vine,,
rope_makeshift_6,ITEM,short cordage rope,,
rope_makeshift_30,ITEM,long cordage rope,,
seatbelt,ITEM,seat belt,800 g,696 ml
stick_fiber,ITEM,fibrous stalk,80 g,100 ml
rubber_band,ITEM,rubber band,,
talking_doll,ITEM,talking doll,410 g,725 ml
creepy_doll,ITEM,talking doll,,
swimming_kickboard,ITEM,swimming kickboard,200 g,3450 ml
shuttlecock,ITEM,badminton shuttlecock,5 g,600 ml
golf_tee,ITEM,golf tee,3 g,250 ml
golf_ball,ITEM,golf ball,46 g,250 ml
pool_ball,ITEM,pool ball,170 g,250 ml
bowling_ball,ITEM,bowling ball,7257 g,5277 ml
baseball,ITEM,baseball,150 g,250 ml
football,ITEM,football,400 g,750 ml
basketball,ITEM,basketball,800 g,1 L
indoor_volleyball,ITEM,volleyball,260 g,1 L
aim_game,ITEM,aim game target practice kit,800 g,3500 ml
beach_volleyball,ITEM,beach volleyball,280 g,1 L
puck,ITEM,hockey puck,170 g,250 ml
mannequin,ITEM,mannequin,81500 g,62500 ml
glock_29,ITEM,compact Glock pistol,690 g,410 ml
glock_20,ITEM,Glock pistol,780 g,480 ml
glock_40,ITEM,hunter Glock pistol,915 g,410 ml
m1911_10,ITEM,Colt Delta Elite pistol,1077 g,413 ml
witness_10,ITEM,EAA Witness pistol,936 g,459 ml
p220_10,ITEM,SIG pistol,964 g,549 ml
xd_10,ITEM,XD-M pistol,930 g,549 ml
hk_g80,ITEM,H&K G80 railgun,3914 g,4958 ml
marlin_9a,ITEM,small game rifle,2948 g,2180 ml
rifle_22,ITEM,.22 pipe rifle,1953 g,1610 ml
ruger_1022,ITEM,varmint rifle,2270 g,2120 ml
ruger_1022_auto,ITEM,full-auto varmint rifle,,
ruger_lcr_22,ITEM,.22 caliber revolver,422 g,301 ml
sig_mosquito,ITEM,Firefly training pistol,720 g,467 ml
walther_p22,ITEM,Walther training pistol,480 g,290 ml
ruger_mk4,ITEM,Ruger target pistol,1001 g,392 ml
rossi_gallery,ITEM,pump action varmint rifle,2344 g,2054 ml
rough_rider_pistol,ITEM,.22 six-shooter,947 g,442 ml
rough_rider_pistol_9,ITEM,large .22 six-shooter,1046 g,456 ml
1911_22,ITEM,.22 1911 pistol,425 g,369 ml
rio_bravo,ITEM,small game lever-action rifle,2345 g,2101 ml
henry_golden_boy,ITEM,small game lever-action rifle,3062 g,2116 ml
marlin60,ITEM,tube fed varmint rifle,2500 g,2100 ml
sw617,ITEM,high capacity revolver,1307 g,638 ml
sr22,ITEM,.22 plinking handgun,496 g,369 ml
glock_44,ITEM,Glock 44 pistol,358 g,398 ml
savage_rascal,ITEM,small game single shot rifle,1230 g,1284 ml
mp_15_22,ITEM,modern varmint rifle,2540 g,3318 ml
modular_ar15,ITEM,AR-15,902 g,1550 ml
modular_ar_pistol,ITEM,"AR ""pistol""",735 g,748 ml
modular_m27_assault_rifle,ITEM,M27 assault rifle,1222 g,3407 ml
scar_l,ITEM,FN SCAR-L,3490 g,4957 ml
scar_16s,ITEM,civilian FN SCAR-L rifle,3289 g,
sl8,ITEM,SL8 civilian rifle,3901 g,3919 ml
m249,ITEM,M249 machine gun,7500 g,10610 ml
m249_semi,ITEM,M249S machine gun,,
modular_m4_carbine,ITEM,M4 carbine,880 g,1760 ml
modular_m16a4,ITEM,M16 burst rifle,992 g,3480 ml
modular_m16_auto_rifle,ITEM,M16 auto rifle,,
ruger_mini,ITEM,Ruger Mini-14 carbine,3180 g,2900 ml
sig_assault_rifle,ITEM,SIG civilian rifle,4100 g,3146 ml
steyr_aug,ITEM,AUG assault rifle,3500 g,3520 ml
ak556,ITEM,ZPAP AK-style rifle,3402 g,2167 ml
mdrx,ITEM,Desert Tech bullpup carbine,3080 g,3121 ml
bren2_556,ITEM,Bren 5.56x45mm carbine,3450 g,4200 ml
rdb_223,ITEM,5.56x45mm bullpup rifle,3200 g,3421 ml
iwi_tavor_x95_300blk,ITEM,IWI Tavor X95,3583 g,2400 ml
mp_15,ITEM,sporter AR rifle,2903 g,3677 ml
remington700_270,ITEM,bolt-action hunting rifle,3410 g,2202 ml
m2010,ITEM,m2010,5443 g,6182 ml
weatherby_5,ITEM,weatherby_5,3730 g,3761 ml
win70,ITEM,win70,3520 g,3205 ml
ruger_pr,ITEM,Ruger Precision Rifle,6890 g,9800 ml
browning_blr,ITEM,BLR lever-action hunting rifle,3290 g,3610 ml
garand,ITEM,Garand battle rifle,4280 g,3160 ml
m1903,ITEM,Springfield rifle,3910 g,2840 ml
m1918,ITEM,BAR rifle,8820 g,4450 ml
remington_700,ITEM,Remington 700 .30-06 rifle,3350 g,3190 ml
ruger_m77,ITEM,Ruger Guide rifle,3670 g,3350 ml
sig_mcx_rattler_sbr,ITEM,SIG MCX Rattler SBR,2590 g,2850 ml
smle_mk3,ITEM,Enfield battle rifle,3960 g,3000 ml
number4_mki,ITEM,updated Enfield rifle,4110 g,
winchester_94_3030,ITEM,8-shot lever-action rifle,3302 g,2702 ml
marlin_336_3030,ITEM,6-shot lever-action rifle,3402 g,2557 ml
fn_fal_semi,ITEM,Belgian battle rifle,4250 g,4511 ml
hk_g3,ITEM,G3 battle rifle,4380 g,3724 ml
m134,ITEM,M134D-H Minigun,19770 g,8300 ml
m14ebr,ITEM,M14 EBR-RI rifle,5070 g,3672 ml
m1a,ITEM,American battle rifle,4230 g,3970 ml
m240,ITEM,M240 machine gun,12500 g,11780 ml
m60,ITEM,M60 machine gun,10500 g,10900 ml
m60_semi,ITEM,M60 semi auto machine gun,,
scar_h,ITEM,FN SCAR-H rifle,3630 g,5427 ml
scar_h_mk20,ITEM,FN SCAR-H sniper rifle,4848 g,6200 ml
scar_17s,ITEM,civilian FN SCAR-H rifle,,
M24,ITEM,M24 rifle,4990 g,4084 ml
hk417_13,ITEM,HK417 rifle,4220 g,4000 ml
m110a1,ITEM,HK417 marksman's rifle,3800 g,3266 ml
ak308,ITEM,PAP AK-style rifle,3402 g,2167 ml
ar10,ITEM,AR-10 rifle,3290 g,4250 ml
rfb_308,ITEM,7.62x51mm bullpup rifle,3900 g,3073 ml
steyr_scout,ITEM,scout rifle,3000 g,4084 ml
remington_700_308,ITEM,hunting rifle,3289 g,3190 ml
m1carbine,ITEM,M1 carbine,2400 g,2800 ml
m2carbine,ITEM,M2 carbine,,
walther_ppk,ITEM,walther_ppk,540 g,216 ml
lws32,ITEM,micro conceal carry pistol,296 g,105 ml
tac338,ITEM,AI bolt-action sniper rifle,5897 g,4000 ml
savage112,ITEM,single-shot target rifle,5470 g,3000 ml
mrad_smr,ITEM,Barrett precision rifle,6305 g,5500 ml
axmc,ITEM,modular sniper rifle,5420 g,6050 ml
p226_357sig,ITEM,SIG P226,964 g,549 ml
p320_357sig,ITEM,SIG P320 Compact,731 g,462 ml
colt_navy,ITEM,civil war six-shooter,1184 g,540 ml
2_shot_special,ITEM,double barrel .38 pistol,750 g,414 ml
model_10_revolver,ITEM,six-shooter,975 g,402 ml
rifle_38,ITEM,.38 Special pipe rifle,2114 g,1610 ml
ruger_lcr_38,ITEM,conceal-carry six-shooter,382 g,321 ml
colt_python,ITEM,colt_python,1300 g,703 ml
sw_619,ITEM,sw_619,1280 g,760 ml
chiappa_rhino,ITEM,chiappa_rhino,936 g,700 ml
rp63,ITEM,rp63,774 g,614 ml
uberti_1873,ITEM,reproduction .357 lever-action rifle,3719 g,2718 ml
rossi_r92_357_20,ITEM,long-barreled .357 lever-action rifle,2804 g,1986 ml
rossi_r92_357_16,ITEM,.357 lever-action rifle,2662 g,1909 ml
sw642,ITEM,sw642,414 g,301 ml
mac_11,ITEM,MAC-11 machine pistol,1590 g,754 ml
rugerlcp,ITEM,Ruger LCP pistol,267 g,160 ml
hptcf380,ITEM,Hi-Point CF-380 pistol,820 g,478 ml
hpt3895,ITEM,.380 ACP pistol-caliber carbine,2835 g,1881 ml
swbodyguard,ITEM,.380 conceal carry handgun,337 g,156 ml
glock_42,ITEM,Glock 42 pistol,345 g,234 ml
m1911a1_38super,ITEM,M1911A1,1157 g,462 ml
glock_22,ITEM,Glock 22 pistol,645 g,433 ml
glock_23,ITEM,Glock 23 pistol,600 g,401 ml
glock_27,ITEM,Glock 27 pistol,550 g,349 ml
px4_40,ITEM,Beretta Px4 Storm .40 S&W,785 g,520 ml
sig_40,ITEM,sig_40,822 g,509 ml
smg_40,ITEM,.40 S&W Luty submachine gun,3520 g,1110 ml
hi_power_40,ITEM,Browning Hi-Power .40 S&W,907 g,274 ml
hptjcp,ITEM,hptjcp,990 g,546 ml
m320,ITEM,M320 standalone launcher,2200 g,1750 ml
m79,ITEM,M79 launcher,2700 g,2800 ml
mgl,ITEM,mgl,5300 g,4230 ml
pseudo_m203,ITEM,M203 array,8200 g,4 L
crude_40mm,ITEM,crude 40mm launcher,3000 g,2800 ml
mark19,ITEM,Mark 19 grenade launcher,35200 g,41930 ml
mossberg_500_410,ITEM,5-round small game shotgun,2722 g,2191 ml
modular_deagle,ITEM,modular_deagle,1407 g,671 ml
henry_big_boy,ITEM,Henry Big Boy .44 rifle,3937 g,2310 ml
rifle_44,ITEM,.44 Magnum pipe rifle,2114 g,2 L
sw629,ITEM,.44 revolver,1267 g,675 ml
colt_anaconda_8,ITEM,.44 long barrel hunting revolver,1672 g,1384 ml
colt_anaconda_6,ITEM,.44 hunting revolver,1499 g,1299 ml
colt_anaconda_4,ITEM,.44 short barrel hunting revolver,1499 g,1053 ml
rossi_r92_44_16,ITEM,.44 lever-action rifle,2529 g,2076 ml
rossi_r92_44_20,ITEM,long-barreled .44 lever-action rifle,2705 g,2015 ml
colt_army,ITEM,civil war revolver,1188 g,486 ml
TDI,ITEM,Glock submachine gun,3100 g,4248 ml
modular_ump,ITEM,UMP submachine gun,1100 g,4401 ml
m1911,ITEM,M1911 pistol,1120 g,454 ml
mac_10,ITEM,MAC-10 submachine gun,2810 g,1195 ml
hk_usc45,ITEM,H&K USC 45 carbine,2781 g,6116 ml
smg_45,ITEM,MAC-10 Luty submachine gun,3520 g,1110 ml
tommygun,ITEM,Thompson submachine gun,4899 g,1230 ml
usp_45,ITEM,USP .45 pistol,887 g,483 ml
walther_ppq_45,ITEM,PPQ pistol,799 g,472 ml
hptjhp,ITEM,Model JHP pistol,990 g,538 ml
glock_21,ITEM,Glock pistol,835 g,490 ml
glock_30,ITEM,Glock 30 pistol,675 g,422 ml
glock_36,ITEM,Glock 36 pistol,565 g,370 ml
greasegun,ITEM,.45 WWII submachine gun,3700 g,2003 ml
ruger_arr,ITEM,Ruger American Ranch Rifle,2495 g,2500 ml
raging_bull,ITEM,raging_bull,1502 g,565 ml
1895sbl,ITEM,lever-action hunting rifle,3629 g,1829 ml
bfr,ITEM,hunting hand cannon,1950 g,734 ml
sharps,ITEM,breech-loading reproduction rifle,4819 g,2936 ml
win70_458,ITEM,Safari rifle,4082 g,3205 ml
bond_410,ITEM,double-barrel derringer,566 g,79 ml
colt_saa,ITEM,cowboy six-shooter,1048 g,324 ml
taurus_judge,ITEM,.45/.410 shotshell revolver,822 g,563 ml
rifle_45_410,ITEM,.45 Colt/410 pipe rifle,3200 g,1610 ml
460_xvr,ITEM,.460 S&W Magnum revolver,2041 g,1167 ml
m107a1,ITEM,semi-automatic anti-materiel rifle,12950 g,7570 ml
m2browning,ITEM,m2browning,38000 g,9020 ml
as50,ITEM,.50-caliber precision rifle,12200 g,8900 ml
tac50,ITEM,bolt-action anti-materiel rifle,11790 g,6500 ml
sw_500,ITEM,.500 Magnum revolver,1960 g,1307 ml
ak74_semi,ITEM,Russian AK rifle,3400 g,2418 ml
kord,ITEM,Kord AK rifle,3250 g,2418 ml
fn57,ITEM,FN 5.7mm pistol,600 g,551 ml
fn_p90,ITEM,P90 automatic PDW,2640 g,3817 ml
ruger_57,ITEM,Ruger-57 handgun,690 g,937 ml
fn_ps90,ITEM,semi-automatic P90 carbine,,
mortar_m224,ITEM,mortar_m224,21100 g,48 L
m202_flash,ITEM,m202_flash,5220 g,12120 ml
ak47,ITEM,AKM rifle,3402 g,2167 ml
sks,ITEM,SKS rifle,3850 g,2838 ml
aksemi,ITEM,AK-47 rifle,3402 g,2167 ml
mk47,ITEM,American AK rifle,2540 g,2300 ml
mosin44,ITEM,Mosin carbine,4100 g,2720 ml
mosin91_30,ITEM,Mosin battle rifle,4000 g,3120 ml
psl,ITEM,PSL rifle,4100 g,7339 ml
tokarev,ITEM,Tokarev handgun,870 g,251 ml
type99,ITEM,7.7mm battle rifle,3790 g,2680 ml
type99_sniper,ITEM,7.7mm sniper rifle,,
m3_carlgustav,ITEM,M3 recoilless rifle,10 kg,6730 ml
m4_carlgustav,ITEM,M3E1 recoilless rifle,6900 g,5730 ml
AT4,ITEM,AT4,6803 g,8670 ml
rm103a_pistol,ITEM,caseless automagnum,1450 g,750 ml
rm11b_sniper_rifle,ITEM,caseless scout rifle,3100 g,2403 ml
rm2000_smg,ITEM,caseless submachine gun,1900 g,1750 ml
rm51_assault_rifle,ITEM,caseless assault rifle,2850 g,2150 ml
glock_19,ITEM,Glock carry pistol,600 g,386 ml
glock_26,ITEM,Glock 26 pistol,550 g,348 ml
glock_34,ITEM,Glock 34 pistol,655 g,427 ml
glock_43,ITEM,Glock 43 pistol,460 g,279 ml
glock_43x,ITEM,Glock 43X pistol,461 g,279 ml
glock_48,ITEM,Glock 48 pistol,524 g,331 ml
hk_mp5,ITEM,H&K MP5A2 submachine gun,2726 g,3932 ml
hk_mp5sd,ITEM,H&K MP5SD submachine gun,3230 g,3499 ml
hk_mp5k,ITEM,H&K MP5K-PDW submachine gun,2292 g,2601 ml
hk_mp5_semi_pistol,ITEM,MP5 pistol,2177 g,2110 ml
briefcase_smg,ITEM,MP5 operational briefcase,3800 g,15232 ml
p08,ITEM,Luger P08 pistol,871 g,465 ml
mauser_c96,ITEM,Mauser pistol,1134 g,640 ml
mp40,ITEM,MP 40 submachine gun,3969 g,2320 ml
mp40semi,ITEM,Semi Automatic MP 40 submachine gun,3722 g,2020 ml
ksub2000,ITEM,folding Glock carbine,1930 g,1240 ml
m9,ITEM,M9 combat pistol,961 g,570 ml
px4,ITEM,Beretta Px4 Storm pistol,785 g,520 ml
smg_9mm,ITEM,STEN Luty submachine gun,3520 g,1110 ml
sten,ITEM,STEN Mk II submachine gun,3200 g,1240 ml
usp_9mm,ITEM,USP 9x19mm pistol,771 g,460 ml
uzi,ITEM,Uzi 9x19mm submachine gun,3500 g,2150 ml
glock_17,ITEM,Glock duty pistol,630 g,427 ml
glock_18c,ITEM,Glock machine pistol,620 g,
m11,ITEM,M11 pistol,825 g,505 ml
m17,ITEM,service handgun,840 g,470 ml
m18,ITEM,compact service handgun,737 g,457 ml
p226_9mm,ITEM,SIG P226 MK25 pistol,804 g,570 ml
sp2022,ITEM,SIG Pro SP2022 9mm pistol,822 g,514 ml
hi_power_9mm,ITEM,Browning Hi-Power 9x19mm handgun,900 g,274 ml
walther_p38,ITEM,Walther P38 handgun,800 g,480 ml
walther_ppq_9mm,ITEM,Walther PPQ 9mm pistol,615 g,454 ml
hptc9,ITEM,Hi-Point C-9 pistol,820 g,471 ml
cz75,ITEM,CZ 75 B pistol,998 g,476 ml
walther_ccp,ITEM,Walther CCP pistol,567 g,334 ml
colt_ro635,ITEM,Colt submachine gun (Uzi),2690 g,3450 ml
bt_apc9k,ITEM,B&T APC9 PRO K submachine gun,2400 g,1890 ml
rugerpcc,ITEM,Glock carbine,3084 g,2264 ml
p365,ITEM,P365 handgun,588 g,293 ml
makarov,ITEM,Makarov pistol,730 g,346 ml
obrez,ITEM,obrez,3000 g,2220 ml
pulverizer,ITEM,the Disorder,,
louverture,ITEM,louverture,,
bring_the_sun,SPELL,Ignite Gasoline,,
pressin,ITEM,pressin,300 g,150 ml
atgm_launcher,ITEM,atgm_launcher,93000 g,25 L
bio_shotgun_gun,ITEM,bionic shotgun,,103 ml
bio_emp_gun,ITEM,EMP Projector,2950 g,2 L
bio_laser_gun,ITEM,laser finger,,3 L
bio_lightning,ITEM,Chain Lightning,,3 L
mut_quills,ITEM,mut_quills,,3 L
mut_longpull,ITEM,Ranged pulling implement,,100 ml
blunderbuss,ITEM,blunderbuss,8267 g,3 L
cannon_3in_ordnance,ITEM,3-inch ordnance rifle,371946 g,134 L
chemical_thrower,ITEM,makeshift chemical thrower,4588 g,4250 ml
combination_gun,ITEM,combination gun,4200 g,3 L
brogyeki,ITEM,Exodii hand mortar,2900 g,1775 ml
brogyaga,ITEM,Exodii express gun,7700 g,2980 ml
khuunaofaai,ITEM,Exodii ordnance cannon,8180 g,10360 ml
spell_corrosive_spray,SPELL,corrosive spray,,
spell_adhesive_spray,SPELL,adhesive spray,,
exodii_foam,ter_furn_transform,exodii_foam,,
sapra,ITEM,Exodii Sapra grenade launcher,5900 g,1930 ml
pamd68,ITEM,Exodii battle rifle,9480 g,2800 ml
pamd71z,ITEM,Exodii zombie hunting rifle,3910 g,3 L
pamd68mountable,ITEM,mountable Exodii battle rifle,9630 g,2865 ml
exodii_plasma_projectile,ITEM,exodii_plasma_projectile,8500 g,4 L
exodii_plasma_fan,ITEM,exodii_plasma_fan,,
spell_plasma_fan,SPELL,Plasma fan,,
ree_33,ITEM,exodii naval rifle,77000 g,151425 ml
flamethrower,ITEM,M9-7 flamethrower,11340 g,69450 ml
rm451_flamethrower,ITEM,DARPA flamethrower,,
carbine_flintlock,ITEM,flintlock carbine,3600 g,2250 ml
carbine_flintlock_double,ITEM,handmade double-barrel flintlock,,
pistol_flintlock,ITEM,flintlock pistol,1 kg,390 ml
rifle_flintlock,ITEM,flintlock musket,4900 g,2500 ml
longrifle_flintlock,ITEM,flintlock rifle,3700 g,1700 ml
nailgun,ITEM,nail gun,3904 g,750 ml
coilgun,ITEM,coilgun,2041 g,2750 ml
paintballgun,ITEM,paintball gun,1600 g,1250 ml
robofac_gun,ITEM,Hub 01 HWP,2500 g,4000 ml
xedra_gun,ITEM,prototype gun,2500 g,4000 ml
robofac_gun_ar,ITEM,robofac_gun_ar,750 g,500 ml
xedra_gun_ar,ITEM,xedra_gun_ar,,
robofac_gun_smg,ITEM,robofac_gun_smg,500 g,500 ml
robofac_gun_57,ITEM,robofac_gun_57,500 g,500 ml
robofac_gun_dmr,ITEM,robofac_gun_dmr,1000 g,500 ml
robofac_gun_shotgun,ITEM,robofac_gun_shotgun,1000 g,500 ml
robofac_gun_shotgun_breach,ITEM,robofac_gun_shotgun_breach,,
xedra_gun_shotgun,ITEM,xedra_gun_shotgun,,
robofac_gun_40mm,ITEM,robofac_gun_40mm,4082 g,5822 ml
robofac_gun_exodii,ITEM,robofac_gun_exodii,2400 g,1200 ml
robofac_laser_sight,ITEM,integral laser designator,,
robofac_handguard,ITEM,integrated front grip,,
robofac_stock,ITEM,bullpup adjustable stock,,
robofac40,ITEM,HWP 40-round 5.56 magazine,265 g,390 ml
xedra40,ITEM,prototype 40-round 5.56 magazine,,
robofacmultimag,ITEM,HWP 40/50-round 4.6/5.7 magazine,250 g,330 ml
robofac60,ITEM,HWP 60-round 9mm helical magazine,360 g,360 ml
robofac10,ITEM,HWP 10-round shotgun magazine,400 g,700 ml
xedra10,ITEM,prototype 10-round shotgun magazine,,
robofac30,ITEM,HWP 30-round shotgun drum magazine,460 g,1 L
robofac20,ITEM,HWP 20-round 7.62 magazine,180 g,320 ml
robofac50,ITEM,HWP 50-round 7.62 drum magazine,400 g,1 L
robofac100,ITEM,HWP 100-round 5.56 double drum magazine,1700 g,1200 ml
robofac60_123ln,ITEM,HWP 60-round 12.3 magazine,500 g,1000 ml
robofac_gun_40mm_3rd,ITEM,FSP 3-round 40x46 magazine,565 g,935 ml
robofac_gun_40mm_5rd,ITEM,FSP 5-round 40x46 magazine,744 g,1559 ml
robofac_gun_40mm_10rd,ITEM,FSP 10-round 40x46 magazine,1302 g,3118 ml
ashot,ITEM,12 gauge pistol,828 g,800 ml
bigun,ITEM,12-gauge Gatling gun,4980 g,4500 ml
ksg,ITEM,compact bullpup shotgun,1550 g,3371 ml
mossberg_500,ITEM,6-round combat shotgun,3402 g,2450 ml
mossberg_590,ITEM,9-round combat shotgun,3175 g,2548 ml
mossberg_590m,ITEM,magazine-fed pump shotgun,3628 g,2548 ml
mossberg_930,ITEM,8-round auto-loading shotgun,3402 g,2623 ml
benelli_m4,ITEM,5-round auto-loading shotgun,3629 g,2623 ml
m1014,ITEM,7-round auto-loading combat shotgun,,
pipe_double_shotgun,ITEM,double-barrel pipe shotgun,,
pipe_shotgun,ITEM,pipe shotgun,2267 g,1610 ml
remington_870,ITEM,5-round hunting shotgun,3400 g,2487 ml
ithaca37,ITEM,4-round hunting shotgun,3447 g,2487 ml
browning_a5,ITEM,4-round semi-auto hunting shotgun,3033 g,2487 ml
remington_1100,ITEM,4-round semi-auto fowling shotgun,3629 g,2487 ml
remington_870_express,ITEM,7-round riot shotgun,3402 g,2365 ml
revolver_shotgun,ITEM,revolving shotgun,5443 g,3 L
saiga_12,ITEM,assault shotgun,3225 g,3064 ml
shotgun_d,ITEM,double-barreled shotgun,3493 g,1619 ml
shotgun_triple,ITEM,triple-barreled shotgun,2721 g,2926 ml
shotgun_s,ITEM,single barrel shotgun,2494 g,2044 ml
tavor_12,ITEM,auto-loading bullpup shotgun,3429 g,4040 ml
dp_12,ITEM,double-barreled pump shotgun,4989 g,8862 ml
winchester_1897,ITEM,6-round trenchgun,3629 g,2564 ml
benelli_sa,ITEM,4-round waterfowl shotgun,3039 g,2600  ml
benelli_tsa,ITEM,6-round tactical shotgun,,2519  ml
slamfire_shotgun,ITEM,slam-fire pipe shotgun,3629 g,2264 ml
slamfire_shotgun_d,ITEM,double slam-fire pipe shotgun,7260 g,4530 ml
ar12_shotgun,ITEM,rifle shotgun,3335 g,3443 ml
gfy_1,ITEM,bullpup shotgun,3628 g,3443 ml
srm_1216,ITEM,rotary-magazine shotgun,3062 g,8015 ml
m26_mass_standalone,ITEM,M26-MASS standalone shotgun,1900 g,2390 ml
mossberg_590_shockwave,ITEM,5-round pistol grip shotgun,2495 g,1960 ml
flaregun,ITEM,flaregun,213 g,500 ml
emp_gun,ITEM,XM34 EMP projector,2950 g,3 L
gatling_mech_laser,ITEM,CMES laser cannon,39500 g,11 L
recon_mech_laser,ITEM,RMES marksman system,12500 g,5500 ml
laser_rifle,ITEM,A7 laser rifle,2950 g,3 L
hm12,ITEM,hm12 dazzle rifle,,
v29,ITEM,V29 laser pistol,680 g,1 L
gatling_mech_laser_single,ITEM,salvaged CMES laser cannon,,
recon_mech_laser_single,ITEM,salvaged RMES marksman laser,,
arrowrest,ITEM,arrow rest,16 g,250 ml
arrowrest_wood,ITEM,wooden arrow rest,100 g,250 ml
bow_stabilizer,ITEM,bow stabilizer,88 g,500 ml
bow_stabilizer_set,ITEM,bow stabilizer system,300 g,500 ml
bow_silencer,ITEM,bow dampening kit,50 g,250 ml
primitive_bow_silencer,ITEM,primitive bow dampening kit,50 g,250 ml
belt_clip,ITEM,belt clip,40 g,250 ml
barrel_ported,ITEM,ported barrel,225 g,200 ml
barrel_small,ITEM,shortened barrel,,0 ml
upstest,ITEM,upstest,450 g,500 ml
brass_catcher,ITEM,brass catcher,114 g,250 ml
big_brass_catcher,ITEM,big brass catcher,228 g,300 ml
retool_ar15_223rem_extended,ITEM,rifle .223 upper receiver,2408 g,1860 ml
retool_ar15_223rem,ITEM,mid-length .223 upper receiver,2268 g,1550 ml
retool_ar15_223rem_medium,ITEM,carbine .223 upper receiver,2036 g,1395 ml
retool_ar15_223rem_short,ITEM,CQB .223 upper receiver,1819 g,1295 ml
retool_ar15_223rem_pistol,ITEM,pistol .223 upper receiver,1134 g,718 ml
retool_ar15_300blk,ITEM,mid-length .300BLK upper receiver,2308 g,1550 ml
retool_ar15_300blk_medium,ITEM,CQB .300BLK upper receiver,1814 g,1295 ml
retool_ar15_300blk_short,ITEM,SBR .300BLK upper receiver,1590 g,
retool_ar15_50beowulf,ITEM,rifle 12.7x42mm upper receiver,2495 g,1760 ml
retool_ar15_50beowulf_medium,ITEM,mid-length 12.7x42mm upper receiver,2341 g,1550 ml
retool_ar15_50beowulf_short,ITEM,SBR 12.7x42mm upper receiver,1615 g,850 ml
retool_ar15_450,ITEM,rifle .450 upper receiver,2722 g,1760 ml
retool_ar15_450_medium,ITEM,CQB .450 upper receiver,1900 g,1295 ml
retool_ar15_450_short,ITEM,SBR .450 upper receiver,1615 g,850 ml
retool_ar15_762,ITEM,7.62x39mm upper receiver,2268 g,1550 ml
retool_ar15_22,ITEM,.22 upper receiver,2275 g,1696 ml
retool_mdrx_223rem,ITEM,MDRX .223 extended-assembly,1000 g,500 ml
retool_mdrx_223rem_medium,ITEM,MDRX .223 standard-assembly,840 g,420 ml
retool_mdrx_223rem_short,ITEM,MDRX .223 MICRON assembly,680 g,340 ml
retool_mdrx_300blk,ITEM,MDRX .300BLK standard-assembly,840 g,420 ml
retool_mdrx_308win,ITEM,MDRX .308 extended-assembly,1000 g,500 ml
retool_mdrx_308win_medium,ITEM,MDRX .308 standard-assembly,840 g,420 ml
retool_axmc_338lapua,ITEM,AXMC .338 barrel-assembly,1000 g,500 ml
retool_axmc_300win,ITEM,AXMC .300 barrel-assembly,1000 g,500 ml
retool_axmc_308win,ITEM,AXMC .308 barrel-assembly,1000 g,500 ml
retool_deagle_357,ITEM,Desert Eagle .357 conversion kit,498 g,550 ml
retool_deagle_44,ITEM,Desert Eagle .44 conversion kit,498 g,550 ml
retool_deagle_50,ITEM,Desert Eagle .50 conversion kit,498 g,550 ml
retool_ump_9,ITEM,UMP 9x19mm conversion kit,1200 g,700 ml
retool_ump_40,ITEM,UMP .40 S&W conversion kit,1200 g,700 ml
retool_ump_45,ITEM,UMP .45 ACP conversion kit,1400 g,700 ml
staff_sling_grenade_cradle,ITEM,grenade cradle for staff sling,96 g,250 ml
beam_scatterer,ITEM,beam scatterer,380 g,250 ml
focusing_lens,ITEM,focusing lens,380 g,250 ml
electrolaser_conversion,ITEM,electrolaser conversion,380 g,1 L
effective_emitter,ITEM,effective emitter,380 g,250 ml
high_density_capacitor,ITEM,high density capacitor,380 g,250 ml
arredondo_chute,ITEM,speedloader chute,135 g,149 ml
arredondo_chute_benelli_sa,ITEM,"speedloader chute, 4-round waterfowl shotgun",,
arredondo_chute_remington_870_breacher,ITEM,"speedloader chute, 4-round breaching shotgun",,
arredondo_chute_remington_870,ITEM,"speedloader chute, 5-round hunting shotgun",,
arredondo_chute_mossberg_500,ITEM,"speedloader chute, 6-round combat shotgun",,
arredondo_chute_mossberg_930,ITEM,"speedloader chute, 8-round auto-loading shotgun",,
arredondo_chute_mossberg_590,ITEM,"speedloader chute, 9-round combat shotgun",,
match_trigger,ITEM,match trigger,120 g,250 ml
dias,ITEM,drop-in auto sear,113 g,250 ml
llink,ITEM,lightning link,60 g,250 ml
glocksear,ITEM,Glock auto sear plate,55 g,20 ml
bars,ITEM,balanced recoil system,60 g,250 ml
m249semi,ITEM,M249 select fire trigger,60 g,250 ml
condenser_pristine,ITEM,pristine condenser,380 g,250 ml
m240semi,ITEM,M240 select fire trigger,60 g,250 ml
rail_mount,ITEM,side mount,10 g,8 ml
sights_mount,ITEM,sights mount,10 g,8 ml
sights_mount_launcher,ITEM,launcher sights mount,60 g,80 ml
sights_mount_pistol,ITEM,pistol sights mount,60 g,80 ml
stock_mount,ITEM,replaceable stock kit,80 g,50 ml
underbarrel_mount,ITEM,bottom mount,10 g,8 ml
rail_bayonet_lug,ITEM,rail bayonet mount,162 g,40 ml
compensator,ITEM,compensator,82 g,17 ml
muzzle_brake,ITEM,muzzle brake,380 g,250 ml
crafted_suppressor,ITEM,homemade suppressor,880 g,750 ml
filter_suppressor,ITEM,'solvent trap' suppressor,758 g,1254 ml
shot_suppressor,ITEM,shotgun suppressor,975 g,1286 ml
suppressor,ITEM,suppressor,550 g,247 ml
mp5sd_suppressor,ITEM,MP5SD integral suppressor,250 g,
suppressor_compact,ITEM,pistol suppressor,303 g,179 ml
choke,ITEM,choke,300 g,150 ml
offset_sights,ITEM,offset_sights,,
offset_sight_rail,ITEM,offset sight rail,40 g,125ml
rail_laser_sight,ITEM,rail laser sight,120 g,250 ml
mipim,ITEM,army flashlight-laser module,68 g,360 ml
mipim_on,ITEM,army flashlight-laser module (on),,
offset_grip,ITEM,offset grip,125 g,250 ml
bow_sight,ITEM,five pin bow sight,240 g,553 ml
bow_sight_pin,ITEM,single pin bow sight,80 g,50 ml
bow_scope,ITEM,bow scope,180 g,250 ml
holo_sight,ITEM,holographic sight,255 g,290 ml
improve_sights,ITEM,improve_sights,60 g,10 ml
pistol_scope,ITEM,pistol scope,212 g,200 ml
red_dot_sight,ITEM,red dot sight,150 g,80 ml
rifle_scope,ITEM,rifle scope,669 g,485 ml
rifle_scope_high_end_mount,ITEM,high end rifle scope,700 g,485 ml
acog_scope,ITEM,ACOG scope,280 g,112 ml
holo_magnifier,ITEM,sight magnifier,320 g,390 ml
hybrid_sight_4x,ITEM,hybrid ACOG scope,,
riv_scope,ITEM,RS1219 scope,0 g,0 ml
tele_sight,ITEM,telescopic sight,300 g,250 ml
tele_sight_pistol,ITEM,telescopic pistol sight,220 g,150 ml
type99_scope,ITEM,Nagoya 99 gun scope,,
shoulder_strap_simple,ITEM,two point sling,100 g,250 ml
shoulder_strap,ITEM,adjustable sling,,
shoulder_strap_front,ITEM,adjustable sling (front),,
adjustable_stock,ITEM,adjustable stock,350 g,500 ml
folding_stock,ITEM,folding stock,200 g,500 ml
folding_stock_folded,ITEM,folding stock (folded),,
high_end_folding_stock,ITEM,adjustable folding stock,200 g,500 ml
high_end_folding_stock_folded,ITEM,adjustable folding stock (folded),,
wire_stock,ITEM,collapsing wire stock,170 g,250 ml
wire_stock_folded,ITEM,collapsing wire stock (collapsed),,
stock_mauser,ITEM,Mauser C96 stock,590 g,700 ml
stock_none,ITEM,sawn-off stock,,
pistol_stock,ITEM,pistol stock,350 g,500 ml
recoil_stock,ITEM,recoil stock,960 g,500 ml
cheek_pad,ITEM,cheek pad,300 g,250 ml
butt_hook,ITEM,butt hook,100 g,100 ml
tail_hook_stock,ITEM,tail hook stock,150 g,200 ml
under_folding_stock,ITEM,under folding stock,100 g,300 ml
under_folding_stock_folded,ITEM,under-folding stock (folded),,
sub2000_folding_mechanism,ITEM,integral folding mechanism,10 g,10 ml
sub2000_folding_mechanism_folded,ITEM,integral folding mechanism (folded)),10 g,10 ml
m26_mass_stock,ITEM,MASS compatible stock,960 g,500 ml
scout_stock,ITEM,hollow polymer stock,260 g,500 ml
bipod,ITEM,bipod,400 g,500 ml
bipod_handguard,ITEM,bipod hand guard,400 g,500 ml
bipod_handguard_deployed,ITEM,bipod hand guard (deployed),,
modern_handguard,ITEM,high end hand guard,220 g,500 ml
combination_gun_shotgun,ITEM,combination gun shotgun,2600 g,0 ml
grip,ITEM,forward grip,68 g,119 ml
grip_mod,ITEM,modified forward grip,,
wooden_grip,ITEM,wood forward grip,94 g,119 ml
inter_bayonet,ITEM,integrated bayonet,1 g,92 ml
inter_bayonet_folded,ITEM,integrated bayonet (folded),,
laser_sight,ITEM,underbarrel laser sight,70 g,40 ml
m203,ITEM,m203,1360 g,500 ml
m203_mod,ITEM,modified M203,,
m320_mod,ITEM,m320_mod,1500 g,500 ml
m320_mod_mod,ITEM,modified M320 GLM,,
masterkey,ITEM,masterkey shotgun,2600 g,1068 ml
masterkey_mod,ITEM,modified masterkey shotgun,,
m26_mass,ITEM,M26-MASS shotgun,1220 g,1068 ml
m26_mass_mod,ITEM,modified M26-MASS,,
pistol_bayonet,ITEM,pistol bayonet,122 g,250 ml
u_shotgun,ITEM,underslung shotgun,1500 g,750 ml
arisaka_monopod,ITEM,"wire monopod, collapsed",120 g,250 ml
arisaka_monopod_deployed,ITEM,"wire monopod, deployed",,
scout_bipod,ITEM,integral polymer bipod,,0 ml
scout_bipod_deployed,ITEM,"integral polymer bipod, deployed",,
muzzle_weight,ITEM,muzzle weight,179 g,68 ml
ree_33_tripod,ITEM,heavy-duty tripod,6000 g,5800 ml
mounted_flashlight,ITEM,mounted flashlight,68 g,150 ml
mounted_flashlight_on,ITEM,mounted flashlight (on),,
glock_20mag,ITEM,Glock 10mm 15-round magazine,70 g,103 ml
glock_20mag_10,ITEM,Glock 10mm 10-round magazine,,
glock_29mag,ITEM,Glock 10mm 10-round carry magazine,90 g,99 ml
m1911_10mag,ITEM,Colt Delta Elite 8-round magazine,,
p220_10_mag,ITEM,SIG pistol 10mm 8-round magazine,60 g,58 ml
tdi_10mm_mag,ITEM,Glock 10mm 30-round magazine,210 g,194 ml
witness_mag_10,ITEM,EAA Witness 15-round magazine,135 g,84 ml
xd_10_mag,ITEM,XD-M 15-round magazine,80 g,81 ml
hk_g80mag,ITEM,H&K G80 20-round magazine,168 g,250 ml
22_speedloader8,ITEM,.22 8-round speedloader,32 g,47 ml
marlin_tubeloader,ITEM,small game rifle 19-round tube loader,10 g,14 ml
22_ar15mag_10,ITEM,.22 10-round conversion magazine,130 g,187 ml
22_ar15mag_28,ITEM,.22 28-round conversion magazine,220 g,220 ml
mosquitomag,ITEM,Firefly 10-round magazine,60 g,72 ml
ruger1022bigmag,ITEM,25-round varmint magazine,245 g,159 ml
ruger1022mag,ITEM,10-round varmint magazine,57 g,34 ml
ruger1022mag_15,ITEM,15-round varmint magazine,147 g,95 ml
ruger1022mag_30,ITEM,30-round varmint drum magazine,232 g,170 ml
ruger1022mag_32,ITEM,32-round varmint magazine,312 g,204 ml
ruger1022mag_55,ITEM,55-round varmint drum magazine,426 g,311 ml
ruger1022mag_70,ITEM,70-round varmint drum magazine,659 g,450 ml
ruger1022mag_110,ITEM,110-round varmint drum magazine,1492 g,890 ml
wp22mag,ITEM,.22 10-round Walther magazine,60 g,44 ml
ruger_mk4_mag,ITEM,Ruger target pistol magazine,73 g,98 ml
1911_22_mag,ITEM,.22 1911 pistol magazine,91 g,44 ml
sr22_mag,ITEM,.22 plinking handgun magazine,91 g,44 ml
glock44_mag,ITEM,Glock 44 10 round magazine,57 g,76 ml
mp1522_mag,ITEM,.22 10-round modern varmint rifle magazine,130 g,187 ml
belt223,ITEM,5.56x45mm ammo belt,,
ruger5,ITEM,Mini-14 5-round magazine,,
stanag10,ITEM,STANAG 10-round magazine,84 g,134 ml
stanag10ranger,ITEM,STANAG 10-round magazine with ranger plate,104 g,156 ml
ruger10,ITEM,Mini-14 10-round magazine,,
ruger20,ITEM,Mini-14 20-round magazine,,
ruger30,ITEM,Mini-14 30-round magazine,,
ruger90,ITEM,Mini-14 90-round snail drum magazine,,
ruger100,ITEM,Mini-14 100-round double drum magazine,,
stanag5,ITEM,STANAG 5-round magazine,84 g,134 ml
stanag5ranger,ITEM,STANAG 5-round magazine with ranger plate,104 g,156 ml
stanag20,ITEM,STANAG 20-round magazine,113 g,191 ml
stanag20ranger,ITEM,STANAG 20-round magazine with ranger plate,133 g,213 ml
stanag30,ITEM,STANAG 30-round magazine,141 g,283 ml
stanag30ranger,ITEM,STANAG 30-round magazine with ranger plate,161 g,305 ml
stanag40,ITEM,STANAG 40-round magazine,187 g,363 ml
stanag40ranger,ITEM,STANAG 40-round magazine with ranger plate,207 g,385 ml
stanag50,ITEM,STANAG 50-round drum magazine,725 g,663 ml
stanag60,ITEM,STANAG 60-round magazine,181 g,535 ml
stanag60drum,ITEM,STANAG 60-round drum magazine,581 g,850 ml
stanag90,ITEM,STANAG 90-round snail drum magazine,800 g,2000 ml
stanag100,ITEM,STANAG 100-round magazine,272 g,795 ml
stanag100drum,ITEM,STANAG 100-round double drum magazine,1000 g,2340 ml
stanag150,ITEM,STANAG 150-round double drum magazine,2223 g,4675 ml
sl8mag,ITEM,10 round SL8 magazine,70 g,132 ml
augmag_10rd,ITEM,AUG 10-round magazine,,
augmag_30rd,ITEM,AUG 30-round magazine,,
augmag_42rd,ITEM,AUG 42-round magazine,,
augmag_100rd,ITEM,AUG 100-round double drum magazine,,
zpap85mag,ITEM,ZPAP M90 30-round magazine,,
zpap85mag_10rd,ITEM,ZPAP M90 10-round magazine,,
survivor223mag,ITEM,STANAG 5-round makeshift magazine,120 g,134 ml
ruger_makeshiftmag,ITEM,Mini-14 5-round makeshift magazine,,
clip223_10rd,ITEM,5.56x45mm/.300BLK 10-round clip,11 g,4 ml
m2010mag,ITEM,M2010 5-round magazine,207 g,186 ml
ruger_pr_mag,ITEM,Ruger Precision Rifle 5-round magazine,188 g,169 ml
3006_clip,ITEM,.30-06 5-round clip,9 g,3 ml
blrmag,ITEM,Browning BLR 4-round magazine,226 g,60 ml
garandclip,ITEM,M1 Garand 8-round clip,30 g,40 ml
m1918bigmag,ITEM,BAR 30-round magazine,239 g,415 ml
m1918mag,ITEM,BAR 20-round magazine,184 g,319 ml
enfield_303mag,ITEM,10-round Enfield magazine,160 g,138 ml
clip303_5rd,ITEM,.303 5-round charger clip,9 g,3 ml
belt308,ITEM,7.62x51mm ammo belt,,
falbigmag,ITEM,heavy automatic rifle 30-round magazine,340 g,412 ml
falmag,ITEM,heavy automatic rifle 20-round magazine,240 g,285 ml
fal_makeshiftmag,ITEM,FAL 5-round makeshift magazine,115 g,137 ml
g3bigmag,ITEM,G3 50-round drum magazine,975 g,1124 ml
g3mag,ITEM,G3 20-round magazine,268 g,295 ml
g3_makeshiftmag,ITEM,G3 5-round makeshift magazine,,
m14mag,ITEM,M14 20-round magazine,231 g,311 ml
m14smallmag,ITEM,M14 5-round magazine,97 g,131 ml
m14_makeshiftmag,ITEM,M14 5-round makeshift magazine,,
papm77mag,ITEM,PAP M77 20-round magazine,229 g,309 ml
papm77mag_10rd,ITEM,PAP M77 10-round magazine,129 g,174 ml
scarhbigmag,ITEM,SCAR-H 50-round drum magazine,1390 g,2200 ml
scarhmag_30rd,ITEM,SCAR-H 30-round modified magazine,,
scarhmag,ITEM,SCAR-H 20-round magazine,242 g,354 ml
scarhmag_10,ITEM,SCAR-H 10-round magazine,142 g,208 ml
scarh_makeshiftmag,ITEM,SCAR-H 5-round makeshift magazine,,
hk417mag_20rd,ITEM,HK417 20-round magazine,220 g,343 ml
hk417mag_10rd,ITEM,HK417 10-round magazine,112 g,206 ml
hk417_makeshiftmag,ITEM,HK417 5-round makeshift magazine,,
ar10mag_10rd,ITEM,AR-10 10-round magazine,108 g,221 ml
ar10mag_20rd,ITEM,AR-10 20-round magazine,162 g,350 ml
ar10mag_25rd,ITEM,AR-10 25-round magazine,184 g,417 ml
ar10mag_50rd,ITEM,AR-10 50-round drum magazine,771 g,1211 ml
ar10_makeshiftmag,ITEM,AR-10 5-round makeshift magazine,,
ai_308mag_10,ITEM,AI .308 10-round magazine,125 g,247 ml
steyr_scout_mag,ITEM,scout rifle 5-round magazine,60 g,90 ml
steyr_scout_mag_makeshift,ITEM,Scout rifle 3-round makeshift magazine,50 g,90 ml
m1carbinebigmag,ITEM,M1 carbine 30-round magazine,127 g,141 ml
m1carbinemag,ITEM,M1 carbine 15-round magazine,78 g,86 ml
ppkmag,ITEM,PPK 8-round magazine,43 g,22 ml
lws32mag,ITEM,micro conceal carry magazine,30 g,20 ml
ai_338mag,ITEM,AI .338 Lapua 5-round magazine,215 g,164 ml
ai_338mag_10,ITEM,AI .338 Lapua 10-round magazine,298 g,233 ml
mrad_338lapua_mag,ITEM,Barrett .338 Lapua 10-round magazine,195 g,245 ml
deaglemag_357,ITEM,Desert Eagle .357 9-round magazine,45 g,80 ml
p226mag_12rd_357sig,ITEM,P226 .357 SIG 12-round magazine,95 g,77 ml
p320mag_13rd_357sig,ITEM,P320 .357 SIG 13-round magazine,95 g,77 ml
38_speedloader,ITEM,.38/.357 7-round speedloader,27 g,18 ml
38_speedloader5,ITEM,.38/.357 5-round speedloader,23 g,15 ml
38_speedloader6,ITEM,.38/.357 6-round speedloader,25 g,17 ml
rugerlcpmag,ITEM,LCP 6-round magazine,35 g,29 ml
mac11mag,ITEM,MAC-11 32-round magazine,221 g,184 ml
hptcf380mag_8rd,ITEM,CF-380 8-round magazine,40 g,33 ml
hptcf380mag_10rd,ITEM,CF-380 10-round magazine,77 g,64 ml
hpt3895mag_10rd,ITEM,Hi-Point 3895 10-round magazine,,
swbodyguard_mag,ITEM,.380 conceal carry magazine,35 g,47 ml
glock42_mag,ITEM,Glock 42 magazine,45 g,60ml
m1911mag_10rd_38super,ITEM,M1911 .38 Super 9-round magazine,62 g,33 ml
glock40bigmag,ITEM,Glock .40 S&W 22-round magazine,97 g,113 ml
glock40mag,ITEM,Glock .40 S&W 15-round magazine,78 g,91 ml
glock40mag_10,ITEM,Glock .40 S&W 10-round magazine,,
glock40mag_9,ITEM,Glock 27 magazine,55 g,85 ml
px4_40mag,ITEM,Px4 .40 S&W 14-round magazine,100 g,81 ml
px4_40mag_10,ITEM,Px4 .40 S&W 10-round magazine,,
sig40mag,ITEM,SIG Pro .40 12-round magazine,95 g,77 ml
smg_40_mag,ITEM,Luty .40 20-round magazine,207 g,172 ml
ump40mag,ITEM,UMP-40 30-round magazine,150 g,206 ml
bhp40mag,ITEM,Hi-Power .40 S&W 10-round magazine,100 g,74 ml
hptjcpmag,ITEM,Model JCP 10-round magazine,110 g,92 ml
belt40mm,ITEM,40x53mm grenade belt,200 g,200 ml
44_speedloader6,ITEM,.44 6-round speedloader,28 g,25 ml
deaglemag,ITEM,Desert Eagle .44 8-round magazine,45 g,80 ml
mac10mag,ITEM,MAC-10 30-round magazine,221 g,184 ml
smg_45_mag,ITEM,MAC-10 20-round makeshift magazine,269 g,224 ml
tdi_mag,ITEM,Glock SMG 30-round magazine,124 g,211 ml
thompson_bigmag,ITEM,Thompson 30-round magazine,226 g,209 ml
thompson_drum,ITEM,Thompson 50-round drum magazine,1110 g,1385 ml
thompson_mag,ITEM,Thompson 20-round magazine,182 g,152 ml
thompson_makeshiftmag,ITEM,Thompson 20-round makeshift magazine,322 g,268 ml
ump45mag,ITEM,UMP-45 25-round magazine,150 g,206 ml
ump45_makeshiftmag,ITEM,UMP-45 20-round makeshift magazine,302 g,252 ml
usp45mag,ITEM,USP .45 pistol 12-round magazine,99 g,116 ml
usc10mag,ITEM,H&K USC 45 Carbine 10-round magazine,123 g,169 ml
usc15mag,ITEM,H&K USC 45 Carbine 15-round magazine,217 g,240 ml
usc20mag,ITEM,H&K USC 45 Carbine 20-round magazine,290 g,320 ml
ppq45mag,ITEM,PPQ .45 12-round magazine,80 g,105 ml
hptjhpmag,ITEM,Model JHP 9-round magazine,110 g,92 ml
glock_21mag,ITEM,Glock .45 13-round magazine,85 g,114 ml
glock_21mag_10,ITEM,Glock .45 10-round magazine,,
glock_21mag26,ITEM,Glock .45 26-round magazine,159 g,205 ml
glock36_mag,ITEM,Glock 36 magazine,70 g,72 ml
greasegun30mag,ITEM,.45 WWII SMG 30-round magazine,340 g,227 ml
m1911bigmag,ITEM,M1911 10-round magazine,79 g,74 ml
m1911mag,ITEM,M1911 7-round magazine,70 g,61 ml
450_ar15mag,ITEM,.450 Bushmaster 4-round conversion magazine,226 g,290 ml
ruger_arr_mag,ITEM,Ruger American Rifle 3-round magazine,78 g,220 ml
454_speedloader5,ITEM,.454 5-round speedloader,28 g,25 ml
belt50,ITEM,.50 BMG ammo belt,,
m107a1mag,ITEM,.50 semi-automatic rifle 10-round magazine,727 g,858 ml
as50mag,ITEM,.50 precision rifle 5-round magazine,386 g,455 ml
tac50mag,ITEM,.50 bolt-action rifle 5-round magazine,386 g,455 ml
500_speedloader5,ITEM,.500 5-round speedloader,28 g,25 ml
deaglemag_50,ITEM,Desert Eagle .50 7-round magazine,45 g,80 ml
stanag20_beowulf,ITEM,retooled STANAG 20-round magazine,,
stanag20ranger_beowulf,ITEM,retooled STANAG 20-round magazine with ranger plate,,
stanag30_beowulf,ITEM,retooled STANAG 30-round magazine,,
stanag30ranger_beowulf,ITEM,retooled STANAG 30-round magazine with ranger plate,,
50beowulf_ar15mag,ITEM,.50 Beowulf 10-round conversion magazine,226 g,290 ml
ak74mag,ITEM,5.45mm 30-round AK magazine,170 g,388 ml
rpk74mag,ITEM,5.45mm 45-round AK magazine,230 g,528 ml
casket74mag,ITEM,5.45mm 60-round AK magazine,264 g,924 ml
fn57mag,ITEM,FN 5.7mm pistol 20-round magazine,45 g,119 ml
fn57mag_10rd,ITEM,FN 5.7mm pistol 10-round magazine,,
fnp90mag,ITEM,P90 50-round magazine,143 g,210 ml
fnp90mag_10rd,ITEM,P90 10-round magazine,,
ruger_57mag,ITEM,Ruger-57 20-round magazine,30 g,84 ml
ruger_57_10_round_mag,ITEM,Ruger-57 10-round magazine,24 g,84 ml
m74_clip,ITEM,M74 4-rocket clip,500 g,2097 ml
762x39_clip,ITEM,SKS 10-round clip,11 g,4 ml
akmag10,ITEM,AK 10-round magazine,113 g,196 ml
akmag20,ITEM,AK 20-round magazine,152 g,287 ml
akmag30,ITEM,AK 30-round magazine,326 g,379 ml
akmag40,ITEM,AK 40-round magazine,424 g,493 ml
akdrum75,ITEM,AK 75-round drum magazine,1020 g,1142 ml
762_ar15mag_5rd,ITEM,7.62mm 5-round conversion magazine,210 g,228 ml
762_ar15mag_10rd,ITEM,7.62mm 10-round conversion magazine,130 g,151 ml
762_ar15mag_20rd,ITEM,7.62mm 20-round conversion magazine,283 g,265 ml
762_ar15mag_30rd,ITEM,7.62mm 30-round conversion magazine,326 g,379 ml
762R_clip,ITEM,7.62x54mmR 5-round clip,9 g,3 ml
pslmag5,ITEM,PSL 5-round magazine,122 g,131 ml
pslmag10,ITEM,PSL 10-round magazine,204 g,218 ml
tokarevmag,ITEM,Tokarev 8-round magazine,56 g,55 ml
clip_77mm_arisaka,ITEM,7.7x58mm 5-round stripper clip,9 g,3 ml
8x40_100_mag,ITEM,caseless 100-round magazine,150 g,750 ml
8x40_10_mag,ITEM,caseless 10-round magazine,60 g,250 ml
8x40_25_mag,ITEM,caseless 25-round magazine,90 g,500 ml
8x40_50_mag,ITEM,caseless 50-round magazine,110 g,500 ml
glockbigmag,ITEM,Glock 9x19mm 33-round magazine,124 g,145 ml
glockmag,ITEM,Glock 9x19mm 15-round magazine,70 g,76 ml
glock43_mag,ITEM,Glock 43 magazine,50 g,28 ml
glock43x/48_mag,ITEM,Glock 43X/48 magazine,65 g,28 ml
glockmag_10,ITEM,Glock 19 9x19mm 10-round magazine,,
glock17_17,ITEM,Glock 9x19mm 17-round magazine,80 g,83 ml
glock17_10,ITEM,Glock 9x19mm 10-round magazine,,
glock17_22,ITEM,Glock 9x19mm 22-round magazine,108 g,96 ml
glock_drum_50rd,ITEM,Glock 9x19mm 50-round drum magazine,491 g,1159 ml
glock_drum_100rd,ITEM,Glock 9x19mm 100-round double drum magazine,1000 g,1274 ml
m9mag_35rd,ITEM,M9 35-round magazine,167 g,134 ml
m9mag_32rd,ITEM,M9 32-round magazine,142 g,146 ml
m9bigmag,ITEM,M9 30-round magazine,136 g,130 ml
m9mag_20rd,ITEM,M9 20-round magazine,122 g,84 ml
m9mag_18rd,ITEM,M9 18-round magazine,90 g,76 ml
m9mag_17rd,ITEM,M9 17-round magazine,90 g,78 ml
m9mag,ITEM,M9 15-round magazine,90 g,78 ml
m9mag_10rd,ITEM,M9 10-round magazine,45 g,78 ml
mp5mag_100rd,ITEM,MP5 100-round double drum magazine,1 kg,1274 ml
mp5bigmag,ITEM,MP5 50-round drum magazine,454 g,896 ml
mp5mag_40rd,ITEM,MP5 40-round magazine,139 g,239 ml
mp5mag_38rd,ITEM,MP5 38-round magazine,195 g,216 ml
mp5mag,ITEM,MP5 30-round magazine,160 g,152 ml
mp5mag_20rd,ITEM,MP5 20-round magazine,136 g,113 ml
mp5mag_15rd,ITEM,MP5 15-round magazine,120 g,85 ml
mp5mag_10rd,ITEM,MP5 10-round magazine,80 g,57 ml
ump9mag,ITEM,UMP-9 30-round magazine,181 g,239 ml
p08mag_8rd,ITEM,Luger 8-round magazine,57 g,27 ml
p08mag_32rd,ITEM,Luger 32-round snail-drum magazine,643 g,197 ml
clip9mm_10rd,ITEM,Mauser C96 10-round clip,,
mp40mag_32rd,ITEM,MP 40 32-round magazine,295 g,209 ml
px4mag_10rd,ITEM,Px4 9x19mm 10-round magazine,45 g,78 ml
px4mag_15rd,ITEM,Px4 9x19mm 15-round magazine,90 g,78 ml
px4mag,ITEM,Px4 9x19mm 17-round magazine,90 g,78 ml
px4mag_20rd,ITEM,Px4 9x19mm 20-round magazine,122 g,84 ml
stenmag,ITEM,STEN 32-round magazine,295 g,209 ml
survivor9mm_mag,ITEM,STEN 20-round makeshift magazine,184 g,131 ml
usp9mag_10rd,ITEM,USP 9x19mm 10-round magazine,99 g,102 ml
usp9mag,ITEM,USP 9x19mm 15-round magazine,99 g,102 ml
usp9mag_18rd,ITEM,USP 9x19mm 18-round magazine,113 g,117 ml
usp9mag_20rd,ITEM,USP 9x19mm 20-round magazine,98 g,280 ml
usp9mag_32rd,ITEM,USP 9x19mm 32-round magazine,145 g,184 ml
uzimag_20rd,ITEM,Uzi 20-round magazine,110 g,82 ml
uzimag_25rd,ITEM,Uzi 25-round magazine,136 g,102 ml
uzimag,ITEM,Uzi 32-round magazine,174 g,131 ml
uzimag_40rd,ITEM,Uzi 40-round magazine,218 g,164 ml
uzimag_50rd,ITEM,Uzi 50-round magazine,273 g,205 ml
uzimag_100rd,ITEM,Uzi 100-round double drum magazine,1 kg,1274 ml
p226mag_10rd_9x19mm,ITEM,P226 9x19mm 10-round magazine,82 g,122 ml
p226mag_15rd_9x19mm,ITEM,P226 9x19mm 15-round magazine,82 g,122 ml
p228mag_13rd_9x19mm,ITEM,M11 13-round magazine,91 g,128 ml
p320mag_10rd_9x19mm,ITEM,service handgun 10-round magazine,87 g,89 ml
p320mag_17rd_9x19mm,ITEM,service handgun 17-round magazine,87 g,89 ml
p320mag_21rd_9x19mm,ITEM,service handgun 21-round magazine,109 g,105 ml
sp2022mag_10rd_9mm,ITEM,SP2022 10-round magazine,142 g,73 ml
sp2022mag_12rd_9mm,ITEM,SP2022 12-round magazine,90 g,250 ml
sp2022mag_15rd_9mm,ITEM,SP2022 15-round magazine,142 g,73 ml
bhp9mag_13rd,ITEM,Hi-Power 9x19mm 13-round magazine,136 g,67 ml
bhp9mag_15rd,ITEM,Hi-Power 9x19mm 15-round magazine,122 g,67 ml
p38mag,ITEM,P38 8-round magazine,66 g,44 ml
ppq9mag_10rd,ITEM,PPQ 9x19mm 10-round magazine,82 g,133 ml
ppq9mag_15rd,ITEM,PPQ 9x19mm 15-round magazine,82 g,133 ml
ppq9mag_17rd,ITEM,PPQ 9x19mm 17-round magazine,100 g,152 ml
hptc9mag_8rd,ITEM,C-9 8-round magazine,78 g,67 ml
hptc9mag_10rd,ITEM,C-9 10-round magazine,86 g,74 ml
hptc9mag_15rd,ITEM,C-9 15-round magazine,97 g,87 ml
cz75mag_16rd,ITEM,CZ 75 16-round magazine,93 g,53 ml
cz75mag_10rd,ITEM,CZ 75 10-round magazine,,
cz75mag_20rd,ITEM,CZ 75 20-round magazine,120 g,79 ml
cz75mag_26rd,ITEM,CZ 75 26-round magazine,151 g,85 ml
ccpmag,ITEM,CCP 8-round magazine,78 g,67 ml
ccpmag_9rd,ITEM,CCP 9-round magazine,87 g,72 ml
btmp9mag_9x19mm_10rd,ITEM,APC9 10-round magazine,55 g,170 ml
btmp9mag_9x19mm_15,ITEM,APC9 15-round magazine,55 g,170 ml
btmp9mag_9x19mm_20,ITEM,APC9 20-round magazine,,
btmp9mag_9x19mm_25,ITEM,APC9 25-round magazine,69 g,198 ml
btmp9mag_9x19mm_30,ITEM,APC9 30-round magazine,82 g,226 ml
btmp9mag_9x19mm_50rd,ITEM,APC9 50-round drum magazine,,
p365_mag,ITEM,P365 10-round magazine,50 g,68 ml
makarovmag,ITEM,Makarov 8-round magazine,32 g,34 ml
pressurized_tank_chem,ITEM,2 L pressurized chemical tank,800 g,2 L
exodiiminimag,ITEM,Exodii zombie hunting rifle magazine,30 g,250 ml
exodiiBRmag,ITEM,Exodii battle rifle pan magazine,600 g,1250 ml
exodiiBRmag_153,ITEM,Exodii battle rifle large pan magazine,1700 g,3500 ml
exodiiBRmag_26,ITEM,Exodii battle rifle box magazine,190 g,350 ml
exodiisapramag5,ITEM,Sapra '36 magazine,710 g,449 ml
exodii_khuunaofaai_mag_firework,ITEM,ordnance cannon celebration canister,1268 g,1250 ml
exodii_khuunaofaai_mag_incendiary,ITEM,ordnance cannon incendiary canister,,
exodii_khuunaofaai_mag_corrosive,ITEM,ordnance cannon corrosive canister,,
exodii_khuunaofaai_mag_adhesive,ITEM,ordnance cannon adhesive canister,,
ree_33_4_mag,ITEM,3.3 naval 4-round magazine,340 g,1200 ml
ree_33_53_mag,ITEM,3.3 naval 53-round box magazine,4600 g,14000 ml
caotel_plasma_ring,ITEM,Caotel plasma condenser,1020 g,1450 ml
gasfilter_sm,ITEM,filter mask cartridge,2 g,250 ml
gasfilter_med,ITEM,CBRN filter canister,365 g,910 ml
rebreather_cartridge_air,ITEM,"rebreather scrubber cartridge, air tank",5500 g,6500 ml
rebreather_cartridge_o2,ITEM,"rebreather scrubber cartridge, oxygen tank",5500 g,6500 ml
rebreather_cartridge_regen,ITEM,rebreather oxygen regenerator cartridge,1000 g,2000 ml
pressurized_tank,ITEM,8 L pressurized fuel tank,11600 g,13935 ml
pressurized_tank_modern,ITEM,9 L pressurized fuel tank,9800 g,15677 ml
5l_methanol_tank,ITEM,5 L methanol fuel cartridge,4300 g,5250 ml
10l_methanol_tank,ITEM,10 L methanol fuel cartridge,8400 g,10500 ml
28l_methanol_tank,ITEM,28 L methanol fuel cartridge,23400 g,29500 ml
60l_methanol_tank,ITEM,60 L methanol fuel cartridge,55 kg,72 L
nailmag,ITEM,coilgun 50-round makeshift magazine,60 g,250 ml
saiga10mag,ITEM,10-round assault shotgun magazine,340 g,682 ml
saiga30mag,ITEM,20-round assault shotgun magazine,1070 g,2036 ml
shotbelt_20,ITEM,20-round shotshell belt,17 g,35 ml
shot_speedloader6,ITEM,shotgun 6-round speedloader,13 g,129 ml
shot_speedloader8,ITEM,shotgun 8-round speedloader,17 g,171 ml
srm_1216_mag_16,ITEM,16-round rotary shotgun magazine,453 g,3670 ml
m26_mass_mag_3,ITEM,M26-MASS 3-round magazine,112 g,255 ml
m26_mass_mag_5,ITEM,M26-MASS 5-round magazine,150 g,342 ml
mossberg_590m_mag_5,ITEM,magazine-fed pump shotgun 5-round magazine,445 g,770 ml
mossberg_590m_mag_10,ITEM,magazine-fed pump shotgun 10-round magazine,607 g,1147 ml
mossberg_590m_mag_15,ITEM,magazine-fed pump shotgun 15-round magazine,740 g,1487 ml
mossberg_590m_mag_20,ITEM,magazine-fed pump shotgun 20-round magazine,817 g,1810 ml
mka_1919_5,ITEM,shotgun 5-round magazine,313 g,430 ml
mka_1919_10,ITEM,shotgun 10-round magazine,476 g,696 ml
mka_1919_20,ITEM,shotgun 20-round drum magazine,1424 g,5866 ml
tinyweldtank,ITEM,tiny welding tank,500 g,1 L
smallweldtank,ITEM,small welding tank,3640 g,3 L
weldtank,ITEM,welding tank,11360 g,18 L
2h_flail_steel,ITEM,war flail,3550 g,2250 ml
2h_flail_wood,ITEM,peasant flail,1700 g,2250 ml
2h_club_kanabo_studded,ITEM,2h_club_kanabo_studded,1800 g,2700 ml
2h_club_kanabo_spiked,ITEM,2h_club_kanabo_spiked,,
bat,ITEM,baseball bat,940 g,1750 ml
goedendag_bat,ITEM,goedendag bat,,
bat_metal,ITEM,aluminum bat,765 g,1750 ml
bat_metal_bolt,ITEM,bolt studded aluminum bat,1138 g,
bat_nerf,ITEM,foam rubber bat,225 g,2250 ml
baton,ITEM,expandable baton,606 g,140 ml
baton-extended,ITEM,expandable baton (extended),,260 ml
battleaxe,ITEM,battle axe,,
battleaxe_fake,ITEM,battle axe,2068 g,
battleaxe_inferior,ITEM,battle axe,,
lc_battleaxe,ITEM,mild steel battle axe,,
mc_battleaxe,ITEM,medium steel battle axe,2202 g,2500 ml
hc_battleaxe,ITEM,high steel battle axe,,
ch_battleaxe,ITEM,hardened steel battle axe,,
qt_battleaxe,ITEM,tempered steel battle axe,,
blackjack,ITEM,blackjack,450 g,350 ml
bokken,ITEM,bokken,700 g,2 L
bokken_fake,ITEM,bokken_fake,480 g,
bokken_inferior,ITEM,bokken_inferior,580 g,
bowling_pin,ITEM,bowling pin,1530 g,2250 ml
bwirebat,ITEM,barbed wire bat,,
nutboltbat,ITEM,bolt studded bat,,
cane,ITEM,walking cane,453 g,1 L
sinister_cane,ITEM,sinister cane,91 g,
wizard_cane_cheap,ITEM,cheap wizard cane (off),195 g,
wizard_cane_cheap_on,ITEM,cheap wizard cane (on),,
wizard_cane,ITEM,wizard cane (off),500 g,
wizard_cane_on,ITEM,wizard cane (on),,
makeshift_cane,ITEM,makeshift walking cane,,
club_wooden,ITEM,wooden club,1200 g,2200 ml
club_wooden_nails,ITEM,wooden club with nails,,
club_wooden_bolted,ITEM,wooden club with bolts,,
club_wooden_large,ITEM,large wooden club,2400 g,4300 ml
club_wooden_large_nails,ITEM,large wooden club with nails,,
club_wooden_large_bolted,ITEM,large wooden club with bolts,,
crutches,ITEM,crutches,2200 g,1500 ml
makeshift_crutches,ITEM,makeshift_crutches,2200 g,1500 ml
cudgel,ITEM,cudgel,425 g,600 ml
golf_club,ITEM,golf club,300 g,1 L
hammer_sledge,ITEM,sledge hammer,4250 g,1250 ml
hammer_sledge_short,ITEM,short sledge hammer,,
hammer_sledge_engineer,ITEM,engineer's hammer,,
hammer_sledge_heavy,ITEM,heavy sledge hammer,,
hammer_sledge_crude,ITEM,homewrecker,4500 g,1450 ml
hockey_stick,ITEM,hockey stick,420 g,1750 ml
glass_macuahuitl,ITEM,glass bladed macuahuitl,2000 g,3800 ml
teeth_macuahuitl,ITEM,teeth-bladed macuahuitl,2000 g,3800 ml
aztec_sword_stone,ITEM,stone lined macuahuitl,2050 g,3800 ml
aztec_sword_scrap,ITEM,makeshift macuahuitl,2050 g,3800 ml
lc_aztec_sword,ITEM,mild steel bladed macuahuitl,3600 g,4500 ml
mc_aztec_sword,ITEM,medium steel bladed macuahuitl,,
hc_aztec_sword,ITEM,high steel bladed macuahuitl,,
ch_aztec_sword,ITEM,hardened steel bladed macuahuitl,,
qt_aztec_sword,ITEM,tempered steel bladed macuahuitl,,
i_staff,ITEM,ironshod quarterstaff,1750 g,1550 ml
lc_steel_staff,ITEM,mild steelshod quarterstaff,1750 g,1550 ml
mc_steel_staff,ITEM,medium steelshod quarterstaff,1750 g,1550 ml
hc_steel_staff,ITEM,high steelshod quarterstaff,1750 g,1550 ml
ch_steel_staff,ITEM,hardened steelshod quarterstaff,1750 g,1550 ml
qt_steel_staff,ITEM,tempered steelshod quarterstaff,1750 g,1550 ml
lucern_hammer,ITEM,lucerne hammer,3200 g,3750 ml
lucern_hammerfake,ITEM,lucerne hammer,2700 g,
crowbar_warhammer,ITEM,bec de crowbar,3200 g,3240 ml
homemade_polehammer,ITEM,homemade polehammer,1500 g,1250 ml
homemade_polehammer_makeshift,ITEM,makeshift homemade polehammer,1800 g,1650 ml
mace,ITEM,mace,1500 g,1250 ml
mace_fake,ITEM,mace,750 g,
mace_inferior,ITEM,mace,1000 g,
lc_mace,ITEM,mild steel mace,1400 g,1250 ml
mc_mace,ITEM,medium steel mace,1500 g,1250 ml
hc_mace,ITEM,high steel mace,1500 g,1250 ml
ch_mace,ITEM,hardened steel mace,1500 g,1250 ml
qt_mace,ITEM,tempered steel mace,1500 g,1250 ml
mace_simple,ITEM,simple mace,,
mace_trench,ITEM,trench mace,1000 g,1250 ml
mace_pipe,ITEM,pipe mace,1100 g,1250 ml
mace_pipe_large,ITEM,great pipe mace,2200 g,1750 ml
staff_pipe,ITEM,pipe staff,1850 g,2000 ml
mace_bronze,ITEM,bronze mace,1600 g,1250 ml
makeshift_sap,ITEM,makeshift sap,400 g,350 ml
mjolnir,ITEM,Mjölnir,5443 g,2500 ml
morningstar,ITEM,morningstar,1400 g,1500 ml
morningstar_fake,ITEM,morningstar,700 g,
morningstar_inferior,ITEM,morningstar,1000 g,
nailbat,ITEM,nail bat,,
nailboard,ITEM,nailboard,1305 g,2200 ml
pool_cue,ITEM,pool cue,510 g,1042 ml
PR24-extended,ITEM,PR-24 baton (extended),680 g,2 L
PR24-retracted,ITEM,PR-24 baton (retracted),680 g,1 L
q_staff,ITEM,quarterstaff,1099 g,1293 ml
bo,ITEM,bo,1110 g,1272 ml
rock_sock,ITEM,rock in a sock,825 g,500 ml
sharp_toothbrush,ITEM,plastic shank,49 g,250 ml
shillelagh,ITEM,shillelagh,910 g,1500 ml
shillelagh_weighted,ITEM,loaded stick,1135 g,1500 ml
shillelagh_fake,ITEM,shillelagh,850 g,1500 ml
shock_staff,ITEM,powered quarterstaff,1910 g,1800 ml
shocktonfa_off,ITEM,tactical tonfa (off),726 g,2250 ml
shocktonfa_on,ITEM,tactical tonfa (on),,
tonfa,ITEM,tonfa,575 g,2 L
tonfa_wood,ITEM,wooden tonfa,921 g,2 L
ax_sheets_welded,ITEM,welded battle axe,2212 g,2500 ml
ax_sheets_bolted,ITEM,bolted battle axe,,
warhammer,ITEM,war hammer,1220 g,1250 ml
warhammer_fake,ITEM,war hammer,750 g,
warhammer_inferior,ITEM,war hammer,1000 g,
lc_warhammer,ITEM,mild steel war hammer,,
mc_warhammer,ITEM,medium steel war hammer,,
hc_warhammer,ITEM,high steel war hammer,,
ch_warhammer,ITEM,hardened steel war hammer,,
qt_warhammer,ITEM,tempered steel war hammer,,
exodii_prybar,ITEM,breacher,4875 g,780 ml
exodii_digger,ITEM,sapper,6880 g,2000 ml
bio_claws_weapon,ITEM,bio_claws_weapon,,500 ml
bio_blade_weapon,ITEM,monomolecular blade,100 g,750 ml
bullwhip,ITEM,bullwhip,3460 g,2 L
bullwhip_razor,ITEM,scourge,3496 g,2250 ml
tazer,ITEM,stun gun,151 g,250 ml
pitchfork,ITEM,pitchfork,1000 g,1750 ml
pointy_stick,ITEM,pointy stick,900 g,1250 ml
pointy_stick_long,ITEM,long pointy stick,1551 g,2500 ml
spear_wood,ITEM,fire-hardened wooden spear,1200 g,1750 ml
spear_wood_simple,ITEM,wooden spear,,
spear_shaft_sharpened,ITEM,sharpened spear shaft,1000 g,1250 ml
makeshift_scythe_war,ITEM,makeshift war scythe,3013 g,3250 ml
makeshift_halberd,ITEM,simple makeshift glaive,1800 g,3 L
makeshift_glaive,ITEM,makeshift glaive,,
spear_spike,ITEM,spike on a stick,1600 g,1750 ml
spear_knife,ITEM,simple knife spear,,
spear_knife_superior,ITEM,makeshift knife spear,1600 g,1750 ml
spear_knife_proper,ITEM,knife spear,1500 g,1350 ml
spear_homemade_halfpike,ITEM,homemade halfpike,1600 g,1750 ml
spear_steel_crude,ITEM,crude steel spear,1500 g,1350 ml
crude_goedendag,ITEM,crude goedendag,,
spear_copper,ITEM,copper spear,1500 g,1350 ml
spear_steel,ITEM,steel spear,1500 g,1350 ml
sharpened_pipe,ITEM,sharpened pipe,585 g,365 ml
simple_spear_pipe,ITEM,basic pipe spear,1800 g,1130 ml
spear_pipe,ITEM,pipe spear,2122 g,1135 ml
simple_pike_pipe,ITEM,basic pipe pike,5 kg,4 L
pike_pipe,ITEM,pipe pike,,
pointed_rebar,ITEM,pointed rebar,1233 g,157 ml
sharp_rebar,ITEM,sharpened rebar,1100 g,150 ml
spear_rebar,ITEM,rebar spear,2600 g,450 ml
qiang,ITEM,qiang,2200 g,3 L
halberd,ITEM,halberd,3175 g,3750 ml
halberd_fake,ITEM,halberd,1644 g,
halberd_crude,ITEM,crude halberd,2930 g,2 L
bill_hook,ITEM,bill-hook,2100 g,2300 ml
glaive,ITEM,glaive,2360 g,2500 ml
naginata,ITEM,naginata,1700 g,2500 ml
naginata_inferior,ITEM,naginata_inferior,,
naginata_fake,ITEM,naginata_fake,1400 g,
naginata_machete,ITEM,naginata_machete,1840 g,2040 ml
naginata_machete_temp,ITEM,naginata_machete_temp,,
javelin,ITEM,wooden javelin,600 g,1 L
javelin_iron,ITEM,iron javelin,960 g,1 L
pike_wood,ITEM,wooden pike,2300 g,3500 ml
pike_copper,ITEM,copper pike,2500 g,3500 ml
pike_bronze,ITEM,bronze pike,2500 g,3500 ml
pike,ITEM,pike,2500 g,3500 ml
pike_fake,ITEM,pike,2000 g,
pike_inferior,ITEM,pike,,
scythe_war,ITEM,war scythe,3013 g,3250 ml
spear_dory,ITEM,dory,2200 g,3 L
string_dimension_partigiana_ixwa,ITEM,partigiana-ixwa,3200 g,400 ml
spear_bronze,ITEM,bronze spear,1500 g,1350 ml
poleaxe,ITEM,poleaxe,2200 g,3000 ml
ji,ITEM,ji,3175 g,3750 ml
spear_stone,ITEM,stone spear,1500 g,1350 ml
spear_stone_simple,ITEM,simple stone spear,1600 g,1750 ml
aztec_spear_scrap,ITEM,makeshift tepoztopili,1900 g,3 L
aztec_spear_glass,ITEM,glass bladed tepoztopili,1850 g,3 L
aztec_spear_stone,ITEM,stone bladed tepoztopili,2000 g,3 L
lc_aztec_spear,ITEM,mild steel bladed tepoztopili,2950 g,3 L
mc_aztec_spear,ITEM,medium steel bladed tepoztopili,,
hc_aztec_spear,ITEM,high steel bladed tepoztopili,,
ch_aztec_spear,ITEM,hardened steel bladed tepoztopili,,
qt_aztec_spear,ITEM,tempered steel bladed tepoztopili,,
sword_wood,ITEM,2-by-sword,1000 g,2400 ml
sword_wood_large,ITEM,zweitimber,1600 g,3200 ml
sword_nail,ITEM,nord,1010 g,2600 ml
sword_crude,ITEM,scrap sword,1044 g,2450 ml
sword_crude_large,ITEM,scrap greatsword,1700 g,3300 ml
sword_sheets_welded,ITEM,welded sword,1300 g,2 L
sword_sheets_welded_large,ITEM,welded greatsword,2800 g,3250 ml
sword_metal,ITEM,metal sword,1200 g,2 L
sword_metal_large,ITEM,metal greatsword,3300 g,3250 ml
sword_metal_fencing,ITEM,metal fencing sword,1200 g,1750 ml
switchblade,ITEM,switchblade,100 g,50 ml
knife_folding,ITEM,folding knife,80 g,40 ml
utility_knife_folding,ITEM,utility folding knife,155 g,40 ml
knife_combat_marine,ITEM,USMC bayonet,405 g,260 ml
knife_combat_army,ITEM,Bayonet,450 g,209 ml
knife_combat,ITEM,National Guard bayonet,270 g,184 ml
knife_hunting,ITEM,hunting knife,121 g,100 ml
knife_KABAR,ITEM,KA-BAR knife,320 g,255 ml
knife_rambo,ITEM,survival knife,,
lc_knife_rambo,ITEM,mild steel survival knife,,
mc_knife_rambo,ITEM,medium steel survival knife,422 g,344 ml
hc_knife_rambo,ITEM,high steel survival knife,,
ch_knife_rambo,ITEM,hardened steel survival knife,,
qt_knife_rambo,ITEM,tempered steel survival knife,,
knife_rm42,ITEM,F-S fighting knife,173 g,80 ml
knife_swissarmy,ITEM,Swiss Army knife,120 g,60 ml
knife_trench,ITEM,trench knife,,
lc_knife_trench,ITEM,mild steel trench knife,,
mc_knife_trench,ITEM,medium steel trench knife,530 g,206 ml
hc_knife_trench,ITEM,high steel trench knife,,
ch_knife_trench,ITEM,hardened steel trench knife,,
qt_knife_trench,ITEM,tempered steel trench knife,,
makeshift_knife,ITEM,makeshift knife,575 g,260 ml
glass_shiv,ITEM,glass shiv,193 g,82 ml
bone_knife,ITEM,bone shiv,169 g,188 ml
knife_baselard,ITEM,baselard,380 g,187 ml
makeshift_machete,ITEM,makeshift machete,581 g,2 L
machete,ITEM,machete,839 g,788 ml
survivor_machete_qt,ITEM,tempered steel combat machete,,
machete_gimmick,ITEM,machete multitool,386 g,276 ml
cavalry_sabre,ITEM,cavalry saber,,
lc_cavalry_sabre,ITEM,mild steel cavalry saber,910 g,
mc_cavalry_sabre,ITEM,medium steel cavalry saber,1 kg,1250 ml
hc_cavalry_sabre,ITEM,high steel cavalry saber,,
ch_cavalry_sabre,ITEM,hardened steel cavalry saber,,
qt_cavalry_sabre,ITEM,tempered steel cavalry saber,,
cavalry_sabre_fake,ITEM,cavalry saber,,
kris,ITEM,kris,558 g,750 ml
kris_fake,ITEM,kris,,
kukri,ITEM,kukri,,
lc_kukri,ITEM,mild steel kukri,,
mc_kukri,ITEM,medium steel kukri,454 g,450 ml
hc_kukri,ITEM,high steel kukri,,
ch_kukri,ITEM,hardened steel kukri,,
qt_kukri,ITEM,tempered steel kukri,,
jian,ITEM,jian,,
lc_jian,ITEM,lc_jian,,
mc_jian,ITEM,mc_jian,890 g,2 L
hc_jian,ITEM,hc_jian,,
ch_jian,ITEM,ch_jian,,
qt_jian,ITEM,qt_jian,,
jian_inferior,ITEM,jian_inferior,,
jian_fake,ITEM,jian_fake,,
scimitar,ITEM,shamshir,,
lc_scimitar,ITEM,mild steel shamshir,,
mc_scimitar,ITEM,medium steel shamshir,1223 g,2 L
hc_scimitar,ITEM,high steel shamshir,,
ch_scimitar,ITEM,hardened steel shamshir,,
qt_scimitar,ITEM,tempered steel shamshir,,
scimitar_inferior,ITEM,shamshir,,
scimitar_fake,ITEM,shamshir,,
estoc,ITEM,estoc,,
lc_estoc,ITEM,mild steel estoc,,
mc_estoc,ITEM,medium steel estoc,1994 g,2750 ml
hc_estoc,ITEM,high steel estoc,,
ch_estoc,ITEM,hardened steel estoc,,
qt_estoc,ITEM,tempered steel estoc,,
estoc_inferior,ITEM,estoc,,
estoc_fake,ITEM,estoc,,
longsword,ITEM,longsword,,
lc_longsword,ITEM,mild steel longsword,,
mc_longsword,ITEM,medium steel longsword,1904 g,2750 ml
hc_longsword,ITEM,high steel longsword,,
ch_longsword,ITEM,hardened steel longsword,,
qt_longsword,ITEM,tempered steel longsword,,
longsword_inferior,ITEM,longsword,,
longsword_fake,ITEM,longsword,,
arming_sword,ITEM,arming sword,,
lc_arming_sword,ITEM,mild steel arming sword,,
mc_arming_sword,ITEM,medium steel arming sword,1450 g,2 L
hc_arming_sword,ITEM,high steel arming sword,,
ch_arming_sword,ITEM,hardened steel arming sword,,
qt_arming_sword,ITEM,tempered steel arming sword,,
arming_sword_inferior,ITEM,arming sword,,
arming_sword_fake,ITEM,arming sword,,
sword_xiphos,ITEM,xiphos,800 g,2 L
khopesh,ITEM,bronze khopesh,750 g,1750 ml
khopesh_inferior,ITEM,bronze khopesh,,
khopesh_fake,ITEM,bronze khopesh,,
mc_khopesh,ITEM,medium steel khopesh,670 g,1750 ml
iron_khopesh,ITEM,khopesh,,
iron_khopesh_inferior,ITEM,khopesh,,
iron_khopesh_fake,ITEM,khopesh,,
lc_khopesh,ITEM,mild steel khopesh,,
hc_khopesh,ITEM,high steel khopesh,,
ch_khopesh,ITEM,hardened steel khopesh,,
qt_khopesh,ITEM,tempered steel khopesh,,
dao,ITEM,dao,850 g,1750 ml
sword_bronze,ITEM,bronze sword,800 g,2 L
sword_bayonet,ITEM,sword bayonet,923 g,293 ml
tanto,ITEM,tanto,558 g,272 ml
tanto_inferior,ITEM,tanto_inferior,,
tanto_fake,ITEM,tanto_fake,,
wakizashi,ITEM,wakizashi,,
lc_wakizashi,ITEM,lc_wakizashi,,
mc_wakizashi,ITEM,mc_wakizashi,925 g,1500 ml
hc_wakizashi,ITEM,hc_wakizashi,,
ch_wakizashi,ITEM,ch_wakizashi,,
qt_wakizashi,ITEM,qt_wakizashi,,
wakizashi_inferior,ITEM,wakizashi_inferior,,
wakizashi_fake,ITEM,wakizashi_fake,,
zweihander,ITEM,zweihänder,,
lc_zweihander,ITEM,mild steel zweihänder,,
mc_zweihander,ITEM,medium steel zweihänder,3356 g,3250 ml
hc_zweihander,ITEM,high steel zweihänder,,
ch_zweihander,ITEM,hardened steel zweihänder,,
qt_zweihander,ITEM,tempered steel zweihänder,,
zweihander_inferior,ITEM,zweihänder,,
zweihander_fake,ITEM,zweihänder,,
karambit,ITEM,karambit,142 g,95 ml
kirpan,ITEM,kirpan,374 g,113 ml
kirpan_cheap,ITEM,kirpan,,
nodachi,ITEM,nodachi,,
lc_nodachi,ITEM,lc_nodachi,,
mc_nodachi,ITEM,mc_nodachi,3002 g,3250 ml
hc_nodachi,ITEM,hc_nodachi,,
ch_nodachi,ITEM,ch_nodachi,,
qt_nodachi,ITEM,qt_nodachi,,
nodachi_inferior,ITEM,nodachi_inferior,,
nodachi_fake,ITEM,nodachi_fake,,
fencing_foil,ITEM,fencing foil,450 g,1250 ml
fencing_foil_sharpened,ITEM,sharpened foil,,
shock_foil,ITEM,electrified foil,,
fencing_epee,ITEM,fencing épée,650 g,1250 ml
fencing_epee_sharpened,ITEM,sharpened épée,,
shock_epee,ITEM,electrified épée,,
fencing_sabre,ITEM,fencing saber,400 g,1250 ml
fencing_sabre_sharpened,ITEM,sharpened saber,,
shock_sabre,ITEM,electrified saber,,
hollow_cane,ITEM,hollow cane,200 g,1532 ml
sword_cane,ITEM,sword cane,650 g,1200 ml
broadsword,ITEM,broadsword,,
lc_broadsword,ITEM,mild steel broadsword,,
mc_broadsword,ITEM,medium steel broadsword,1223 g,1750 ml
hc_broadsword,ITEM,high steel broadsword,,
ch_broadsword,ITEM,hardened steel broadsword,,
qt_broadsword,ITEM,tempered steel broadsword,,
broadsword_inferior,ITEM,broadsword,,
broadsword_fake,ITEM,broadsword,,
rapier,ITEM,rapier,,
lc_rapier,ITEM,mild steel rapier,,
mc_rapier,ITEM,medium steel rapier,1090 g,1500 ml
hc_rapier,ITEM,high steel rapier,,
ch_rapier,ITEM,hardened steel rapier,,
qt_rapier,ITEM,tempered steel rapier,,
rapier_fake,ITEM,rapier,,
katana,ITEM,katana,,
lc_katana,ITEM,lc_katana,,
mc_katana,ITEM,mc_katana,1313 g,2 L
hc_katana,ITEM,hc_katana,,
ch_katana,ITEM,ch_katana,,
qt_katana,ITEM,qt_katana,,
katana_inferior,ITEM,katana_inferior,,
katana_fake,ITEM,katana_fake,,
jade_nagamaki,ITEM,jade_nagamaki,3258 g,3250 ml
butterfly_swords,ITEM,butterfly sword,883 g,750 ml
cutlass,ITEM,cutlass,,
lc_cutlass,ITEM,mild steel cutlass,,
mc_cutlass,ITEM,medium steel cutlass,1045 g,1250 ml
hc_cutlass,ITEM,high steel cutlass,,
ch_cutlass,ITEM,hardened steel cutlass,,
qt_cutlass,ITEM,tempered steel cutlass,,
cutlass_inferior,ITEM,cutlass,,
cutlass_fake,ITEM,cutlass,,
kriegsmesser,ITEM,kriegsmesser,,
lc_kriegsmesser,ITEM,mild steel kriegsmesser,,
mc_kriegsmesser,ITEM,medium steel kriegsmesser,1690 g,2750 ml
hc_kriegsmesser,ITEM,high steel kriegsmesser,,
ch_kriegsmesser,ITEM,hardened steel kriegsmesser,,
qt_kriegsmesser,ITEM,tempered steel kriegsmesser,,
falx,ITEM,falx,,
lc_falx,ITEM,mild steel falx,,
mc_falx,ITEM,medium steel falx,1540 g,2 L
hc_falx,ITEM,high steel falx,,
ch_falx,ITEM,hardened steel falx,,
qt_falx,ITEM,tempered steel falx,,
lajatang,ITEM,lajatang,2500 g,6500 ml
punch_dagger,ITEM,punch dagger,224 g,51 ml
knuckle_katar,ITEM,razorbar katar,1150 g,500 ml
bagh_nakha,ITEM,bagh_nakha,92 g,11 ml
enfield_bayonet,ITEM,Enfield No. 4 bayonet,500 g,300 ml
arisaka_bayonet,ITEM,Type 30 bayonet,700 g,380 ml
lc_talwar,ITEM,mild steel talwar,,
mc_talwar,ITEM,medium steel talwar,1450 g,1250 ml
hc_talwar,ITEM,high steel talwar,,
ch_talwar,ITEM,hardened steel talwar,,
qt_talwar,ITEM,tempered steel talwar,,
lc_kilij,ITEM,mild steel kilij,,
mc_kilij,ITEM,medium steel kilij,2200 g,1250 ml
hc_kilij,ITEM,high steel kilij,,
ch_kilij,ITEM,hardened steel kilij,,
qt_kilij,ITEM,tempered steel kilij,,
cestus,ITEM,cestus,300 g,100 ml
xl_cestus,ITEM,cestus,,
xs_cestus,ITEM,cestus,,
knuckle_brass,ITEM,knuckle_brass,320 g,250 ml
xl_knuckle_brass,ITEM,xl_knuckle_brass,,
xs_knuckle_brass,ITEM,xs_knuckle_brass,,
knuckle_nail,ITEM,knuckle_nail,200 g,250 ml
xl_knuckle_nail,ITEM,xl_knuckle_nail,,
xs_knuckle_nail,ITEM,xs_knuckle_nail,,
knuckle_steel,ITEM,knuckle_steel,430 g,250 ml
xl_knuckle_steel,ITEM,xl_knuckle_steel,,
xs_knuckle_steel,ITEM,xs_knuckle_steel,,
knuckle_steel_forged,ITEM,knuckle_steel_forged,240 g,250 ml
xl_knuckle_steel_forged,ITEM,xl_knuckle_steel_forged,,
xs_knuckle_steel_forged,ITEM,xs_knuckle_steel_forged,,
gloves_studded,ITEM,gloves_studded,218 g,250 ml
xl_gloves_studded,ITEM,xl_gloves_studded,,
xs_gloves_studded,ITEM,xs_gloves_studded,,
knuckle_impact,ITEM,knuckle_impact,500 g,300 ml
xl_knuckle_impact,ITEM,xl_knuckle_impact,,
xs_knuckle_impact,ITEM,xs_knuckle_impact,,
knuckle_skewer,ITEM,knuckle_skewer,250 g,300 ml
xl_knuckle_skewer,ITEM,xl_knuckle_skewer,,
xs_knuckle_skewer,ITEM,xs_knuckle_skewer,,
bone_dart,ITEM,bone dart,250 g,
broken_stiltwalker_1_1,ITEM,broken stiltwalker,317 kg,100 L
arrow_fire_hardened_fletched,ITEM,crude wooden arrow,,
arrow_field_point_fletched,ITEM,wooden bodkin arrow,32 g,90 ml
arrow_plastic,ITEM,wooden rubber blunt arrow,,
arrow_small_game_fletched,ITEM,simple wooden small game arrow,,
arrow_wood,ITEM,wooden broadhead arrow,,
arrow_heavy_fire_hardened_fletched,ITEM,simple wooden arrow,,
arrow_heavy_field_point_fletched,ITEM,wooden small game arrow,,
arrow_wood_heavy,ITEM,makeshift wooden arrow,,
arrow_metal_sharpened_fletched,ITEM,makeshift metal arrow,,
arrow_metal,ITEM,aluminum broadhead arrow,,
arrow_metal_bodkin,ITEM,aluminum field point arrow,,
arrow_metal_target,ITEM,aluminum small game arrow,,
arrow_cf,ITEM,carbon fiber hunting arrow,,
arrow_meteor,ITEM,emerald arrow,27 kg,100 ml
flamable_arrow,ITEM,flammable arrow,75 g,100 ml
arrow_flamming,ITEM,flaming arrow,,
selfbow,ITEM,survival bow,1360 g,2500 ml
shortbow,ITEM,short bow,340 g,1500 ml
compbow,ITEM,compound hunting bow,907 g,1500 ml
compbow_high,ITEM,compound hunting bow (high),,
compbow_low,ITEM,compound hunting bow (low),,
compositebow,ITEM,composite bow (heavy),400 g,1750 ml
reflexbow,ITEM,composite bow (light),400 g,1500 ml
recurbow,ITEM,modern recurve bow,540 g,2500 ml
takedown_recurbow,ITEM,takedown recurve bow,540 g,2500 ml
takedown_recurbow_folded,ITEM,takedown recurve bow (folded),540 g,2500 ml
longbow,ITEM,longbow,680 g,3500 ml
woodgreatbow,ITEM,wooden greatbow,3200 g,6250 ml
greatbow_meteor,ITEM,blackwood greatbow,22 kg,6250 ml
compgreatbow,ITEM,compound greatbow,2000 g,4 L
reflexrecurvebow,ITEM,Olympic style target bow,450 g,2 L
atlatl,ITEM,atlatl,1200 g,2100 ml
steel_atlatl_spear,ITEM,steel tipped atlatl spear,280 g,600 ml
bronze_atlatl_spear,ITEM,bronze tipped atlatl spear,280 g,600 ml
wood_atlatl_spear,ITEM,wooden atlatl spear,230 g,580 ml
ballista,ITEM,carroballista,37000 g,24000 ml
bolt_ballista_steel,ITEM,ballista bolt,200 g,450 ml
bolt_crude,ITEM,crude wooden bolt,,
bolt_simple_wood,ITEM,simple wooden bolt,,
bolt_simple_small_game,ITEM,simple wooden small game bolt,,
bolt_makeshift,ITEM,makeshift wooden bolt,,
bolt_wood,ITEM,wooden broadhead bolt,,
bolt_wood_bodkin,ITEM,wooden bodkin bolt,27 g,85 ml
bolt_wood_small_game,ITEM,wooden small game bolt,,
bolt_metal,ITEM,simple metal bolt,,
bolt_steel,ITEM,aluminum broadhead bolt,,
bolt_steel_bodkin,ITEM,aluminum field point bolt,,
bolt_steel_target,ITEM,aluminum small game bolt,,
bolt_cf,ITEM,carbon fiber hunting bolt,,
bullet_crossbow,ITEM,bullet crossbow,1906 g,1250 ml
hand_crossbow,ITEM,pistol crossbow,900 g,500 ml
crossbow,ITEM,wood crossbow,2728 g,6450 ml
compositecrossbow,ITEM,composite crossbow,3500 g,1750 ml
compcrossbow,ITEM,compound crossbow,3000 g,1750 ml
huge_crossbow,ITEM,heavy crossbow,6803 g,5 L
rep_crossbow,ITEM,repeating crossbow,3628 g,2500 ml
LAW,ITEM,disposable rocket launcher,700 g,2500 ml
surv_rocket_launcher,ITEM,crude rocket launcher,7430 g,5 L
watercannon,ITEM,water cannon,24500 g,12500 ml
bbgun,ITEM,BB gun,1000 g,1500 ml
varmint_airgun,ITEM,varmint air rifle,3243 g,1500 ml
sling,ITEM,sling,96 g,80 ml
slingshot,ITEM,slingshot,254 g,250 ml
staff_sling,ITEM,staff sling,1333 g,1375 ml
wristrocket,ITEM,brace slingshot,322 g,500 ml
sling_long,ITEM,long sling,90 g,100 ml
fishspear,ITEM,wooden fishing spear,18 g,250 ml
c_fishspear,ITEM,carbon fiber fishing spear,12 g,250 ml
m_fishspear,ITEM,metal fishing spear,28 g,250 ml
airspeargun,ITEM,pneumatic speargun,2130 g,3982 ml
doublespeargun,ITEM,double roller speargun,3060 g,2 L
long_speargun,ITEM,long speargun,850 g,3777 ml
speargun,ITEM,speargun,840 g,3983 ml
bolas,ITEM,bolas,400 g,750 ml
disc_golf,ITEM,disc,170 g,250 ml
frisbee,ITEM,frisbee,175 g,500 ml
net,ITEM,net,1100 g,1500 ml
lawn_dart,ITEM,lawn dart,175 g,500 ml
weighted_dart,ITEM,weighted dart,300 g,500 ml
throwing_axe,ITEM,throwing axe,1000 g,3058 ml
throwing_knife,ITEM,throwing knife,200 g,56 ml
throwing_stick,ITEM,throwing stick,574 g,500 ml
javelin_fletched,ITEM,iron war dart,600 g,800 ml
javelin_fletched_bronze,ITEM,bronze war dart,600 g,800 ml
nether_huntsman_javelin,ITEM,huntsman outgrowth,1200 g,1400 ml
yrax_delta_laser_gun,ITEM,deterrent laser weapon,,3 L
yrax_metaljet_cannon,ITEM,ferro-hydraulic cannon,19770 g,8300 ml
altered_exposed_wiring_prototype,ITEM,exposed-wiring prototype,32 g,26 ml
altered_phone,ITEM,Bakelite phone,725 g,750 ml
altered_comb,ITEM,golden comb,650 g,40 ml
altered_keyring,ITEM,shifting keyring,2000 g,750 ml
altered_rubicks_cube,ITEM,engraved cube,510 g,185 ml
altered_teapot,ITEM,Utah teapot,,
altered_stopwatch,ITEM,glitching stopwatch,165 g,165 ml
altered_shirt,ITEM,Hawaiian shirt,,
altered_badge,ITEM,defaced badge,,
altered_sunglasses,ITEM,altered_sunglasses,,
altered_scissors,ITEM,altered_scissors,,
altered_necklace,ITEM,antique silver locket,,
altered_jacket,ITEM,varsity jacket,,
altered_apron,ITEM,ambiguous apron,,
mp3_reverberation,ITEM,red mp3 player (off),,
mp3_on_reverberation,ITEM,red mp3 player (on),,
inert_glowing_string,ITEM,glowing string,10 g,20 ml
string_dimension_hypercube,ITEM,transparent hypercube,0 g,500 ml
higlands_teleport,ITEM,landscape miniature,,
highland_medallion,ITEM,gold medallion,50 g,25 ml
highland_yellow_incense,ITEM,yellow incense,10 g,10 ml
highland_red_incense,ITEM,red incense,10 g,10 ml
highland_purple_incense,ITEM,purple incense,10 g,10 ml
EOC_ARTIFACT_BURN_INCENSE,effect_on_condition,EOC_ARTIFACT_BURN_INCENSE,,
EOC_YELLOW_INCENSE,effect_on_condition,EOC_YELLOW_INCENSE,,
EOC_RED_INCENSE,effect_on_condition,EOC_RED_INCENSE,,
EOC_PURPLE_INCENSE,effect_on_condition,EOC_PURPLE_INCENSE,,
highland_censer,ITEM,censer,1720 g,1 L
coin_highlands,ITEM,silver obol,,
highland_shroud,ITEM,burial shroud,,
monolith_disc,ITEM,inscribed disc,5320 g,190 ml
monolith_brick,ITEM,warped brick,28 kg,1 L
resin_chunk,ITEM,alien resin chunk,70 g,22 ml
alien_pod_resin,ITEM,alien resin pod,70000 g,22000 ml
alien_fern,ITEM,alien fern branch,80 g,5 L
exodii_chassis,ITEM,exodii_chassis,500 kg,700 L
exodii_drone_chassis,ITEM,exodii_drone_chassis,40 kg,150 L
cyborg_matrix,ITEM,cybernetic neural matrix,20 kg,10 L
exodii_computer,ITEM,unfamiliar electronic thingy,10 kg,10 L
exodii_module,ITEM,exodii_module,1 kg,1 L
exodii_micro_computer,ITEM,small unfamiliar electronic thingy,100 g,250 ml
exodii_micro_module,ITEM,exodii_micro_module,50 g,100 ml
exodii_sensor,ITEM,cybernetic sensor,5 kg,3 L
exodii_motor,ITEM,rotary device,2 kg,500 ml
exodii_scanner_dish,ITEM,engraved parabolic dish,5 kg,1000 ml
exodii_portalizer,ITEM,oblong device,2 kg,1500 ml
exodii_ingot_aluminum,ITEM,enormous aluminum ingot,2160 kg,800 L
exodii_ingot_plastic,ITEM,enormous plastic block,800 kg,800 L
exodii_ingot_lc_steel,ITEM,enormous steel ingot,6400 kg,800 L
exodii_ingot_tin,ITEM,enormous tin ingot,5480 kg,800 L
exodii_ingot_copper,ITEM,enormous copper ingot,7150 kg,800 L
exodii_ingot_zinc,ITEM,enormous zinc ingot,5680 kg,800 L
exodii_ingot_lead,ITEM,enormous lead ingot,9000 kg,800 L
exodii_wire_kit,ITEM,CBM interface wire kit,250 g,1 L
exodii_ac_kit,ITEM,external climate control kit,500 g,1 L
yrax_electronics,ITEM,yrax_electronics,300 g,1 L
yrax_metal,ITEM,yrax_metal,1 kg,1 L
yrax_scrap,ITEM,yrax_scrap,150 g,100 ml
yrax_computer,ITEM,yrax_computer,14 kg,1 L
yrax_robotics,ITEM,yrax_robotics,3 kg,2 L
yrax_sensor,ITEM,yrax_sensor,1 kg,2 L
nether_huntsman_spike,ITEM,undergrown alien spike,400 g,700 ml
nether_huntsman_armorpiece_small,ITEM,alien armor fragment,140 g,200 ml
nether_huntsman_armorpiece_big,ITEM,alien armor plate,2800 g,4 L
nether_huntsman_statuette,ITEM,strange statuette,340 g,250 ml
ephemeral_gem,ITEM,ephemeral gemstone,1 g,10 ml
yrax_trinket,ITEM,tiny golden plate,385 g,20 ml
string_dimension_computer,ITEM,otherworldly box,40 kg,10 L
oven_stovetop,ITEM,dismantled stovetop,5 kg,20 L
oven_cabinet,ITEM,stripped oven cabinet,25 kg,250 L
oven_controls,ITEM,oven control panel,1 kg,2 L
oven_door,ITEM,oven door,10 kg,20 L
oven_broiler_pan,ITEM,broiler pan,5 kg,20 L
bone,ITEM,bone,290 g,320 ml
large_bone,ITEM,large bone,17700 g,19550 ml
bone_tainted,ITEM,tainted bone,,
bone_human,ITEM,human bone,,
bone_demihuman,ITEM,demihuman bone,,
meal_bone,ITEM,meal_bone,60 g,125 ml
meal_bone_tainted,ITEM,meal_bone_tainted,,
skewer_bone,ITEM,bone skewer,10 g,25 ml
skull_human,ITEM,human skull,,
skull_human_tainted,ITEM,tainted human skull,,
skull_canis_small,ITEM,tiny canine skull,35 g,270 ml
skull_canis_medium,ITEM,small canine skull,65 g,500 ml
skull_canis,ITEM,large canine skull,500 g,4 L
skull_canis_triclopean,ITEM,triclopean canine skull,,
skull_feline_small,ITEM,small feline skull,40 g,300 ml
skull_feline_medium,ITEM,medium feline skull,65 g,500 ml
skull_cougar,ITEM,cougar skull,450 g,3 L
skull_raccoon,ITEM,raccoon skull,75 g,575 ml
skull_bear,ITEM,bear skull,1500 g,10500 ml
skull_opossum,ITEM,opossum skull,45 g,275 ml
skull_skunk,ITEM,skunk skull,56 g,300 ml
skull_rodent,ITEM,rodent skull,3 g,20 ml
skull_rabbit,ITEM,rabbit skull,90 g,450 ml
skull_beaver,ITEM,beaver skull,280 g,2 L
skull_beaver_huge,ITEM,dambreaker skull,,
skull_pig,ITEM,pig skull,650 g,6 L
skull_sheep,ITEM,sheep skull,500 g,4 L
skull_goat,ITEM,goat skull,800 g,4500 ml
skull_bovine,ITEM,cow skull,10 kg,58500 ml
skull_equine,ITEM,horse skull,10 kg,45 L
skull_cervine,ITEM,deer skull,2500 g,78 L
skull_cervine_spideer,ITEM,deer skull,2250 g,72 L
skull_moose,ITEM,moose skull,12 kg,85 L
skull_moose_tusked,ITEM,tusked moose skull,20 kg,125 L
skull_llama,ITEM,llama skull,800 g,8850 ml
chem_potassium_alum,ITEM,chem_potassium_alum,1725 mg,250 ml
dye_powder,ITEM,dye_powder,1540 mg,250 ml
chem_calcium_chloride,ITEM,chem_calcium_chloride,2150 mg,250 ml
chem_washing_soda,ITEM,chem_washing_soda,2540 mg,250 ml
chem_baking_soda,ITEM,chem_baking_soda,2200 mg,250 ml
mercury,ITEM,mercury,13534 mg,250 ml
chem_mercury_fulminate,ITEM,chem_mercury_fulminate,442 mg,250 ml
chem_sodium,ITEM,chem_sodium,968 mg,250 ml
chem_potassium,ITEM,chem_potassium,860 mg,250 ml
chem_lead_azide,ITEM,chem_lead_azide,471 mg,250 ml
abstract_hair_dye,ITEM,abstract_hair_dye,250 g,250 ml
hair_dye_black,ITEM,hair_dye_black,,
hair_dye_blond,ITEM,hair_dye_blond,,
hair_dye_blue,ITEM,hair_dye_blue,,
hair_dye_brown,ITEM,hair_dye_brown,,
hair_dye_gray,ITEM,hair_dye_gray,,
hair_dye_green,ITEM,hair_dye_green,,
hair_dye_red,ITEM,hair_dye_red,,
hair_dye_pink,ITEM,hair_dye_pink,,
hair_dye_white,ITEM,hair_dye_white,,
buckle_steel,ITEM,steel buckle,24 g,10 ml
button_plastic,ITEM,button,1 g,20 ml
snapfastener_steel,ITEM,steel snap fastener,,
touch_fastener,ITEM,touch fastener,1 g,2 ml
zipper_long_plastic,ITEM,long plastic zipper,,
zipper_short_plastic,ITEM,short plastic zipper,3 g,4 ml
glass_shard,ITEM,glass shard,75 g,30 ml
glass_sheet,ITEM,sheet of glass,6577 g,2655 ml
reinforced_glass_sheet,ITEM,sheet of reinforced glass,45900 g,21200 ml
reinforced_glass_pane,ITEM,pane of reinforced glass,11475 g,5300 ml
tempered_glass_sheet,ITEM,sheet of tempered glass,17514 g,7070 ml
paint_red,ITEM,paint_red,325 g,3750 ml
paint_blue,ITEM,paint_blue,,
paint_white,ITEM,paint_white,,
paint_green,ITEM,paint_green,,
paint_purple,ITEM,paint_purple,,
paint_yellow,ITEM,paint_yellow,,
paint_black,ITEM,paint_black,,
paint_orange,ITEM,paint_orange,,
paint_pink,ITEM,paint_pink,,
paint_gray,ITEM,paint_gray,,
paint_brown,ITEM,paint_brown,,
paint_cyan,ITEM,paint_cyan,,
r_carpet,ITEM,red carpet,3750 g,7500 ml
g_carpet,ITEM,green carpet,3750 g,7500 ml
y_carpet,ITEM,yellow carpet,3750 g,7500 ml
p_carpet,ITEM,purple carpet,3750 g,7500 ml
peephole,ITEM,peephole,5 g,250 ml
screen_mesh,ITEM,mesh screen,25 g,1000 ml
pipe_cpvc,ITEM,PVC pipe,327 g,1750 ml
pipe,ITEM,pipe,600 g,370 ml
scrap,ITEM,scrap,50 g,250 ml
spike,ITEM,spike,550 g,250 ml
cu_pipe,ITEM,copper tubing,345 g,370 ml
material_aluminium_ingot,ITEM,chunk of aluminum,250 g,100 ml
bismuth,ITEM,bismuth,2 g,50 ml
gold_small,ITEM,gold_small,5 g,57 ml
platinum_small,ITEM,platinum_small,5 g,52 ml
zinc_metal,ITEM,zinc_metal,1785 mg,50 ml
scrap_brass,ITEM,chunk of brass,300 g,38 ml
lead,ITEM,lead,5 g,97 ml
magnesium,ITEM,magnesium,1120 mg,250 ml
silver_small,ITEM,silver_small,5 g,105 ml
sheet_metal_small,ITEM,small mild steel sheet,250 g,250 ml
mc_sheet_metal_small,ITEM,small medium steel sheet,,
hc_sheet_metal_small,ITEM,small high steel sheet,,
ch_sheet_metal_small,ITEM,small hardened steel sheet,,
qt_sheet_metal_small,ITEM,small tempered steel sheet,,
steel_chunk,ITEM,chunk of steel,250 g,250 ml
steel_lump,ITEM,lump of steel,1000 g,250 ml
lc_steel_lump,ITEM,lump of mild steel,,
mc_steel_lump,ITEM,lump of medium steel,,
hc_steel_lump,ITEM,lump of high steel,,
ch_steel_lump,ITEM,lump of hardened steel,,
qt_steel_lump,ITEM,lump of tempered steel,,
hinge,ITEM,hinge,267 g,151 ml
scrap_copper,ITEM,chunk of copper,250 g,30 ml
scrap_tin,ITEM,scrap_tin,50 g,8 ml
tin,ITEM,tin,2 g,50 ml
solder_wire,ITEM,solder_wire,2 g,50 ml
copper_rod,ITEM,copper rod,863 g,100 ml
fanblade_metal,ITEM,metal fan blade assembly,150 g,2 L
heavy_wire_rack,ITEM,heavy wire rack,600 g,5 L
lc_steel_chunk,ITEM,chunk of mild steel,,
mc_steel_chunk,ITEM,chunk of medium steel,,
hc_steel_chunk,ITEM,chunk of high steel,,
ch_steel_chunk,ITEM,chunk of hardened steel,,
qt_steel_chunk,ITEM,chunk of tempered steel,,
1l_aluminum,ITEM,1L aluminum ingot,2700 g,1 L
5l_aluminum,ITEM,5 L aluminum ingot,13500 g,5 L
10l_aluminum,ITEM,10 L aluminum ingot,27000 g,10 L
1l_brass,ITEM,1L brass ingot,8730 g,1 L
5l_brass,ITEM,5 L brass ingot,43650 g,5 L
10l_brass,ITEM,10 L brass ingot,87300 g,10 L
1l_bronze,ITEM,1L bronze ingot,7690 g,1 L
5l_bronze,ITEM,5 L bronze ingot,38450 g,5 L
10l_bronze,ITEM,10 L bronze ingot,88 kg,10 L
1l_copper,ITEM,1L copper ingot,8960 g,1 L
5l_copper,ITEM,5 L copper ingot,44800 g,5 L
10l_copper,ITEM,10 L copper ingot,89600 g,10 L
10l_tin,ITEM,10 L tin ingot,72650 g,10 L
5l_tin,ITEM,5 L tin ingot,36325 g,5 L
1l_tin,ITEM,1 L tin ingot,7265 g,1 L
10l_zinc,ITEM,10 L zinc ingot,71 kg,10 L
5l_zinc,ITEM,5 L zinc ingot,35500 g,5 L
1l_zinc,ITEM,1L zinc ingot,7100 g,1 L
1l_gold,ITEM,1 L gold ingot,19320 g,1 L
5l_gold,ITEM,5 L gold ingot,96600 g,5 L
10l_gold,ITEM,10 L gold ingot,193200 g,10 L
5l_iron,ITEM,5 L cast iron ingot,36500 g,5 L
10l_iron,ITEM,10 L cast iron ingot,73000 g,10 L
1l_lead,ITEM,1 L lead ingot,11342 g,1 L
5l_lead,ITEM,5 L lead ingot,56710 g,5 L
10l_lead,ITEM,10 L lead ingot,113400 g,10 L
1l_platinum,ITEM,1 L platinum ingot,21450 g,1 L
5l_platinum,ITEM,5 L platinum ingot,107250 g,5 L
10l_platinum,ITEM,10 L platinum ingot,214500 g,10 L
1l_silver,ITEM,1 L silver ingot,10490 g,1 L
5l_silver,ITEM,5 L silver ingot,52450 g,5 L
10l_silver,ITEM,10 L silver ingot,104900 g,10 L
5l_steel,ITEM,5 L steel ingot,39295 g,5 L
10l_steel,ITEM,10 L steel ingot,78590 g,10 L
5l_budget_steel,ITEM,5 L budget steel ingot,,
10l_budget_steel,ITEM,10 L budget steel ingot,,
5l_lc_steel,ITEM,5 L mild steel ingot,,
10l_lc_steel,ITEM,10 L mild steel ingot,,
5l_mc_steel,ITEM,5 L medium steel ingot,,
10l_mc_steel,ITEM,10 L medium steel ingot,,
5l_hc_steel,ITEM,5 L high steel ingot,,
10l_hc_steel,ITEM,10 L high steel ingot,,
budget_steel_chunk,ITEM,chunk of budget steel,,
budget_steel_lump,ITEM,lump of budget steel,,
slag,ITEM,slag,10 g,25 ml
railroad_track_item,ITEM,length of railroad track,59826 g,7670 ml
railroad_track_item_half,ITEM,half-meter length of railroad track,29913 g,3835 ml
scrap_aluminum,ITEM,scrap_aluminum,50 g,20 ml
sheet_aluminum_small,ITEM,small aluminum sheet,85 g,32 ml
sheet_aluminum,ITEM,sheet_aluminum,1984 g,735 ml
scrap_cast_iron,ITEM,scrap_cast_iron,50 g,8 ml
chunk_cast_iron,ITEM,chunk_cast_iron,250 g,40 ml
lump_cast_iron,ITEM,lump_cast_iron,1 kg,158 ml
aluminum_bar_round,ITEM,aluminum_bar_round,253800 mg,94 ml
small_aluminum_bar_round,ITEM,small_aluminum_bar_round,94500 mg,35 ml
steel_bar_round,ITEM,steel_bar_round,752 g,94 ml
lc_steel_bar_round,ITEM,lc_steel_bar_round,,
mc_steel_bar_round,ITEM,mc_steel_bar_round,,
hc_steel_bar_round,ITEM,hc_steel_bar_round,,
small_steel_bar_round,ITEM,small_steel_bar_round,280 g,35 ml
small_lc_steel_bar_round,ITEM,small_lc_steel_bar_round,,
small_mc_steel_bar_round,ITEM,small_mc_steel_bar_round,,
small_hc_steel_bar_round,ITEM,small_hc_steel_bar_round,,
aluminum_bar_flat,ITEM,aluminum_bar_flat,675 g,250 ml
small_aluminum_bar_flat,ITEM,small_aluminum_bar_flat,121500 mg,122 ml
steel_bar_flat,ITEM,steel_bar_flat,2 kg,250 ml
small_steel_bar_flat,ITEM,small_steel_bar_flat,360 g,45 ml
hc_steel_bar_flat,ITEM,hc_steel_bar_flat,,
mc_steel_bar_flat,ITEM,mc_steel_bar_flat,,
lc_steel_bar_flat,ITEM,lc_steel_bar_flat,,
small_hc_steel_bar_flat,ITEM,small_hc_steel_bar_flat,,
small_mc_steel_bar_flat,ITEM,small_mc_steel_bar_flat,,
small_lc_steel_bar_flat,ITEM,small_lc_steel_bar_flat,,
bee_sting,ITEM,bee stinger,540 g,250 ml
broom,ITEM,broom,929 g,1250 ml
ceramic_shard,ITEM,ceramic shard,150 g,50 ml
fighter_sting,ITEM,fungal fighter stinger,270 g,250 ml
incendiary,ITEM,incendiary,2 g,500 ml
mattress,ITEM,mattress,20000 g,300000 ml
down_mattress,ITEM,down mattress,6 kg,300000 ml
fuse,ITEM,fuse,6 g,80 ml
sharp_rock,ITEM,sharp rock,500 g,250 ml
sole_rubber,ITEM,rubber sole,140 g,500 ml
rubber_tire_chunk,ITEM,thick rubber chunk,600 g,1 L
rubber_tire_strip,ITEM,rubber tire strip,3000 g,5 L
ugl_buttstock,ITEM,grenade launcher buttstock,600 g,250 ml
wasp_sting,ITEM,wasp stinger,540 g,250 ml
cannonball_4lb,ITEM,cannonball,1814 g,200 ml
radio_car_wheel,ITEM,RC car wheel set,260 g,480 ml
armor_star_samurai_helmet_destroyed,ITEM,armor_star_samurai_helmet_destroyed,150 kg,4000 ml
wax_paraffin,ITEM,chunk of paraffin wax,215 g,250 ml
thermo_resin_chunk,ITEM,thermoplastic resin chunk,50 g,100 ml
epoxy_chunk,ITEM,epoxy chunk,50 g,100 ml
polycarbonate_chunk,ITEM,polycarbonate chunk,50 g,100 ml
10l_plastic,ITEM,10 L plastic block,10 kg,10 L
5l_plastic,ITEM,5 L plastic block,5 kg,5 L
plastic_chunk,ITEM,plastic chunk,50 g,95 ml
nylon,ITEM,synthetic fabric patch,5750 mg,5 ml
lycra_patch,ITEM,Lycra patch,4 g,15 ml
plastic_sheet,ITEM,large plastic sheet,40 g,42 ml
plastic_sheet_small,ITEM,plastic sheet,5 g,5 ml
polycarbonate_sheet,ITEM,polycarbonate sheet,30 g,500 ml
rigid_plastic_sheet,ITEM,rigid plastic sheet,14875 g,12500 ml
panoramic_eyepiece,ITEM,panoramic lens,24 g,20 ml
inhalation_valve,ITEM,inhalation valve,10 g,10 ml
filter_port_40mm,ITEM,40mm filter port,51 g,43 ml
rock_flaking,ITEM,flaking rock,657 g,250 ml
flint,ITEM,flint,,
field_stone,ITEM,field stone,2628 g,1 L
rock_large,ITEM,large rock,15768 g,6 L
rock_wool_bat,ITEM,fiber insulation batt,150 g,3 L
bone_plaster,ITEM,bone replica,500 g,250 ml
large_bone_plaster,ITEM,large bone replica,70 kg,36 L
bone_fossil,ITEM,bone fossil,500 g,250 ml
large_bone_fossil,ITEM,large bone replica,70 kg,36 L
grass_yarn,ITEM,grass yarn,100 g,250 ml
scrap_cotton,ITEM,scrap_cotton,,1 ml
scrap_faux_fur,ITEM,scrap_faux_fur,3 g,7 ml
scrap_felt,ITEM,scrap_felt,,5 ml
scrap_fur,ITEM,scrap_fur,3 g,15 ml
scrap_kevlar,ITEM,scrap_kevlar,810 mg,2 ml
scrap_leather,ITEM,scrap_leather,,6 ml
scrap_lycra,ITEM,scrap_lycra,,4 ml
scrap_neoprene,ITEM,scrap_neoprene,,6 ml
scrap_nylon,ITEM,scrap_nylon,,3 ml
scrap_nomex,ITEM,scrap_nomex,,2 ml
scrap_carpet,ITEM,scrap_carpet,500 g,500 ml
wool_staple,ITEM,wool staple,200 g,500 ml
fur,ITEM,fur patch,46 g,58 ml
faux_fur,ITEM,faux fur patch,,
leather,ITEM,leather patch,25 g,23 ml
felt_patch,ITEM,felt patch,3 g,18 ml
nomex,ITEM,Nomex patch,4 g,9 ml
cured_hide,ITEM,cured hide,40 g,125 ml
tanned_hide,ITEM,tanned hide,296 g,186 ml
sheet_leather,ITEM,leather sheet,296 g,300 ml
sheet_leather_patchwork,ITEM,patchwork leather sheet,,
cured_pelt,ITEM,cured pelt,372 g,465 ml
tanned_pelt,ITEM,tanned pelt,372 g,465 ml
sheet_fur_patchwork,ITEM,patchwork fur sheet,372 g,465 ml
sheet_cotton,ITEM,cotton sheet,23 g,47 ml
sheet_cotton_patchwork,ITEM,patchwork cotton sheet,,
sheet_faux_fur,ITEM,faux fur sheet,372 g,465 ml
sheet_faux_fur_patchwork,ITEM,patchwork faux fur sheet,,
sheet_felt,ITEM,felt sheet,28 g,145 ml
sheet_felt_patchwork,ITEM,patchwork felt sheet,,
sheet_kevlar,ITEM,Kevlar sheet,26 g,51 ml
sheet_kevlar_patchwork,ITEM,patchwork Kevlar sheet,26 g,51 ml
kevlar_patch,ITEM,Kevlar patch,3250 mg,5 ml
sheet_lycra,ITEM,Lycra sheet,33 g,117 ml
sheet_kevlar_layered,ITEM,ballistic Kevlar panel,428 g,818 ml
rigid_kevlar_plate,ITEM,rigid Kevlar plate,429 g,818 ml
sheet_lycra_patchwork,ITEM,patchwork Lycra sheet,,
sheet_neoprene,ITEM,neoprene sheet,26 g,186 ml
sheet_neoprene_patchwork,ITEM,patchwork neoprene sheet,,
sheet_nomex,ITEM,Nomex sheet,32 g,75 ml
sheet_nomex_patchwork,ITEM,patchwork Nomex sheet,,
sheet_nylon,ITEM,synthetic fabric sheet,54 g,48 ml
sheet_nylon_patchwork,ITEM,sheet_nylon_patchwork,,
gambeson_batting,ITEM,gambeson batting,50 g,50 ml
thread_kevlar,ITEM,thread_kevlar,1 g,200 ml
thread_nomex,ITEM,thread_nomex,1 g,200 ml
sheet_denim,ITEM,denim sheet,80 g,95 ml
scrap_denim,ITEM,scrap_denim,2 g,2 ml
denim_patch,ITEM,denim patch,11 g,13 ml
sheet_denim_patchwork,ITEM,patchwork denim sheet,80 g,95 ml
sheet_canvas,ITEM,canvas sheet,76 g,48 ml
thread_canvas,ITEM,thread_canvas,1 g,200 ml
scrap_canvas,ITEM,scrap_canvas,2375 mg,2 ml
canvas_patch,ITEM,canvas patch,9500 mg,6 ml
sheet_canvas_patchwork,ITEM,patchwork canvas sheet,76 g,48 ml
strap_cotton,ITEM,fabric strap,59 g,52 ml
log,ITEM,log,30 kg,50 L
splinter,ITEM,splinter,150 g,250 ml
stick,ITEM,stick,1500 g,2500 ml
stick_long,ITEM,long stick,3000 g,5000 ml
soaking_long_pole,ITEM,soaking long pole,2250 g,3750 ml
long_pole,ITEM,long pole,2250 g,3750 ml
soaking_spear_shaft,ITEM,soaking spear shaft,1000 g,1250 ml
spear_shaft,ITEM,spear shaft,1000 g,1250 ml
2x4,ITEM,plank,2440 g,4130 ml
tonewood,ITEM,tonewood,1830 g,3099 ml
tuning_pegs,ITEM,tuning peg,50 mg,1 ml
plank_short,ITEM,short plank,1220 g,2066 ml
plank_long,ITEM,long plank,4880 g,8264 ml
wood_beam,ITEM,heavy wooden beam,48861 g,82743 ml
wooden_post,ITEM,wooden post,5694 g,9642 ml
wooden_post_short,ITEM,short wooden post,2847 g,4821 ml
wooden_post_long,ITEM,long wooden post,11387 g,19248 ml
wood_block,ITEM,small wood block,194 g,328 ml
wood_panel,ITEM,wooden panel,12 kg,19 L
wood_sheet,ITEM,large wooden sheet,24 kg,38 L
giant_wood_screw,ITEM,giant wooden screw,15 kg,25 L
power_cord,ITEM,power cord,75 g,500 ml
jumper_cable,ITEM,jumper cable,75 g,500 ml
jumper_cable_heavy,ITEM,heavy-duty jumper cable,750 g,1500 ml
extension_cable,ITEM,extension cord,800 g,1200 ml
long_extension_cable,ITEM,outdoor extension cord,2500 g,3750 ml
hd_tow_cable,ITEM,heavy-duty tow cable,3252 g,749 ml
jumper_cable_debug,ITEM,shiny debug cable,1 g,1 ml
bottle_metal,ITEM,steel bottle,200 g,787 ml
bottle_folding,ITEM,foldable plastic bottle,13 g,50 ml
butchering_kit,ITEM,butchering kit,1170 g,800 ml
screw_press,ITEM,screw press,70000 g,100 L
can_sealer,ITEM,can sealer,9800 g,5 L
carver_off,ITEM,electric carver (off),680 g,1500 ml
carver_on,ITEM,electric carver (on),,
char_purifier,ITEM,charcoal water purifier,1820 g,3750 ml
char_purifier_clay,ITEM,large charcoal water purifier,2300 g,15004 ml
char_smoker,ITEM,charcoal smoker,4000 g,20 L
charcoal_cooker,ITEM,coal/charcoal cooker,450 g,2 L
clay_pot,ITEM,clay pot,480 g,2100 ml
clay_teapot,ITEM,clay teapot,429 g,787 ml
coffeemaker,ITEM,coffeemaker,1 kg,7 L
dehydrator,ITEM,food dehydrator,2500 g,13 L
eggs_ferment_active,ITEM,fermenting eggs jar,700 g,680 ml
esbit_stove,ITEM,hexamine stove,92 g,147 ml
flask_yeast_active,ITEM,flask_yeast_active,460 g,680 ml
food_processor,ITEM,food processor,3500 g,20 L
gasoline_cooker,ITEM,gasoline cooker,800 g,1250 ml
heatpack,ITEM,heat pack,36 g,128 ml
heatpack_used,ITEM,used heat pack,36 g,128 ml
hotplate,ITEM,hotplate,795 g,2 L
hotplate_induction,ITEM,induction hotplate,862 g,2 L
makeshift_sealer,ITEM,makeshift vacuum sealer,2000 g,5 L
mess_kit,ITEM,mess kit,520 g,2100 ml
milk_cream_jar,ITEM,milk cream jar,3461 g,3850 ml
milk_cream_rising_active,ITEM,rising cream jar,3461 g,3850 ml
mortar_pestle,ITEM,mortar and pestle,1632 g,1 L
multi_cooker,ITEM,multi-cooker,11339 g,3750 ml
multi_cooker_filled,ITEM,multi-cooker - cooking,,
oil_cooker,ITEM,kerosene cooker,2264 g,1250 ml
oil_press_manual,ITEM,manual oil press,2300 g,1560 ml
oil_press_primitive,ITEM,oil-powered manual oil press,12000 g,20 L
pastaextruder,ITEM,pasta extruder,650 g,1 L
pickles_ferment_active,ITEM,fermenting pickle jar,850 g,680 ml
popcan_stove,ITEM,soda can stove kit,45 g,750 ml
pressure_cooker,ITEM,pressure cooker,6 kg,7500 ml
rock_quern,ITEM,stone quern,31536 g,12 L
sauerkraut_ferment_active,ITEM,fermenting sauerkraut jar,710 g,680 ml
snow_machine_home,ITEM,home snow machine,1360 g,12585 ml
sieve_primitive,ITEM,wicker sieve,50 g,500 ml
sieve_steel,ITEM,sieve,318 g,500 ml
sieve_steel_makeshift,ITEM,makeshift sieve,170 g,106 ml
still,ITEM,still,10 kg,10 L
teapot,ITEM,teapot,265 g,1600 ml
vac_sealer,ITEM,vacuum sealer,1770 g,4100 ml
waffleiron,ITEM,waffle iron,520 g,870 ml
water_purifier,ITEM,water purifier,1360 g,3 L
water_filter_sand,ITEM,slow-sand water filter,29800 g,21000 ml
propane_cooker,ITEM,propane cooker,800 g,1250 ml
biogas_cooker,ITEM,biogas cooker,,
acetylene_cooker,ITEM,acetylene cooker,850 g,1500 ml
microwave,ITEM,microwave,11339 g,9 L
makeshift_pressure_cooker,ITEM,makeshift pressure cooker,2590 g,12800 ml
toaster,ITEM,toaster,725 g,750 ml
crystallizing_sugar_active,ITEM,crystallizing sugar,10 g,10 ml
metal_honing_rod,ITEM,honing rod,76 g,250 ml
knife_sharpener_handheld,ITEM,handheld knife sharpener,180 g,150 ml
debug_lux_meter,ITEM,debug lux meter,1 g,1 ml
debug_item_damager,ITEM,debug_item_damager,1 g,1 ml
debug_item_damager_adv,ITEM,debug_item_damager_adv,1 g,1 ml
debug_mortar,ITEM,debug_mortar,1 g,1 ml
debug_apply_fault,ITEM,debug_apply_fault,1 g,1 ml
debug_dimension_traveller,ITEM,debug_dimension_traveller,1 g,1 ml
debug_weather_check,ITEM,debug_weather_check,1 g,1 ml
brazier,ITEM,brazier,4459 g,30 L
makeshift_brazier,ITEM,makeshift brazier,,
hobo_stove,ITEM,hobo stove,100 g,550 ml
portable_stove,ITEM,portable stove,2670 g,3 L
55gal_firebarrel,ITEM,fire barrel (200 L),20 kg,200 L
30gal_firebarrel,ITEM,fire barrel (100 L),15 kg,100 L
camp_chair,ITEM,camp chair,2200 g,15 L
deck_chair,ITEM,deck chair,6 kg,20 L
chair_folding,ITEM,folding chair,2900 g,5 L
xedra_antenna,ITEM,deployable antenna,3200 g,10 L
cot,ITEM,cot,7500 g,15 L
metal_butcher_rack,ITEM,metal butchering rack,5 kg,10 L
metal_smoking_rack,ITEM,metal smoking rack,5 kg,25 L
tourist_table,ITEM,folding table,4500 g,15 L
leather_tarp,ITEM,leather tarp,2 kg,2500 ml
fiber_mat,ITEM,fiber mat,1 kg,2500 ml
churn,ITEM,folded butter churn,6464 g,11356 ml
water_mill,ITEM,water mill,120 kg,22500 ml
wind_mill,ITEM,wind mill,120 kg,22500 ml
screw_press_tool,ITEM,screw press,70 kg,100 L
beverly_shear,ITEM,Beverly shear,15880 g,18 L
manual_tire_changer,ITEM,manual tire changer,162 kg,100 L
solar_cooker,ITEM,parabolic solar cooker,14000 g,30 L
camera,ITEM,camera,907 g,250 ml
camera_pro,ITEM,professional camera,2268 g,1250 ml
cell_phone,ITEM,cellphone,95 g,88 ml
cell_phone_flashlight,ITEM,cellphone - Flashlight,,
directional_antenna,ITEM,directional antenna,454 g,500 ml
e_handcuffs,ITEM,e_handcuffs,2000 g,500 ml
eink_tablet_pc,ITEM,e-ink tablet PC,158 g,137 ml
eink_tablet_pc_on,ITEM,e-ink tablet PC (on),,
usb_drive,ITEM,USB drive,4536 mg,4 ml
usb_drive_older,ITEM,older USB drive,,
portable_hard_drive,ITEM,portable hard drive,190 g,138 ml
memory_card,ITEM,memory card,,
memory_card_older,ITEM,older memory card,,
memory_card_unread,ITEM,memory card,,
memory_card_science,ITEM,memory card (XEDRA),,
exodii_usb_stick,ITEM,Exodii digital storage device,190 g,138 ml
exodii_usb_stick_full,ITEM,Exodii digital storage device (data),190 g,138 ml
electrohack,ITEM,electrohack,114 g,478 ml
geiger_off,ITEM,Geiger counter (off),231 g,161 ml
geiger_on,ITEM,Geiger counter (on),,
resonance_measurement_device,ITEM,Otherworldly measuring device,600 g,900 ml
nre_recorder,ITEM,NRE recorder,225 g,2735 ml
hand_crank_charger,ITEM,hand-crank charger,2000 g,500 ml
laptop,ITEM,laptop computer,1319 g,703 ml
laptop_screen_lit,ITEM,laptop computer - lit screen,,
mp3,ITEM,mp3 player (off),40 g,36 ml
mp3_on,ITEM,mp3 player (on),,
noise_emitter,ITEM,noise emitter (off),340 g,1 L
noise_emitter_on,ITEM,noise emitter (on),,
emf_detector,ITEM,EMF detector (off),240 g,355 ml
emf_detector_on,ITEM,EMF detector (on),,
portable_game,ITEM,handheld game system,362 g,341 ml
smart_phone,ITEM,smartphone,233 g,111 ml
smartphone_music,ITEM,smartphone - music,,
smart_phone_flashlight,ITEM,smartphone - Flashlight,,
smart_phone_locked,ITEM,smartphone (locked),,
smart_phone_locked_flashlight,ITEM,smartphone (locked) - Flashlight,,
UPS_off,ITEM,UPS,680 g,2500 ml
UPS_ON,ITEM,UPS (on),680 g,2500 ml
UPS_OFF,ITEM,UPS (off),680 g,2500 ml
methanol_fuel_cell,ITEM,methanol fuel cell UPS,7800 g,24390 ml
vibrator,ITEM,vibrator,,
gas_charger,ITEM,gas-powered UPS (off),680 g,2500 ml
gas_charger_on,ITEM,gas-powered UPS (on),,
noise_emitter_super,ITEM,super noise emitter (off),6 kg,4 L
noise_emitter_super_on,ITEM,super noise emitter (on),,
crowbar,ITEM,crowbar,1456 g,520 ml
emergency_lockpick,ITEM,rudimentary lockpick,25 g,5 ml
crude_picklock,ITEM,improvised lockpick,23 g,5 ml
iceaxe,ITEM,ice axe,300 g,140 ml
makeshift_crowbar,ITEM,makeshift crowbar,,
picklocks,ITEM,locksmith kit,544 g,100 ml
pseudo_bio_picklock,ITEM,bio lockpick,,0 ml
heavy_crowbar,ITEM,heavy crowbar,6201 g,1740 ml
c4,ITEM,C-4 explosive,1570 g,1 L
c4armed,ITEM,C-4 explosive (armed),1570 g,1 L
dynamite,ITEM,dynamite,1133 g,750 ml
dynamite_act,ITEM,dynamite (lit),,
dynamite_bomb,ITEM,dynamite bomb,2531 g,2430 ml
dynamite_bomb_act,ITEM,dynamite bomb (lit),,
EMPbomb,ITEM,EMP bomb,4543 g,15500 ml
EMPbomb_act,ITEM,active EMP bomb,4543 g,15500 ml
firecracker,ITEM,firecracker,3 g,25 ml
firecracker_act,ITEM,firecracker (lit),3 g,10 ml
firecracker_pack,ITEM,pack of firecrackers,75 g,50 ml
firecracker_pack_act,ITEM,pack of firecrackers (lit),75 g,250 ml
flashbang,ITEM,flashbang,425 g,207 ml
flashbang_act,ITEM,active flashbang,,
fungicidalbomb,ITEM,fungicidal gas grenade,,
fungicidalbomb_act,ITEM,armed fungicidal gas canister,,
fungicidalbomb_makeshift,ITEM,makeshift fungicidal gas grenade,,
fungicidalbomb_makeshift_act,ITEM,armed makeshift fungicidal gas canister,,
gasbomb_makeshift,ITEM,makeshift gas canister,1264 g,270 ml
gasbomb_makeshift_act,ITEM,active makeshift gas canister,1264 g,270 ml
grenade,ITEM,grenade,397 g,540 ml
grenade_act,ITEM,active grenade,397 g,270 ml
grenade_emp,ITEM,EMP grenade,400 g,270 ml
grenade_emp_act,ITEM,active EMP grenade,400 g,270 ml
grenade_inc,ITEM,incendiary grenade,180 g,270 ml
grenade_inc_act,ITEM,active incendiary grenade,180 g,270 ml
gasbomb,ITEM,tear gas grenade,431 g,459 ml
gasbomb_act,ITEM,armed tear gas grenade,,
insecticidalbomb,ITEM,insecticidal gas grenade,,
insecticidalbomb_act,ITEM,armed insecticidal gas canister,,
insecticidalbomb_makeshift,ITEM,makeshift insecticidal gas grenade,,
insecticidalbomb_makeshift_act,ITEM,armed makeshift insecticidal gas grenade,,
LAW_Packed,ITEM,packed disposable rocket launcher,2500 g,1500 ml
mininuke,ITEM,SADM mininuke,26500 g,33389 ml
mininuke_act,ITEM,active SADM mininuke,,
molotov,ITEM,Molotov cocktail,889 g,1085 ml
molotov_lit,ITEM,molotov_lit,,
gelled_molotov,ITEM,gelled Molotov,,
gelled_molotov_lit,ITEM,gelled_molotov_lit,,
scrambler,ITEM,scrambler grenade,500 g,270 ml
scrambler_act,ITEM,active scrambler grenade,500 g,270 ml
smokebomb,ITEM,smoke grenade,680 g,
smokebomb_act,ITEM,armed smoke bomb,,
tool_rocket_candy,ITEM,rocket candy,250 g,250 ml
tool_rocket_candy_act,ITEM,burning rocket candy,250 g,250 ml
military_explosive_small_grenade,ITEM,military explosive small homemade grenade,600 g,270 ml
military_explosive_small_grenade_act,ITEM,active military explosive small homemade grenade,,
military_explosive_grenade,ITEM,military explosive homemade grenade,1200 g,540 ml
military_explosive_grenade_act,ITEM,active military explosive homemade grenade,,
military_explosive_pipebomb,ITEM,military explosive pipebomb,1140 g,280 ml
military_explosive_pipebomb_act,ITEM,active military explosive pipebomb,,
military_explosive_bomb,ITEM,military explosive bomb,8760 g,3900 ml
military_explosive_bomb_act,ITEM,active military explosive bomb,,
military_explosive_half_barrel_bomb,ITEM,military explosive 50 L barrel bomb,92600 g,52500 ml
military_explosive_half_barrel_bomb_act,ITEM,active military explosive 50 L barrel bomb,92600 g,52500 ml
military_explosive_full_barrel_bomb,ITEM,military explosive 100 L barrel bomb,172 kg,105 L
military_explosive_full_barrel_bomb_act,ITEM,active military explosive 100 L barrel bomb,172 kg,105 L
small_homemade_grenade,ITEM,small homemade grenade,460 g,270 ml
small_homemade_grenade_act,ITEM,active small homemade grenade,,
homemade_grenade,ITEM,homemade grenade,900 g,
homemade_grenade_act,ITEM,active homemade grenade,,
pipebomb,ITEM,pipebomb,840 g,280 ml
pipebomb_act,ITEM,active pipebomb,840 g,280 ml
homemade_bomb,ITEM,homemade bomb,6500 g,3900 ml
homemade_bomb_act,ITEM,homemade bomb,6500 g,3900 ml
homemade_demolition_charge,ITEM,homemade demolition charge,3875 g,3900 ml
homemade_demolition_charge_act,ITEM,homemade demolition charge (lit),3875 g,3900 ml
half_barrel_bomb,ITEM,50 L barrel bomb,61620 g,52500 ml
half_barrel_bomb_act,ITEM,active 50 L barrel bomb,61620 g,52500 ml
full_barrel_bomb,ITEM,100 L barrel bomb,110610 g,105 L
full_barrel_bomb_act,ITEM,active 100 L barrel bomb,110610 g,105 L
60mm_propellant,ITEM,60 mm mortar propellant charge,50 g,70 ml
crude_firestarter,ITEM,electric firestarter,14 g,50 ml
fire_drill,ITEM,bow fire drill,240 g,400 ml
fire_drill_large,ITEM,pump fire drill,900 g,500 ml
flint_steel,ITEM,flint and steel,400 g,250 ml
lighter,ITEM,lighter,14 g,14 ml
magnifying_glass,ITEM,magnifying glass,400 g,250 ml
lens_crude,ITEM,crude glass lens,50 g,20 ml
fire_piston,ITEM,fire piston,668 g,750 ml
matches,ITEM,matchbook,10 g,10 ml
survival_match,ITEM,survival match,2 g,1 ml
ref_matches,ITEM,matchbox,10 g,25 ml
ref_lighter,ITEM,refillable lighter,20 g,31 ml
ref_lighter_on,ITEM,refillable lighter,20 g,31 ml
ref_lighter_butane,ITEM,refillable butane lighter,200 g,176 ml
tinderbox,ITEM,ember carrier,40 g,263 ml
tinderbox_on,ITEM,ember carrier (lit),40 g,263 ml
electric_lighter,ITEM,electric lighter,51 g,57 ml
small_lighter,ITEM,mini lighter,8 g,8 ml
crash_axe,ITEM,crash axe,907 g,1 L
extinguisher,ITEM,large fire extinguisher,7030 g,20 L
fire_ax,ITEM,fire axe,3448 g,2 L
halligan,ITEM,Halligan bar,4772 g,550 ml
sm_extinguisher,ITEM,small fire extinguisher,1133 g,2000 ml
throw_extinguisher,ITEM,throwable fire extinguisher,630 g,250 ml
throw_extinguisher_act,ITEM,active throwable fire extinguisher,630 g,250 ml
pike_pole,ITEM,pike pole,3100 g,1250 ml
EOD_hotstick,ITEM,EOD hot stick,,
ny_hook,ITEM,New York hook,2900 g,400 ml
fish_trap,ITEM,plastic fish trap,85 g,2 L
fish_trap_basket,ITEM,basket fish trap,800 g,12 L
fishing_hook_basic,ITEM,fishing hook,1 g,1 ml
fishing_hook_bone,ITEM,improvised fishing hook,1 g,1 ml
fishing_rod_basic,ITEM,basic fishing rod,1700 g,1250 ml
fishing_rod_professional,ITEM,pro fishing rod,1000 g,1250 ml
fishing_rod_2pc_packed,ITEM,two-piece fishing rod (packed),1050 g,1300 ml
fishing_rod_2pc,ITEM,two-piece fishing rod,,1250 ml
fishing_rod_tele_packed,ITEM,telescoping fishing rod (packed),1150 g,600 ml
fishing_rod_tele,ITEM,telescoping fishing rod,,1300 ml
plastichoboreel,ITEM,plastic hand fishing reel,400 g,400 ml
hoboreel,ITEM,wooden hand fishing reel,500 g,380 ml
press,ITEM,hand press,6350 g,500 ml
press_dowel,ITEM,makeshift shotshell 'press',348 g,250 ml
puller,ITEM,kinetic bullet puller,489 g,250 ml
internal_gasoline_tank,ITEM,internal gasoline tank,1 g,501 ml
internal_ethanol_tank,ITEM,internal ethanol tank,1 g,401 ml
internal_oil_tank,ITEM,internal oil tank,1 g,751 ml
internal_battery_compartment,ITEM,internal battery compartment,1 g,750 ml
toolset,ITEM,toolset,100 g,75 ml
integrated_welder,ITEM,integrated_welder,100 g,50 ml
integrated_multimeter,ITEM,integrated_multimeter,50 g,25 ml
integrated_electrokit,ITEM,integrated_electrokit,50 g,25 ml
knife_small,ITEM,small kitchen knife,112 g,100 ml
knife_large,ITEM,large kitchen knife,140 g,200 ml
knife_huge,ITEM,huge kitchen knife,380 g,300 ml
knife_cleaver,ITEM,cleaver,450 g,1 L
copper_knife,ITEM,copper knife,200 g,300 ml
bronze_knife,ITEM,bronze knife,450 g,250 ml
diveknife,ITEM,dive knife,226 g,250 ml
honey_scraper,ITEM,honey scraper,580 g,250 ml
pockknife,ITEM,pocket knife,20 g,10 ml
primitive_knife,ITEM,stone knife,453 g,250 ml
boxcutter,ITEM,boxcutter knife,23 g,20 ml
stone_chopper,ITEM,stone chopper,500 g,250 ml
digging_stick,ITEM,digging stick,1133 g,1500 ml
g_shovel,ITEM,trowel,280 g,500 ml
hoe,ITEM,hoe,1088 g,3500 ml
bronze_hoe,ITEM,bronze hoe,3100 g,3500 ml
primitive_shovel,ITEM,wooden shovel,1581 g,4 L
rake,ITEM,metal rake,1500 g,3500 ml
rake_plastic,ITEM,plastic rake,1000 g,3500 ml
scythe,ITEM,scythe,2140 g,3250 ml
scythe_fake,ITEM,scythe,1840 g,
scythe_toy,ITEM,grim reaper's scythe,586 g,3550 ml
shovel,ITEM,shovel,2032 g,3500 ml
shovel_snow,ITEM,snow shovel,2000 g,4000 ml
shovel_snow_plastic,ITEM,plastic snow shovel,1500 g,3500 ml
sickle_stone,ITEM,stone sickle,470 g,800 ml
sickle,ITEM,sickle,907 g,1250 ml
bronze_sickle,ITEM,bronze sickle,1 kg,1250 ml
brush_handaxe,ITEM,bill,,
brush_axe,ITEM,bill axe,2100 g,1900 ml
brush_pole,ITEM,bill pole,2400 g,2500 ml
bronze_brush_handaxe,ITEM,bronze bill,,
bronze_brush_axe,ITEM,bronze bill axe,,
bronze_brush_pole,ITEM,bronze bill pole,3000 g,
trimmer_off,ITEM,hedge trimmer (off),4500 g,2500 ml
trimmer_on,ITEM,hedge trimmer (on),,
candle,ITEM,candle,400 g,466 ml
candle_lit,ITEM,burning candle,,
electric_lantern,ITEM,electric lantern (off),550 g,1527 ml
electric_lantern_on,ITEM,electric lantern (on),,
flashlight,ITEM,flashlight (off),140 g,121 ml
flashlight_on,ITEM,flashlight (on),,
diving_flashlight_small,ITEM,mini diving flashlight (off),48 g,45 ml
diving_flashlight_small_on,ITEM,mini diving flashlight (on),,
diving_flashlight_small_hipower,ITEM,high-power mini diving flashlight (off),40 g,38 ml
diving_flashlight_small_hipower_on,ITEM,high-power mini diving flashlight (on),,
diving_flashlight_variable,ITEM,variable power diving flashlight (off),182 g,185 ml
diving_flashlight_variable_on_hi,ITEM,"variable power diving flashlight (on, high)",,
diving_flashlight_variable_on_med,ITEM,"variable power diving flashlight (on, medium)",,
diving_flashlight_variable_on_low,ITEM,"variable power diving flashlight (on, low)",,
gasoline_lantern,ITEM,gasoline lantern (off),1400 g,750 ml
gasoline_lantern_on,ITEM,gasoline lantern (on),,
glowstick,ITEM,glowstick,29 g,25 ml
glowstick_dead,ITEM,dead glowstick,29 g,25 ml
glowstick_lit,ITEM,active glowstick,29 g,25 ml
handflare,ITEM,flare,128 g,250 ml
handflare_lit,ITEM,active flare,,
sigflare_lit,ITEM,active flare,,
heavy_flashlight,ITEM,heavy-duty flashlight (off),290 g,712 ml
heavy_flashlight_on,ITEM,heavy-duty flashlight (on),,
lightstrip,ITEM,LED strip,,
lightstrip_inactive,ITEM,LED strip (inactive),158 g,70 ml
oil_lamp,ITEM,kerosene lamp (off),1720 g,1 L
oil_lamp_on,ITEM,kerosene lamp,,
oil_lamp_clay,ITEM,clay oil lamp (off),620 g,300 ml
oil_lamp_clay_on,ITEM,clay oil lamp,,
oxylamp,ITEM,acetylene lamp (off),800 g,500 ml
oxylamp_on,ITEM,acetylene lamp (on),,
reading_light,ITEM,reading light,64 g,150 ml
reading_light_on,ITEM,reading light (active),,
smart_lamp,ITEM,smart lamp (off),297 g,1851 ml
smart_lamp_on,ITEM,smart lamp (on),,
torch,ITEM,torch,623 g,1089 ml
torch_lit,ITEM,torch,623 g,1089 ml
propane_lantern,ITEM,propane lantern (off),1400 g,750 ml
propane_lantern_on,ITEM,propane lantern (on),,
candle_small,ITEM,small candle,4 g,45 ml
candle_small_lit,ITEM,burning small candle,,
menorah,ITEM,menorah,229 g,1931 ml
masonrysaw_off,ITEM,masonry saw (off),4500 g,2500 ml
masonrysaw_on,ITEM,masonry saw (on),,
electric_masonrysaw_off,ITEM,electric masonry saw (off),4500 g,2500 ml
electric_masonrysaw_on,ITEM,electric masonry saw (on),,
grinder_blade,ITEM,grinder blade,349 g,250 ml
heavy_masonrysaw_off,ITEM,heavy masonry saw (off),12400 g,20000 ml
heavy_masonrysaw_on,ITEM,heavy masonry saw (on),,
adhesive_bandages,ITEM,adhesive bandage,1 g,2 ml
alcohol_wipes,ITEM,alcohol wipe,1500 mg,3 ml
anesthetic_kit,ITEM,anesthesia kit,100 g,3250 ml
bandages,ITEM,bandage,70 g,27 ml
bandages_makeshift,ITEM,makeshift bandage,8 g,16 ml
bandages_makeshift_bleached,ITEM,bleached makeshift bandage,,
bandages_makeshift_boiled,ITEM,boiled makeshift bandage,,
cotton_ball,ITEM,cotton_ball,12 g,25 ml
disinrag,ITEM,antiseptic soaked rag,80 g,250 ml
disincotton_ball,ITEM,disincotton_ball,15 g,30 ml
inhaler,ITEM,inhaler,85 g,100 ml
medical_gauze,ITEM,medical gauze,90 g,200 ml
liq_bandage_spray,ITEM,spray bottle of liquid bandage,5 g,50 ml
rx12_injector,ITEM,RX12 jet injector,316 g,500 ml
scalpel,ITEM,scalpel,23 g,15 ml
smoxygen_tank,ITEM,small oxygen delivery kit,800 g,1100 ml
syringe,ITEM,syringe,4240 mg,10ml
thermometer,ITEM,thermometer,10 g,25 ml
oxygen_tank,ITEM,oxygen delivery kit,2721 g,3750 ml
vacutainer,ITEM,blood draw kit,13 g,262 ml
wrapped_rad_badge,ITEM,wrapped radiation badge,25 g,25 ml
scissors_medical,ITEM,scissors_medical,50 g,95 ml
saline_bag_250,ITEM,small saline infusion kit,263 g,295 ml
saline_bag_500,ITEM,medium saline infusion kit,518 g,590 ml
saline_bag_1000,ITEM,large saline infusion kit,1028 g,1180 ml
saline_bag_2000,ITEM,huge saline infusion kit,2048 g,2360 ml
dental_tools,ITEM,dental tool set,160 g,370 ml
anvil,ITEM,anvil,26 kg,12 L
anvil_bronze,ITEM,bronze anvil,26 kg,12 L
anvil_heavy,ITEM,heavy anvil,225 kg,110 L
anvil_crude,ITEM,small anvil,14827 g,1901 ml
anvil_scavenged,ITEM,scavenger's anvil,50 kg,30 L
anvil_stump,ITEM,makeshift stump anvil,30 kg,25 L
boltcutters,ITEM,boltcutters,1560 g,2750 ml
char_forge,ITEM,charcoal forge,8600 g,8 L
char_kiln,ITEM,portable charcoal kiln,21 kg,201 L
chisel,ITEM,metalworking chisel,660 g,250 ml
chisel_bronze,ITEM,bronze chisel,735 g,
crucible,ITEM,crucible,1400 g,2 L
crucible_clay,ITEM,clay crucible,1642 g,2500 ml
forge,ITEM,electric forge,10000 g,6 L
link_sheet,ITEM,chainmail sheet,1000 g,500 ml
lc_link_sheet,ITEM,mild steel chainmail sheet,1000 g,500 ml
mc_link_sheet,ITEM,medium steel chainmail sheet,,
hc_link_sheet,ITEM,high steel chainmail sheet,,
ch_link_sheet,ITEM,hardened steel chainmail sheet,,
qt_link_sheet,ITEM,tempered steel chainmail sheet,,
swage,ITEM,swage and die set,2620 g,2 L
hotcut_bronze,ITEM,hotcut,,
hotcut,ITEM,hotcut,800 g,500 ml
drift,ITEM,drift,1200 g,750 ml
tongs,ITEM,tongs,167 g,210 ml
metalworking_tongs_bronze,ITEM,metalworking_tongs_bronze,,
metalworking_tongs,ITEM,metalworking_tongs,730 g,662 ml
sandpaper,ITEM,sandpaper,10 g,50 ml
leather_filing,ITEM,sandleather,25160 mg,23 ml
draw_plate,ITEM,draw plate,200 g,250 ml
casting_mold_small,ITEM,small sandcasting mold,6000 g,8 L
casting_mold_large,ITEM,large sandcasting mold,76600 g,150 L
casting_mold_long,ITEM,long sandcasting mold,37000 g,69 L
casting_mold,ITEM,sandcasting mold,19200 g,36 L
stone_polishing,ITEM,polishing stone,8 kg,3 L
pedal_grindstone,ITEM,pedal powered grindstone,15 kg,4 L
scraper_steel,ITEM,steel scraper,500 g,500 ml
gas_forge,ITEM,gas forge,32205 g,8 L
airhorn,ITEM,compressed air horn,467 g,250 ml
alarmclock,ITEM,alarm clock,562 g,250 ml
butane_can,ITEM,can of butane,364 g,500 ml
notched_plank,ITEM,notched plank,610 g,1035 ml
notched_stick,ITEM,notched stick,375 g,625 ml
clay_urn,ITEM,clay urn,1600 g,4280 ml
cow_bell,ITEM,cow bell,330 g,300 ml
crystal_urn,ITEM,crystal urn,1400 g,4280 ml
e_tool,ITEM,entrenching tool,453 g,1 L
etched_skull,ITEM,etched human skull,311 g,750 ml
fur_rollmat,ITEM,fur rollmat,1800 g,3 L
hose_garden,ITEM,garden hose,1632 g,1500 ml
grapnel,ITEM,grappling hook,1980 g,2500 ml
grip_hook,ITEM,grip hook,900 g,750 ml
hand_pump,ITEM,hand pump,113 g,500 ml
leather_bellow,ITEM,leather bellow,450 g,2500 ml
horn_bicycle,ITEM,bicycle horn,170 g,500 ml
horn_big,ITEM,truck horn,310 g,1500 ml
horn_car,ITEM,car horn,270 g,500 ml
large_space_heater,ITEM,large space heater,12 kg,7500 ml
large_space_heater_on,ITEM,large space heater (on),,
lifestraw,ITEM,lifestraw,104 g,592 ml
gasket_plastic,ITEM,plastic gasket,5 g,30 ml
permanent_marker,ITEM,permanent marker,28 g,50 ml
pocketwatch,ITEM,pocket watch,65 g,25 ml
porcelain_urn,ITEM,porcelain urn,1600 g,4280 ml
rollmat,ITEM,rollmat,250 g,1 L
safe_box,ITEM,safe deposit box,2267 g,3750 ml
sarcophagus_access_code,ITEM,sarcophagus access code,5 g,4 ml
small_space_heater,ITEM,small space heater,6 kg,3750 ml
small_space_heater_on,ITEM,small space heater (on),,
spray_can,ITEM,spray can,340 g,250 ml
stepladder,ITEM,wooden stepladder,20000 g,50 L
survival_marker,ITEM,survival marker,113 g,15 ml
survivor_scope,ITEM,retractable telescope,330 g,250 ml
teargas_sprayer,ITEM,tear gas sprayer,96 g,100 ml
c4_payload,ITEM,C-4 payload,,
tear_gas_payload,ITEM,tear gas payload,,
tear_gas_payload_act,ITEM,active tear gas payload,,
teleumbrella,ITEM,telescoping umbrella (collapsed),411 g,1500 ml
teleumbrella-extended,ITEM,telescoping umbrella (extended),411 g,1500 ml
toilet_travel,ITEM,travel toilet,1587 g,27651 ml
toilet_travel_folded,ITEM,folded travel toilet,1587 g,2 L
testflames,ITEM,Flaming Chunk of Steel +2,64 g,250 ml
tindalos_whistle,ITEM,Whistle of Tindalos,22 g,1 ml
umbrella,ITEM,umbrella,411 g,1500 ml
vortex_stone,ITEM,vortex stone,1 g,250 ml
sandbox_kit,ITEM,sandbox kit,250 g,1050 ml
whistle_multitool,ITEM,whistle multitool,7 g,25 ml
aluminum_stepladder,ITEM,aluminum stepladder,15750 g,50 L
glass_cutter,ITEM,handheld glass cutter,700 g,500 ml
air_launcher,ITEM,novelty pneumatic launcher,1850 g,3850 ml
dressage_whip,ITEM,dressage whip,90 g,732 ml
riding_crop,ITEM,riding crop,68 g,1480 ml
nm_teeth,ITEM,nm_teeth,42 g,30 ml
sextoy,ITEM,sex toy,500 g,500 ml
handcuffs_leather,ITEM,pair of leather cuffs,200 g,300 ml
gag_ball,ITEM,ball gag,150 g,150 ml
paddle_plastic,ITEM,small plastic paddle,50 g,50 ml
banjo,ITEM,banjo,2800 g,3 L
bone_flute,ITEM,bone flute,250 g,400 ml
clarinet,ITEM,clarinet,550 g,1500 ml
kantele,ITEM,kantele,550 g,3000 ml
flute,ITEM,flute,440 g,500 ml
trumpet,ITEM,trumpet,1100 g,2500 ml
ukulele,ITEM,ukulele,600 g,2500 ml
violin,ITEM,violin,500 g,2500 ml
violin_golden,ITEM,golden fiddle,13000 g,2500 ml
krar_golden,ITEM,golden krar,13000 g,12 L
krar,ITEM,krar,2500 g,
drum_percussion,ITEM,"drum, percussion",2800 g,56629 ml
drum_percussion_primitive,ITEM,"primitive drum, percussion",2800 g,56629 ml
harmonica_holder,ITEM,harmonica with a holder,200 g,250 ml
acoustic_guitar,ITEM,acoustic guitar,2200 g,6750 ml
guitar_electric,ITEM,electric guitar,3750 g,6750 ml
bagpipes,ITEM,bagpipes,2500 g,5 L
tuba,ITEM,tuba,13600 g,12500 ml
saxophone,ITEM,saxophone,2200 g,4500 ml
chicken_cage,ITEM,chicken cage,250 g,2500 ml
dog_whistle,ITEM,dog whistle,22 g,5 ml
shears,ITEM,shears,820 g,750 ml
forged_shears,ITEM,forged_shears,820 g,750 ml
bronze_shears,ITEM,bronze_shears,900 g,750 ml
elec_shears,ITEM,elec_shears,1200 g,1200 ml
horse_tack,ITEM,horse tack,2 kg,7 L
livestock_scale,ITEM,livestock scale,52800 g,40 L
pet_carrier,ITEM,pet carrier,1000 g,5 L
pet_carrier_wooden,ITEM,wooden pet carrier,1500 g,6250 ml
terrarium,ITEM,glass terrarium,5 kg,37 L
firefly_terrarium,ITEM,survivor giant firefly lamp,30 kg,37 L
dog_whistle_wood,ITEM,wooden dog whistle,50 g,20 ml
butchery_tree_pseudo,ITEM,butchery tree pseudo item,,
fake_butcher_rack,ITEM,fake butcher rack (pseudo item),,
medium_surface_pseudo,ITEM,medium surface pseudo item,,
large_surface_pseudo,ITEM,large surface pseudo item,,
fake_stove,ITEM,basecamp stove,,
brick_oven_pseudo,ITEM,brick oven,,
butter_churn,ITEM,pseudo butter churn,,
fake_solar_cooker,ITEM,solar cooker,,
radiocontrol,ITEM,RC control,670 g,500 ml
radio_car,ITEM,RC car,2340 g,1500 ml
radio_car_on,ITEM,RC car (on),,
radio_mod,ITEM,radio activation mod,142 g,250 ml
radio,ITEM,radio (off),295 g,1 L
radio_on,ITEM,radio (on),,
two_way_radio,ITEM,two-way radio,431 g,500 ml
pat_earpiece,ITEM,transponder earpiece (off),10 g,10 ml
pat_earpiece_on,ITEM,transponder earpiece (on),,
remotevehcontrol,ITEM,remote vehicle controller,907 g,1 L
balthazar_radio,ITEM,modified radio,325 g,1250 ml
birchbark_funnel,ITEM,birchbark funnel,30 g,250ml
funnel,ITEM,funnel,150 g,500 ml
leather_funnel,ITEM,leather funnel,40 g,250 ml
makeshift_funnel,ITEM,makeshift funnel,40 g,250 ml
metal_funnel,ITEM,metal funnel,4017 g,4 L
tarp_raincatcher,ITEM,tarp raincatcher,3980 g,4 L
barometer,ITEM,barometer,10 g,50 ml
canister_goo,ITEM,goo canister,1596 g,270 ml
chemistry_set,ITEM,chemistry set,5200 g,4500 ml
chemistry_set_basic,ITEM,basic chemistry set,1884 g,2750 ml
electrolysis_kit,ITEM,electrolysis kit,250 g,250 ml
ketene_lamp,ITEM,ketene lamp,1800 g,2 L
engineering_makerspace_kit,ITEM,makerspace kit for STEM,3200 g,1500 ml
toy_makerspace_kit,item_group,toy_makerspace_kit,,
engineering_robotics_kit,ITEM,robotics kit for young learners,3200 g,1500 ml
toy_robot_kit,item_group,toy_robot_kit,,
engineering_engine_kit,ITEM,Stirling engine kit,3200 g,1500 ml
toy_engine_kit,item_group,toy_engine_kit,,
vac_oven_small,ITEM,small vacuum oven,40860 g,27 L
closed_loop_extractor_small,ITEM,small closed loop extractor,36 kg,60 L
closed_loop_extractor_large,ITEM,large closed loop extractor,181600 g,240 L
oil_extractor_crude,ITEM,makeshift essential oil extractor,22700 g,210 L
catalytic_cracking_reactor,ITEM,disassembled catalytic cracking reactor,500 kg,500 L
filter_paper_qualitative,ITEM,filter_paper_qualitative,20 g,25 ml
filter_paper_quantitative,ITEM,filter_paper_quantitative,,
gasket_plastic_set,ITEM,plastic gasket set,15 g,90 ml
vac_pump,ITEM,vacuum pump,22700 g,6 L
recovery_pump,ITEM,recovery pump,27240 g,8 L
electrolyzer_makeshift,ITEM,makeshift water electrolyzer,65 kg,90 L
ammonia_machine_reactor,ITEM,makeshift ammonia machine reactor,340 kg,200 L
ammonia_machine_pipework,ITEM,makeshift ammonia machine pipework,120 kg,100 L
nitrogen_generator,ITEM,makeshift nitrogen generator,50 kg,70 L
butane_tank,ITEM,butane tank,7500 g,24 L
hydrogen_tank,ITEM,hydrogen tank,2268 g,1500 ml
pressure_tank,ITEM,pressurized tank,2268 g,3 L
hygrometer,ITEM,hygrometer,10 g,50 ml
mobile_weather_station,ITEM,mobile weather station,5000 g,89400 ml
mws_weather_sensor_array,ITEM,ambient weather sensor array,4000 g,80000 ml
mws_advanced_weather_sensor_array,ITEM,ambient weather sensor array,4000 g,80000 ml
mws_HE_sensor_array,ITEM,ambient HE sensor array,4000 g,80000 ml
xedra_mobile_weather_station,ITEM,mobile hazardous environment weather station,6000 g,90000 ml
robofac_mobile_weather_station,ITEM,mobile HEW-NRE station,6230 g,90000 ml
nitrogen_tank,ITEM,nitrogen tank,2268 g,1500 ml
oxygen_cylinder,ITEM,oxygen tank,19050 g,28000 ml
platinum_grille,ITEM,platinum grille,660 g,250 ml
portal,ITEM,portal generator,1133 g,500 ml
telepad,ITEM,teleport pad,2 kg,1 L
teleporter,ITEM,teleporter,1360 g,2 L
analytical_set_basic,ITEM,basic laboratory analysis kit,14470 g,5 L
balance_small,ITEM,small weight scale,1 kg,2 L
spectrophotometer,ITEM,spectrophotometer,5 kg,2 L
cuvettes,ITEM,set of spectrometry cuvettes,70 g,250 ml
ph_meter,ITEM,pH meter,3 kg,1500 ml
voltmeter,ITEM,voltmeter,500 g,1500 ml
multimeter,ITEM,multimeter,500 g,650 ml
melting_point,ITEM,melting point apparatus,5 kg,1500 ml
vortex,ITEM,vortex device,3500 g,750 ml
light_detector,ITEM,light detector,5 g,20 ml
glass_prism,ITEM,glass prism,50 g,20 ml
glass_tube_small,ITEM,small glass tube,9 g,30ml
microscope,ITEM,microscope,2 kg,3800 ml
microscope_dissecting,ITEM,dissecting microscope,2200 g,4 L
funnel_separation,ITEM,separation funnel,200 g,700 ml
burette,ITEM,burette,300 g,1 L
rotovap,ITEM,rotary evaporator,18 kg,60 L
still_lab,ITEM,fractional distillation apparatus,1 kg,5 L
gelbox,ITEM,electrophoresis tray,1 kg,5 L
microcentrifuge,ITEM,microcentrifuge,2 kg,1500 ml
centrifuge,ITEM,centrifuge,310 kg,547 L
stopcock,ITEM,plastic stopcock,1 g,1 ml
rack_test_tube,ITEM,test tube rack,90 g,250 ml
rack_test_tube_micro,ITEM,microcentrifuge tube tray,70 g,150 ml
stand_ring,ITEM,ring stand,1100 g,3 L
stand_ring_clamps,ITEM,set of ring stand clamps,300 g,450 ml
sextant,ITEM,sextant,500 g,500 ml
lux_meter,ITEM,lux meter,100 g,300 ml
migo_bio_tech,ITEM,migo_bio_tech,250 g,250 ml
weather_glass,ITEM,weather_glass,6 kg,4 L
hygroscope,ITEM,hygroscope,3 kg,2 L
glass_thermometer,ITEM,glass thermometer,600 g,700 ml
microscope_slide,ITEM,microscope slide,4125 mg,2 ml
microscope_slide_water_murky,ITEM,microscope slide of murky water,,
microscope_slide_soil,ITEM,microscope slide of soil,,
damaged_shelter_kit,ITEM,damaged shelter kit,1360 g,7500 ml
large_damaged_shelter_kit,ITEM,large damaged shelter,15 kg,17 L
large_tent_kit,ITEM,large tent,2266 g,10 L
shelter_kit,ITEM,shelter kit,1360 g,7500 ml
large_shelter_kit,ITEM,large shelter kit,21 kg,22 L
tent_kit,ITEM,tent,1133 g,2500 ml
tent_pole,ITEM,aluminum tent pole,225 g,100 ml
advanced_ecig,ITEM,advanced electronic cigarette,100 g,100 ml
crackpipe,ITEM,crack pipe,242 g,80 ml
pipe_glass,ITEM,glass pipe,163 g,80 ml
pipe_water,ITEM,water pipe,750 g,900 ml
pipe_tobacco,ITEM,tobacco pipe,100 g,150 ml
stapler,ITEM,stapler,148 g,320 ml
office_holepunch,ITEM,hole puncher,68 g,80 ml
office_letter_opener,ITEM,letter opener,23 g,90 ml
scissors,ITEM,scissors,48 g,93 ml
scissors_child,ITEM,scissors_child,50 g,80 ml
scissors_wavy,ITEM,scissors_wavy,65 g,110 ml
pen,ITEM,pen,9 g,40 ml
pencil,ITEM,pencil,9 g,40 ml
black_pen,ITEM,black pen,9 g,40 ml
blue_pen,ITEM,blue pen,9 g,40 ml
red_pen,ITEM,red pen,9 g,40 ml
green_pen,ITEM,green pen,9 g,40 ml
leather_journal,ITEM,leather journal,80 g,300 ml
billet_bone,ITEM,bone billet,150 g,100 ml
billet_wood,ITEM,wooden billet,150 g,100 ml
drill_rock_primitive,ITEM,primitive rock drill,150 g,100 ml
punch_bone,ITEM,bone punch,92 g,100 ml
punch_nail,ITEM,nail punch,150 g,100 ml
awl_bone,ITEM,bone sewing awl,140 g,100 ml
awl_steel,ITEM,steel sewing awl,50 g,42 ml
knitting_needles,ITEM,knitting_needles,18 g,40 ml
loom_frame,ITEM,frame loom,3804 g,6000 ml
needle_bone,ITEM,bone needle,15 g,10 ml
needle_curved,ITEM,curved needle,5 g,3 ml
needle_wood,ITEM,wooden needle,3 g,5 ml
needle_steel,ITEM,needle,8 g,1 ml
sewing_kit,ITEM,sewing kit,85 g,250 ml
shed_stick,ITEM,wooden shed stick,300 g,250 ml
tanning_hide_active,ITEM,tanning leather hide,600 g,1 L
tanning_pelt_active,ITEM,tanning fur pelt,684 g,1 L
tailoring_pattern_set,ITEM,tailoring pattern set,1000 g,833 ml
kevlar_shears,ITEM,kevlar_shears,113 g,145 ml
electric_spinwheel,ITEM,electric spinwheel,5200 g,2700 ml
tailors_kit,ITEM,tailor's kit,100 g,500 ml
bathroom_scale,ITEM,bathroom scale,1200 g,2250 ml
brush,ITEM,scrub brush,70 g,350 ml
dish_towel,ITEM,dish towel,21 g,43 ml
elec_hairtrimmer,ITEM,electric hair trimmer,138 g,191 ml
mop,ITEM,mop,780 g,1470 ml
mop_folded,ITEM,collapsible mop,730 g,760 ml
cotton_patchwork,ITEM,cotton patch,3 g,6 ml
razor_blade,ITEM,razor blade,1 g,1 ml
shavingkit,ITEM,shaving kit,99 g,735 ml
sponge,ITEM,sponge,17 g,156 ml
survivor_hairtrimmer,ITEM,makeshift haircut kit,642 g,1 L
survivor_shavingkit,ITEM,makeshift shaving kit,540 g,750 ml
wash_kit,ITEM,washing kit,866 g,2246 ml
hair_dye_kit,ITEM,hair dye kit,154 g,2250 ml
makeup_kit,ITEM,makeup kit,,
beartrap,ITEM,bear trap,14000 g,1500 ml
light_snare_kit,ITEM,light snare kit,2500 g,3150 ml
board_trap,ITEM,nailboard trap,3917 g,3750 ml
boobytrap,ITEM,booby trap,586 g,750 ml
bubblewrap,ITEM,bubble wrap,6 g,250 ml
caltrops,ITEM,caltrops,264 g,250 ml
caltrops_glass,ITEM,caltrops_glass,264 g,500 ml
crossbow_trap,ITEM,crossbow trap,1772 g,1750 ml
landmine,ITEM,land mine,2360 g,500 ml
shotgun_trap,ITEM,shotgun trap,2922 g,1750 ml
tripwire,ITEM,tripwire trap,40 g,250 ml
caltrops_teeth,ITEM,caltrops_teeth,264 g,500 ml
generic_folded_vehicle,ITEM,generic_folded_vehicle,,0 ml
folded_bicycle,ITEM,folded Bicycle,20786 g,18500 ml
folded_wheelchair_generic,ITEM,folded wheelchair,10448 g,12000 ml
folded_inflatable_boat,ITEM,inflatable boat,32282 g,7500 ml
folded_skateboard_generic,ITEM,skateboard,2898 g,3750 ml
ax,ITEM,wood axe,2227 g,2000 ml
bow_saw,ITEM,bow saw,750 g,3500 ml
chainsaw_off,ITEM,chainsaw (off),6577 g,2500 ml
chainsaw_on,ITEM,chainsaw (on),,
polesaw_off,ITEM,pole saw (off),9525 g,2500 ml
polesaw_on,ITEM,pole saw (on),,
circsaw_off,ITEM,circular saw (off),2940 g,750 ml
circsaw_on,ITEM,circular saw (on),,
copper_ax,ITEM,copper hatchet,379 g,1000 ml
bronze_axe,ITEM,bronze axe,1489 g,2000 ml
hatchet,ITEM,hatchet,907 g,1 L
luthier_toolset,ITEM,luthier toolset,1600 g,1500 ml
elec_chainsaw_off,ITEM,electric chainsaw (off),6577 g,2500 ml
elec_chainsaw_on,ITEM,electric chainsaw (on),,
elec_chainsaw_cord_off,ITEM,corded electric chainsaw (off),,
elec_chainsaw_cord_on,ITEM,corded electric chainsaw (on),,
hand_axe,ITEM,stone axe head,453 g,230 ml
makeshift_axe,ITEM,metal axe head,,
primitive_adze,ITEM,stone adze,950 g,1 L
primitive_axe,ITEM,stone axe,822 g,1 L
saw,ITEM,wood saw,283 g,1 L
stone_chisel,ITEM,stone chisel,600 g,250 ml
adobe_pallet_full_active,ITEM,pallet of wet adobe bricks,220 kg,220000 ml
adobe_pallet_done,ITEM,pallet of dry adobe bricks,220 kg,220000 ml
acetylene_machine,ITEM,acetylene-gas machine,8 kg,3 L
angle_grinder,ITEM,angle grinder,2780 g,1750 ml
grinder_cutoff_disc,ITEM,cutoff disc,349 g,250 ml
grinder_metal_grinding_disc,ITEM,metal grinding disc,349 g,250 ml
carding_paddles,ITEM,carding_paddles,360 g,500 ml
makeshift_vacuum_mold,ITEM,makeshift vacuum mold,2 kg,5 L
vac_mold,ITEM,vacuum molder,1770 g,4100 ml
chipper,ITEM,paint chipper,60 g,300 ml
clamp,ITEM,clamp,320 g,300 ml
claw_bar,ITEM,claw bar,318 g,470 ml
con_mix_foldable,ITEM,concrete mixer,40823 g,250 L
cordless_drill,ITEM,cordless drill,2721 g,750 ml
corded_powerdrill,ITEM,power drill,2721 g,750 ml
cordless_impact_wrench,ITEM,cordless impact wrench,2900 g,900 ml
distaff_spindle,ITEM,distaff and spindle,612 g,1500 ml
elec_jackhammer,ITEM,electric jackhammer,27 kg,31 L
corded_demolition_hammer,ITEM,demolition hammer,20 kg,12 L
hacksaw,ITEM,hacksaw,952 g,1 L
tin_snips,ITEM,tin_snips,400 g,500 ml
hammer,ITEM,hammer,566 g,320 ml
hammer_bronze,ITEM,bronze hammer,500 g,
hammer_peen,ITEM,ball-peen hammer,566 g,320 ml
nail_puller_bronze,ITEM,bronze nail puller,650 g,340 ml
saw_bronze,ITEM,bronze wood saw,450 g,1 L
hand_drill,ITEM,hand drill,907 g,250 ml
hose,ITEM,rubber hose,544 g,500 ml
jack,ITEM,bottle jack,5 kg,1500 ml
jack_makeshift,ITEM,makeshift jack,1800 g,1 L
jack_small,ITEM,scissor jack,3 kg,750 ml
jackhammer,ITEM,jackhammer,24 kg,13330 ml
kiln,ITEM,electric kiln,12 kg,7500 ml
large_repairkit,ITEM,gunsmith repair kit,9860 g,2500 ml
makeshift_hammer,ITEM,makeshift hammer,1020 g,320 ml
bronze_file,ITEM,bronze fileset,,
metal_file,ITEM,metal fileset,76 g,250 ml
metal_smoother,ITEM,metallic smoother,362 g,400 ml
misc_repairkit,ITEM,miscellaneous repair kit,386 g,1500 ml
multitool,ITEM,multitool,250 g,70 ml
camping_multitool,ITEM,camping multitool,212 g,70 ml
oxy_torch,ITEM,acetylene torch,1600 g,1 L
paint_brush,ITEM,paint brush,60 g,350 ml
pickaxe,ITEM,pickaxe,4535 g,3 L
bronze_pickaxe,ITEM,bronze pickaxe,6 kg,3 L
pin_reamer,ITEM,pin reamer,76 g,20 ml
pliers,ITEM,pliers,225 g,107 ml
big_pliers,ITEM,big_pliers,800 g,280 ml
pliers_locking,ITEM,pliers_locking,320 g,222 ml
polisher,ITEM,electric polisher,1 kg,3500 ml
primitive_hammer,ITEM,stone hammer,1020 g,400 ml
reciprocating_saw,ITEM,reciprocating saw,2 kg,3 L
robofac_gun_kit,ITEM,Hub 01 HWP maintenance kit,500 g,250 ml
screwdriver,ITEM,screwdriver,170 g,40 ml
screwdriver_set,ITEM,screwdriver set,340 g,500 ml
socket_screwdriver_set,ITEM,socket screwdriver set,340 g,500 ml
socket_wrench_set,ITEM,socket wrench set,1300 g,1200 ml
small_repairkit,ITEM,firearm repair kit,2420 g,1500 ml
soldering_iron,ITEM,soldering iron,90 g,120 ml
soldering_iron_portable,ITEM,portable soldering iron,,
lug_wrench,ITEM,lug wrench,1565 g,460 ml
toolbox_empty,ITEM,toolbox,4377 g,8 L
toolbox_workshop_empty,ITEM,workshop toolbox,8618 g,34400 ml
welder,ITEM,arc welder,4200 g,2500 ml
welder_crude,ITEM,makeshift arc welder,7250 g,3500 ml
welding_kit,ITEM,high-temperature welding kit,10500 g,12500 ml
wood_smoother,ITEM,wooden smoother,2 kg,3500 ml
xacto,ITEM,X-Acto knife,23 g,20 ml
wrench_small,ITEM,small adjustable wrench,110 g,20 ml
wrench,ITEM,adjustable wrench,417 g,75 ml
wrench_large,ITEM,large adjustable wrench,1900 g,250 ml
wrench_48,ITEM,heavy-duty pipe wrench,14 kg,1945 ml
makeshift_hose,ITEM,leather hose,600 g,500 ml
makeshift_hand_drill,ITEM,makeshift hand drill,1354 g,1 L
wire_draw_machine,ITEM,wire draw machine,26 kg,20 L
propane_torch,ITEM,propane torch,1600 g,1 L
block_and_tackle,ITEM,block and tackle,500 g,400 ml
block_and_tackle_wood,ITEM,wooden block and tackle,230 g,400 ml
welding_blanket,ITEM,welding blanket,6 kg,11500 ml
makeshift_welding_blanket,ITEM,makeshift welding blanket,3 kg,11500 ml
thread_cutting_set,ITEM,thread cutting set,1500 g,750 ml
fanning_mill,ITEM,fanning mill,15 kg,75 L
bench_vise,ITEM,bench vise,5443 g,746 ml
exodii_kiln,ITEM,Exodii kiln,175 kg,1000 L
monkey_tool,ITEM,monkey tool,1 kg,125 ml
nail_header,ITEM,nail header,500 g,64 ml
nail_header_bronze,ITEM,bronze nail header,,
razor_blade_taped,ITEM,taped razorblade,,
alternator_car,ITEM,car alternator,4000 g,2500 ml
alternator_motorbike,ITEM,motorbike alternator,1100 g,1 L
alternator_bicycle,ITEM,bicycle alternator,420 g,133 ml
alternator_truck,ITEM,truck alternator,5800 g,3 L
yoke_harness,ITEM,yoke and harness,1000 g,3750 ml
yoke_harness_heavyduty,ITEM,reinforced yoke and harness,35000 g,20 L
rebar_plate,ITEM,rebar grate,2200 g,3 L
spring_plate,ITEM,shock absorber,22540 g,3 L
battery_car,ITEM,car battery,20 kg,10 L
battery_motorbike,ITEM,motorbike battery,3000 g,1500 ml
battery_motorbike_small,ITEM,small motorbike battery,1500 g,750 ml
it_battery_mount,ITEM,storage battery case,1231 g,2250 ml
it_handheld_battery_mount,ITEM,tool battery mount,400 g,300 ml
large_storage_battery,ITEM,very large storage battery,150 kg,50 L
medium_storage_battery,ITEM,medium storage battery,15 kg,5 L
small_storage_battery,ITEM,small storage battery,1500 g,500 ml
storage_battery,ITEM,large storage battery,75 kg,25 L
boat_board,ITEM,wooden boat hull,3000 g,12500 ml
raft_board,ITEM,raft boat hull,6000 g,12500 ml
plastic_boat_hull,ITEM,plastic boat hull,1500 g,12500 ml
carbonfiber_boat_hull,ITEM,carbon fiber boat hull,500 g,12500 ml
hand_paddles,ITEM,hand_paddles,8 kg,16 L
sail,ITEM,sail,4 kg,7500 ml
inflatable_section,ITEM,inflatable_section,3000 g,12500 ml
inflatable_airbag,ITEM,inflatable_airbag,3000 g,12500 ml
aluminum_boat_hull,ITEM,aluminum boat hull,2250 g,12500 ml
basket,ITEM,wire basket,6000 g,22500 ml
bike_rack,ITEM,bike rack,4000 g,6250 ml
cargo_lock,ITEM,cargo lock set,500 g,250 ml
folding_basket,ITEM,foldable wire basket,7000 g,
bike_basket,ITEM,bike basket,1200 g,5 L
cargo_rack,ITEM,cargo carrier,85330 g,50 L
cargo_aisle,ITEM,floor trunk,19200 g,50 L
livestock_carrier,ITEM,livestock carrier,96000 g,62500 ml
mounted_spare_tire,ITEM,mounted spare tire,27600 g,18750 ml
animal_locker,ITEM,animal locker,10000 g,31250 ml
nose_plate,ITEM,nose plate,6000 g,7 L
camera_control,ITEM,security camera display,11234 g,4 L
omnicamera,ITEM,security camera,1100 g,2 L
omnicamera_reinforced,ITEM,reinforced security camera,1400 g,
vehicle_controls,ITEM,vehicle controls,6000 g,3 L
reins_tackle,ITEM,rein and tackle,500 g,1200 ml
vehicle_dashboard,ITEM,dashboard,2821 g,10 L
electronics_controls,ITEM,electronics control unit,1311 g,1500 ml
drive_by_wire_controls,ITEM,drive by wire controls,3000 g,3750 ml
robot_controls,ITEM,robot driving unit,2000 g,5 L
turret_controls,ITEM,turret control unit,4000 g,9 L
hand_controls,ITEM,hand_controls,1200 g,740 ml
pedal_extenders,ITEM,pedal_extenders,1200 g,740 ml
pedal_extenders_makeshift,ITEM,pedal_extenders_makeshift,388 g,656 ml
1cyl_combustion,ITEM,0.05 L 1-cylinder engine,3750 g,12 L
1cyl_combustion_large,ITEM,0.2 L large 1-cylinder engine,28 kg,42 L
1cyl_combustion_med,ITEM,0.2 L medium 1-cylinder engine,15 kg,43793 ml
engine_1cyl_diesel_large,ITEM,0.2 L large 1-cylinder diesel engine,28 kg,42 L
1cyl_combustion_small,ITEM,0.02 L small 1-cylinder engine,2200 g,6 L
aero_engine_light,ITEM,5.24 L light aero-engine,126 kg,182 L
i4_combustion,ITEM,1.6 L I4 engine,120 kg,164 L
i4_diesel,ITEM,1.6 L I4 diesel engine,120 kg,166 L
i1_diesel,ITEM,0.5 L I1 diesel engine,57 kg,66 L
i6_diesel,ITEM,6 L I6 diesel engine,580 kg,500 L
v2_combustion,ITEM,0.6 L V2 engine,42 kg,70 L
v6_combustion,ITEM,2.8 L V6 engine,203 kg,191 L
v6_diesel,ITEM,2.8 L V6 diesel engine,207 kg,194 L
v8_combustion,ITEM,4.5 L V8 engine,238 kg,251 L
v8_diesel,ITEM,4.5 L V8 diesel engine,242 kg,256 L
v12_combustion,ITEM,7 L V12 engine,240 kg,248 L
v12_diesel,ITEM,7 L V12 diesel engine,244 kg,253 L
steam_watts_small,ITEM,makeshift steam engine,225000 g,62500 ml
steam_triple_small,ITEM,small steam engine,180000 g,37500 ml
steam_triple_medium,ITEM,medium steam engine,280000 g,57500 ml
engine_block_massive,ITEM,massive engine block,96 kg,96 L
engine_block_large,ITEM,large engine block,95 kg,95 L
engine_block_medium,ITEM,medium engine block,81 kg,81 L
engine_block_small,ITEM,small engine block,23 kg,23 L
engine_block_tiny,ITEM,tiny engine block,10 kg,10 L
small_turbine_engine,ITEM,25 L 650 HP gas turbine engine,250 kg,260 L
medium_turbine_engine,ITEM,"38 L 1,900 HP gas turbine engine",400 kg,400 L
large_turbine_engine,ITEM,"119.5 L 6,000 HP gas turbine engine",900 kg,900 L
xedra_genset,ITEM,prototype multifuel genset,15 kg,43793 ml
cantilever_medium,ITEM,steel boom,31600 g,12500 ml
cantilever_small,ITEM,telescopic cantilever,12000 g,3 L
pallet_lifter,ITEM,pallet lifter,12000 g,3 L
v_rockwheel_item,ITEM,rockwheel,62000 g,80 L
v_airjack_item,ITEM,airjack,21000 g,8750 ml
v_motorcycle_kickstand_item,ITEM,motorcycle kickstand,500 g,500 ml
v_scoop_item,ITEM,vehicle scoop,22666 g,7 L
v_planter_item,ITEM,seed drill,,
v_reaper_item,ITEM,reaper,,
v_reaper_item_advanced,ITEM,advanced reaper,25000 g,9 L
v_planter_item_advanced,ITEM,advanced seed drill,32666 g,7250 ml
v_plow_item,ITEM,plow,32666 g,7250 ml
foldframe,ITEM,foldable light frame,5000 g,10 L
xlframe,ITEM,extra-light frame,1677 g,
foldxlframe,ITEM,foldable extra-light frame,,
frame,ITEM,steel frame,20000 g,15 L
hdframe,ITEM,heavy-duty frame,100000 g,20 L
frame_wood,ITEM,wooden frame,8000 g,15 L
foldwoodframe,ITEM,foldable wooden frame,4000 g,12500 ml
frame_wood_light,ITEM,light wooden frame,4000 g,8750 ml
frame_wood_deck,ITEM,skateboard deck,1500 g,8750 ml
frame_concrete_mix,ITEM,frame_concrete_mix,9700 g,10 L
fuel_bunker,ITEM,fuel bunker,22000 g,55 L
car_headlight,ITEM,car headlight,1000 g,1 L
motorcycle_headlight,ITEM,motorcycle headlight,500 g,250 ml
car_wide_headlight,ITEM,wide-angle car headlight,2000 g,1250 ml
headlight_reinforced,ITEM,reinforced headlight,1200 g,
wide_headlight_reinforced,ITEM,reinforced wide-angle headlight,4800 g,1250 ml
light_emergency_red,ITEM,emergency vehicle light (red),500 g,
light_emergency_blue,ITEM,emergency vehicle light (blue),,
floodlight,ITEM,floodlight,2500 g,2 L
directed_floodlight,ITEM,directed floodlight,,
hand_rims,ITEM,set of hand rims,816 g,500 ml
foot_crank,ITEM,foot crank,,
wind_turbine,ITEM,wind turbine,50000 g,20 L
xl_wind_turbine,ITEM,large wind turbine,150000 g,60 L
water_wheel,ITEM,water wheel,80000 g,30 L
xl_water_wheel,ITEM,large water wheel,210000 g,60 L
motor,ITEM,electric motor,46 kg,30 L
motor_enhanced,ITEM,enhanced electric motor,120 kg,140 L
motor_super,ITEM,super electric motor,140 kg,200 L
motor_large,ITEM,large electric motor,90 kg,75 L
motor_small,ITEM,small electric motor,4 kg,6 L
motor_tiny,ITEM,tiny electric motor,2500 g,750 ml
motor_train1300,ITEM,"1,300 HP electric train engine",2000 kg,250 L
muffler,ITEM,muffler,9525 g,3500 ml
beeper,ITEM,back-up beeper,360 g,250 ml
stereo,ITEM,stereo system,800 g,3500 ml
chimes,ITEM,chimes,2600 g,4 L
sheet_metal,ITEM,sheet_metal,6 kg,1 L
wood_plate,ITEM,wooden armor kit,5600 g,3 L
steel_plate,ITEM,steel_plate,12880 g,3 L
alloy_plate,ITEM,alloy_plate,10800 g,6 L
alloy_sheet,ITEM,superalloy sheet,900 g,500 ml
spiked_plate,ITEM,spiked_plate,12240 g,3500 ml
hard_plate,ITEM,hard plating,32640 g,3 L
mil_plate,ITEM,military composite plating,16500 g,3 L
chitin_plate,ITEM,chitin armor kit,2000 g,5500 ml
acidchitin_plate,ITEM,biosilicified chitin armor kit,,
counterweight,ITEM,counterweight,750 kg,330 L
tearer,ITEM,shredder,29955 g,7500 ml
forgerig,ITEM,vehicle forge rig,,
kilnrig,ITEM,vehicle kiln,,
weldkit,ITEM,vehicle high-temperature welding kit,,
heavy_duty_military_rotor,ITEM,heavy-duty military rotors,452000 g,452000 ml
small_helicopter_rotor,ITEM,small civilian helicopter rotors,251000 g,251000 ml
seat,ITEM,bucket seat,9071 g,7500 ml
seat_leather,ITEM,leather bucket seat,,
seat_bench,ITEM,bench seat,9071 g,7500 ml
seat_bench_leather,ITEM,leather bench seat,,
saddle,ITEM,saddle,300 g,1250 ml
solar_panel,ITEM,vehicle solar panel,2630 g,12500 ml
ground_solar_panel,ITEM,solar panel array,,
folding_solar_panel,ITEM,small folding solar panel,5700 g,7473 ml
folding_solar_panel_deployed,ITEM,deployed folding solar panel,,
folding_solar_panel_v2,ITEM,solar suitcase,17500 g,39400 ml
folding_solar_panel_v2_deployed,ITEM,deployed solar suitcase,,
reinforced_solar_panel,ITEM,vehicle reinforced solar panel,24153 g,6500 ml
solar_panel_v2,ITEM,vehicle advanced solar panel,,
ground_solar_panel_v2,ITEM,advanced solar panel array,,
reinforced_solar_panel_v2,ITEM,vehicle advanced reinforced solar panel,,
solar_cell,ITEM,solar cell,500 g,250 ml
solar_cell_v2,ITEM,advanced solar cell,,
v_table,ITEM,fancy table,9071 g,13500 ml
w_table,ITEM,wooden table,10071 g,
workbench,ITEM,workbench (folded),18370 g,44700 ml
workbench_with_recharger,ITEM,workbench with battery recharger (folded),20370 g,
turret_mount,ITEM,turret mount,10000 g,2500 ml
black_box,ITEM,military black box,4535 g,2 L
mountable_cooler,ITEM,vehicle cooler,12500 g,7500 ml
integrated_cooler,ITEM,small integrated cooler,6000 g,3750 ml
mountable_heater,ITEM,vehicle heater,12500 g,7500 ml
mountable_heater_small,ITEM,small vehicle heater,6000 g,3750 ml
towel_hanger,ITEM,towel hanger,2 kg,2500 ml
recharge_station,ITEM,recharging station,10 kg,5 L
battery_charger,ITEM,battery charger,100 g,250 ml
washing_machine,ITEM,vehicle washing machine,15000 g,90 L
programmable_autopilot,ITEM,programmable autopilot,11246 g,10 L
vh_autoclave,ITEM,vehicle autoclave,34500 g,76 L
dishwasher,ITEM,vehicle dishwasher,,
fridgetank,ITEM,refrigerated tank (60 L),48 kg,72 L
fridgetank_large,ITEM,refrigerated tank (100 L),67 kg,112 L
heattank,ITEM,heated tank,,
water_faucet,ITEM,water faucet,900 g,750 ml
wheel_mount_wood,ITEM,wooden wheel mount,100 g,250 ml
wheel_mount_light,ITEM,light wheel mount,150 g,250 ml
wheel_mount_medium,ITEM,medium wheel hub assembly,5 kg,6 L
wheel_mount_heavy,ITEM,heavy wheel hub assembly,6 kg,7 L
wheel_mount_skateboard,ITEM,wheel_mount_skateboard,600 g,250 ml
wheel_rim_medium,ITEM,medium steel rim,5245 g,28 L
wheel_rim_motorbike,ITEM,steel motorbike rim,3000 g,12 L
wheel_rim_wide,ITEM,wide steel rim,7600 g,70 L
wheel_rim_bicycle,ITEM,bicycle rim,750 g,11 L
tire_medium,ITEM,"17"" car tire",3600 g,10 L
tire_medium_slick,ITEM,"16"" racing tire",7355 g,13750 ml
tire_motorbike,ITEM,"16"" motorbike tire",2443 g,8250 ml
tire_motorbike_or,ITEM,"20"" off-road motorbike tire",,
tire_wide,ITEM,"24"" wide tire",15000 g,17500 ml
tire_wide_or,ITEM,"24"" off-road wide tire",,
tire_bicycle,ITEM,"27"" bicycle tire",750 g,2 L
tire_bicycle_or,ITEM,"27"" off-road bicycle tire",,
deflated_wheel,ITEM,"deflated 17"" wheel",8845 g,28 L
deflated_wheel_slick,ITEM,"deflated 16"" racing wheel",12600 g,28 L
deflated_wheel_motorbike,ITEM,"deflated 16"" motorbike wheel",5443 g,12 L
deflated_wheel_motorbike_or,ITEM,"deflated 20"" off-road motorbike wheel",,
deflated_wheel_wide,ITEM,"deflated 24"" wide wheel",22600 g,70 L
deflated_wheel_wide_or,ITEM,"deflated 24"" off-road wide wheel",,
deflated_wheel_bicycle,ITEM,"deflated 27"" bicycle wheel",1500 g,11 L
deflated_wheel_bicycle_or,ITEM,"deflated 27"" off-road bicycle wheel",,
wheel,ITEM,wheel,8845 g,28 L
wheel_slick,ITEM,racing wheel,12600 g,28 L
wheel_armor,ITEM,armored wheel,24500 g,17500 ml
wheel_barrow,ITEM,wheelbarrow wheel,2722 g,2250 ml
wheel_bicycle,ITEM,bicycle wheel,1500 g,11 L
wheel_bicycle_or,ITEM,off-road bicycle wheel,,
wheel_caster,ITEM,set of small casters,1150 g,1250 ml
wheel_caster_large,ITEM,set of medium casters,2700 g,3150 ml
wheel_10,ITEM,set of small cart wheels,4 kg,4 L
wheel_metal,ITEM,metal wheel,18239 g,8750 ml
wheel_rail,ITEM,rail wheel,18239 g,8750 ml
wheel_rail_small_pair,ITEM,wheel_rail_small_pair,12239 g,
wheel_motorbike,ITEM,motorbike wheel,5443 g,12 L
wheel_motorbike_or,ITEM,off-road motorbike wheel,,
hd_steel_drum,ITEM,roller drum,3200 kg,450 L
wheel_small,ITEM,small wheel,2722 g,2250 ml
wheel_skate,ITEM,skate wheel,200 g,200 ml
wheel_skateboard,ITEM,set of skateboard wheels,800 g,800 ml
wheel_tricycle,ITEM,set of tricycle wheels,750 g,750 ml
wheel_wheelchair,ITEM,wheel_wheelchair,3000 g,12500 ml
wheel_wide,ITEM,wide wheel,22600 g,70 L
wheel_wide_or,ITEM,off-road wide wheel,,
wheel_wood,ITEM,wooden cart wheel,4500 g,8750 ml
wheel_wood_b,ITEM,banded wooden cart wheel,,
wheel_mount_concrete_mix,ITEM,wheel_mount_concrete_mix,300 g,500 ml
wheel_set_concrete_mix,ITEM,wheel_set_concrete_mix,5444 g,5500 ml
